customerID,tenure,MonthlyCharges,Contract,TechSupport,OnlineSecurity,Churn_Probability,Risk_Level,Recommended_Action
7590-VHVEG,1,29.85,Month-to-month,No,No,0.28,Low Risk,📧 Send re-engagement email
5575-GNVDE,34,56.95,One year,No,Yes,0.0,,✅ Monitor
7795-CFOCW,45,42.3,One year,Yes,Yes,0.0,,✅ Monitor
1452-KIOVK,22,89.1,Month-to-month,No,No,0.45,Medium Risk,🎯 Assign dedicated support agent
6713-OKOMC,10,29.75,Month-to-month,No,Yes,0.1,Low Risk,✅ Monitor
6388-TABGU,62,56.15,One year,No,Yes,0.02,Low Risk,✅ Monitor
9763-GRSKD,13,49.95,Month-to-month,No,Yes,0.02,Low Risk,💰 Offer annual plan discount
7469-LKBCI,16,18.95,Two year,No internet service,No internet service,0.0,,✅ Monitor
8091-TTVAX,58,100.35,One year,No,No,0.11,Low Risk,🎯 Assign dedicated support agent
5129-JLPIS,25,105.5,Month-to-month,Yes,Yes,0.51,Medium Risk,💰 Offer annual plan discount
3655-SNQYZ,69,113.25,Two year,Yes,Yes,0.01,Low Risk,✅ Monitor
8191-XWSZG,52,20.65,One year,No internet service,No internet service,0.02,Low Risk,✅ Monitor
9959-WOFKT,71,106.7,Two year,No,Yes,0.04,Low Risk,🎯 Assign dedicated support agent
4183-MYFRB,21,90.05,Month-to-month,No,No,0.19,Low Risk,🎯 Assign dedicated support agent
1680-VDCWW,12,19.8,One year,No internet service,No internet service,0.01,Low Risk,✅ Monitor
3638-WEABW,58,59.9,Two year,Yes,No,0.0,,🔒 Offer OnlineSecurity add-on
6322-HRPFA,49,59.6,Month-to-month,Yes,Yes,0.08,Low Risk,💰 Offer annual plan discount
6865-JZNKO,30,55.3,Month-to-month,No,Yes,0.04,Low Risk,💰 Offer annual plan discount
5248-YGIJN,72,90.25,Two year,Yes,Yes,0.0,,✅ Monitor
3841-NFECX,71,96.35,Two year,Yes,Yes,0.01,Low Risk,✅ Monitor
4929-XIHVW,2,95.5,Month-to-month,No,No,0.38,Medium Risk,📧 Send re-engagement email
6827-IEAUQ,27,66.15,One year,Yes,Yes,0.03,Low Risk,✅ Monitor
7310-EGVHZ,1,20.2,Month-to-month,No internet service,No internet service,0.15060226377021216,Low Risk,📧 Send re-engagement email
3413-BMNZE,1,45.25,Month-to-month,No,No,0.19,Low Risk,📧 Send re-engagement email
6234-RAAPL,72,99.9,Two year,Yes,Yes,0.0,,✅ Monitor
6572-ADKRS,46,74.8,Month-to-month,No,No,0.11,Low Risk,🔒 Offer OnlineSecurity add-on
8865-TNMNX,10,49.55,One year,No,No,0.04,Low Risk,🔒 Offer OnlineSecurity add-on
9489-DEDVP,70,69.2,Two year,No,Yes,0.0,,✅ Monitor
9867-JCZSP,17,20.75,One year,No internet service,No internet service,0.0,,✅ Monitor
4671-VJLCL,63,79.85,Two year,Yes,Yes,0.0,,✅ Monitor
4080-IIARD,13,76.2,Month-to-month,Yes,Yes,0.11,Low Risk,💰 Offer annual plan discount
3714-NTNFO,49,84.5,Month-to-month,No,No,0.2,Low Risk,🎯 Assign dedicated support agent
5948-UJZLF,2,49.25,Month-to-month,No,No,0.2,Low Risk,📧 Send re-engagement email
7639-LIAYI,52,79.75,Two year,Yes,Yes,0.0,,✅ Monitor
2954-PIBKO,69,64.15,Two year,Yes,Yes,0.03,Low Risk,✅ Monitor
8012-SOUDQ,43,90.25,Month-to-month,No,No,0.11,Low Risk,🎯 Assign dedicated support agent
6575-SUVOI,25,69.5,Month-to-month,Yes,Yes,0.05,Low Risk,💰 Offer annual plan discount
4667-QONEA,60,74.85,One year,Yes,Yes,0.0,,✅ Monitor
8769-KKTPH,63,99.65,One year,No,Yes,0.06,Low Risk,🎯 Assign dedicated support agent
5067-XJQFU,66,108.45,One year,Yes,No,0.07,Low Risk,🔒 Offer OnlineSecurity add-on
3957-SQXML,34,24.95,Two year,No internet service,No internet service,0.01,Low Risk,✅ Monitor
5954-BDFSG,72,107.5,Two year,Yes,No,0.09,Low Risk,🔒 Offer OnlineSecurity add-on
0434-CSFON,47,100.5,Month-to-month,No,No,0.16,Low Risk,🎯 Assign dedicated support agent
1215-FIGMP,60,89.9,Month-to-month,No,No,0.14,Low Risk,🎯 Assign dedicated support agent
0526-SXDJP,72,42.1,Two year,No,Yes,0.01,Low Risk,✅ Monitor
0557-ASKVU,18,54.4,One year,Yes,No,0.06,Low Risk,🔒 Offer OnlineSecurity add-on
5122-CYFXA,3,75.3,Month-to-month,Yes,No,0.21,Low Risk,📧 Send re-engagement email
8627-ZYGSZ,47,78.9,One year,No,No,0.03,Low Risk,🔒 Offer OnlineSecurity add-on
3410-YOQBQ,31,79.2,Two year,Yes,No,0.0,,🔒 Offer OnlineSecurity add-on
3170-NMYVV,50,20.15,Two year,No internet service,No internet service,0.0,,✅ Monitor
7410-OIEDU,10,79.85,Month-to-month,No,Yes,0.06,Low Risk,✅ Monitor
2273-QCKXA,1,49.05,Month-to-month,Yes,No,0.15,Low Risk,📧 Send re-engagement email
0731-EBJQB,52,20.4,One year,No internet service,No internet service,0.0,,✅ Monitor
1891-QRQSA,64,111.6,Two year,Yes,Yes,0.13,Low Risk,✅ Monitor
8028-PNXHQ,62,24.25,Two year,No internet service,No internet service,0.0,,✅ Monitor
5630-AHZIL,3,64.5,Month-to-month,Yes,Yes,0.22,Low Risk,📧 Send re-engagement email
2673-CXQEU,56,110.5,One year,No,Yes,0.19,Low Risk,🎯 Assign dedicated support agent
6416-JNVRK,46,55.65,One year,No,No,0.05,Low Risk,🔒 Offer OnlineSecurity add-on
5590-ZSKRV,8,54.65,Month-to-month,No,Yes,0.08,Low Risk,✅ Monitor
0191-ZHSKZ,30,74.75,Month-to-month,No,Yes,0.09,Low Risk,💰 Offer annual plan discount
3887-PBQAO,45,25.9,One year,No internet service,No internet service,0.01,Low Risk,✅ Monitor
8108-UXRQN,11,50.55,Month-to-month,No,Yes,0.1,Low Risk,✅ Monitor
9919-YLNNG,42,103.8,Month-to-month,Yes,No,0.09,Low Risk,🔒 Offer OnlineSecurity add-on
0318-ZOPWS,49,20.15,Two year,No internet service,No internet service,0.0,,✅ Monitor
4445-ZJNMU,9,99.3,Month-to-month,No,No,0.88,High Risk,🎯 Assign dedicated support agent
4808-YNLEU,35,62.15,One year,No,Yes,0.01,Low Risk,✅ Monitor
1862-QRWPE,48,20.65,Two year,No internet service,No internet service,0.0,,✅ Monitor
2796-NNUFI,46,19.95,Two year,No internet service,No internet service,0.0,,✅ Monitor
3016-KSVCP,29,33.75,Month-to-month,No,No,0.11,Low Risk,🔒 Offer OnlineSecurity add-on
4767-HZZHQ,30,82.05,Month-to-month,No,No,0.09,Low Risk,🎯 Assign dedicated support agent
2424-WVHPL,1,74.7,Month-to-month,Yes,No,0.12,Low Risk,📧 Send re-engagement email
7233-PAHHL,66,84.0,Two year,Yes,Yes,0.04,Low Risk,✅ Monitor
6067-NGCEU,65,111.05,Month-to-month,No,Yes,0.04,Low Risk,🎯 Assign dedicated support agent
9848-JQJTX,72,100.9,Two year,No,No,0.01,Low Risk,🎯 Assign dedicated support agent
9803-FTJCG,71,66.85,One year,Yes,Yes,0.01,Low Risk,✅ Monitor
3212-KXOCR,52,21.0,Two year,No internet service,No internet service,0.0,,✅ Monitor
6380-ARCEH,1,20.2,Month-to-month,No internet service,No internet service,0.42492841693546646,Medium Risk,📧 Send re-engagement email
3679-XASPY,1,19.45,Month-to-month,No internet service,No internet service,0.5658167431217571,Medium Risk,📧 Send re-engagement email
7123-WQUHX,38,95.0,One year,Yes,No,0.03,Low Risk,🔒 Offer OnlineSecurity add-on
5386-THSLQ,66,45.55,One year,No,No,0.02,Low Risk,🔒 Offer OnlineSecurity add-on
6180-YBIQI,5,24.3,Month-to-month,No,No,0.19,Low Risk,🔒 Offer OnlineSecurity add-on
6728-DKUCO,72,104.15,One year,No,Yes,0.02,Low Risk,🎯 Assign dedicated support agent
9750-BOOHV,32,30.15,One year,No,Yes,0.02,Low Risk,✅ Monitor
8597-CWYHH,43,94.35,One year,No,No,0.09,Low Risk,🎯 Assign dedicated support agent
2848-YXSMW,72,19.4,Two year,No internet service,No internet service,0.0,,✅ Monitor
4549-ZDQYY,52,57.95,One year,Yes,Yes,0.02,Low Risk,✅ Monitor
5712-AHQNN,43,91.65,Month-to-month,No,No,0.12,Low Risk,🎯 Assign dedicated support agent
5256-SKJGO,64,54.6,Two year,Yes,No,0.04,Low Risk,🔒 Offer OnlineSecurity add-on
3071-VBYPO,3,89.85,Month-to-month,No,Yes,0.1,Low Risk,📧 Send re-engagement email
9560-BBZXK,36,31.05,Two year,No,Yes,0.04,Low Risk,✅ Monitor
8402-OOOHJ,41,20.65,Two year,No internet service,No internet service,0.0,,✅ Monitor
9445-ZUEQE,27,85.2,Month-to-month,Yes,No,0.12,Low Risk,🔒 Offer OnlineSecurity add-on
1091-SOZGA,56,99.8,One year,No,No,0.08,Low Risk,🎯 Assign dedicated support agent
2928-HLDBA,6,20.7,Month-to-month,No internet service,No internet service,0.03,Low Risk,✅ Monitor
6497-TILVL,7,50.7,Month-to-month,No,Yes,0.13,Low Risk,✅ Monitor
7219-TLZHO,4,20.85,Month-to-month,No internet service,No internet service,0.11,Low Risk,✅ Monitor
4622-YNKIJ,33,88.95,Two year,Yes,Yes,0.03,Low Risk,✅ Monitor
6734-PSBAW,72,23.55,Two year,No internet service,No internet service,0.01,Low Risk,✅ Monitor
3930-ZGWVE,1,19.75,Month-to-month,No internet service,No internet service,0.6947802751937925,High Risk,📧 Send re-engagement email
2639-UGMAZ,71,56.45,One year,No,Yes,0.05,Low Risk,✅ Monitor
2876-GZYZC,13,85.95,Month-to-month,No,No,0.35,Medium Risk,🎯 Assign dedicated support agent
8587-XYZSF,67,50.55,Two year,Yes,No,0.02,Low Risk,🔒 Offer OnlineSecurity add-on
7799-LGRDP,43,25.7,Two year,No internet service,No internet service,0.03,Low Risk,✅ Monitor
7850-VWJUU,23,75.0,Month-to-month,No,Yes,0.1,Low Risk,💰 Offer annual plan discount
3774-VBNXY,64,20.2,Two year,No internet service,No internet service,0.0,,✅ Monitor
6217-KDYWC,57,19.6,Two year,No internet service,No internet service,0.01,Low Risk,✅ Monitor
3146-MSEGF,72,88.05,Two year,Yes,Yes,0.0,,✅ Monitor
1095-WGNGG,61,101.05,Two year,No,No,0.07,Low Risk,🎯 Assign dedicated support agent
2636-SJDOU,64,84.3,One year,No,Yes,0.01,Low Risk,🎯 Assign dedicated support agent
1131-QQZEB,71,23.95,Two year,No internet service,No internet service,0.0,,✅ Monitor
5716-EZXZN,65,99.05,Two year,Yes,Yes,0.02,Low Risk,✅ Monitor
6837-BJYDQ,3,19.6,One year,No internet service,No internet service,0.0,,✅ Monitor
6440-DKQGE,30,64.5,One year,No,No,0.03,Low Risk,🔒 Offer OnlineSecurity add-on
3466-BYAVD,15,69.5,Month-to-month,Yes,No,0.03,Low Risk,🔒 Offer OnlineSecurity add-on
3780-YVMFA,8,68.55,Month-to-month,Yes,No,0.37,Medium Risk,🔒 Offer OnlineSecurity add-on
1679-JRFBR,70,108.15,One year,No,Yes,0.02,Low Risk,🎯 Assign dedicated support agent
9073-ZZIAY,62,86.1,Two year,Yes,Yes,0.01,Low Risk,✅ Monitor
3077-RSNTJ,6,19.7,Month-to-month,No internet service,No internet service,0.08,Low Risk,✅ Monitor
6551-GNYDG,14,80.9,Month-to-month,No,No,0.28,Low Risk,🎯 Assign dedicated support agent
9167-APMXZ,22,84.15,Month-to-month,No,No,0.4,Medium Risk,🎯 Assign dedicated support agent
2749-CTKAJ,22,20.15,One year,No internet service,No internet service,0.0,,✅ Monitor
6371-NZYEG,16,64.25,Two year,No,Yes,0.02,Low Risk,✅ Monitor
7554-NEWDD,10,25.7,Two year,No internet service,No internet service,0.01,Low Risk,✅ Monitor
8992-VONJD,13,56.0,Month-to-month,No,Yes,0.1,Low Risk,💰 Offer annual plan discount
4482-EWFMI,2,69.7,Month-to-month,No,No,0.29,Low Risk,📧 Send re-engagement email
4648-YPBTM,53,73.9,Two year,Yes,No,0.03,Low Risk,🔒 Offer OnlineSecurity add-on
2907-ILJBN,11,20.6,One year,No internet service,No internet service,0.05,Low Risk,✅ Monitor
6345-FZOQH,69,19.9,Two year,No internet service,No internet service,0.0,,✅ Monitor
5997-OPVFA,72,89.05,Two year,Yes,Yes,0.0,,✅ Monitor
1159-WFSGR,16,20.4,Month-to-month,No internet service,No internet service,0.04,Low Risk,💰 Offer annual plan discount
7654-YWJUF,43,84.25,One year,Yes,Yes,0.04,Low Risk,✅ Monitor
6727-IOTLZ,14,81.95,Two year,Yes,No,0.11,Low Risk,🔒 Offer OnlineSecurity add-on
5918-VUKWP,32,20.55,One year,No internet service,No internet service,0.01,Low Risk,✅ Monitor
1744-JHKYS,34,24.7,Month-to-month,No internet service,No internet service,0.02,Low Risk,💰 Offer annual plan discount
5947-SGKCL,15,105.35,Month-to-month,No,No,0.29,Low Risk,🎯 Assign dedicated support agent
3712-PKXZA,61,20.55,One year,No internet service,No internet service,0.0,,✅ Monitor
6582-OIVSP,1,45.3,Month-to-month,No,No,0.09,Low Risk,📧 Send re-engagement email
5524-KHNJP,33,74.75,One year,No,Yes,0.1,Low Risk,✅ Monitor
4827-USJHP,20,51.8,Month-to-month,No,No,0.04,Low Risk,🔒 Offer OnlineSecurity add-on
8167-GJLRN,3,30.4,Month-to-month,Yes,No,0.11,Low Risk,📧 Send re-engagement email
0956-SYCWG,13,19.65,One year,No internet service,No internet service,0.0,,✅ Monitor
8017-UVSZU,40,56.6,Month-to-month,No,No,0.05,Low Risk,🔒 Offer OnlineSecurity add-on
7100-FQPRV,43,71.9,One year,Yes,Yes,0.06,Low Risk,✅ Monitor
2984-RGEYA,69,19.75,Two year,No internet service,No internet service,0.02,Low Risk,✅ Monitor
9680-NIAUV,72,109.7,Two year,No,Yes,0.01,Low Risk,🎯 Assign dedicated support agent
2146-EGVDT,59,19.3,Two year,No internet service,No internet service,0.01,Low Risk,✅ Monitor
2604-IJPDU,20,96.55,Month-to-month,Yes,Yes,0.43,Medium Risk,💰 Offer annual plan discount
9178-JHUVJ,24,24.1,Two year,No internet service,No internet service,0.02,Low Risk,✅ Monitor
6168-YBYNP,59,111.35,Month-to-month,Yes,No,0.12,Low Risk,🔒 Offer OnlineSecurity add-on
7255-SSFBC,72,112.25,Two year,Yes,No,0.0,,🔒 Offer OnlineSecurity add-on
3645-DEYGF,1,20.75,Month-to-month,No internet service,No internet service,0.17,Low Risk,📧 Send re-engagement email
9323-HGFWY,27,101.9,One year,Yes,Yes,0.09,Low Risk,✅ Monitor
8544-GOQSH,14,80.05,Month-to-month,Yes,No,0.15,Low Risk,🔒 Offer OnlineSecurity add-on
3363-DTIVD,71,105.55,Two year,No,Yes,0.01,Low Risk,🎯 Assign dedicated support agent
7018-WBJNK,13,78.3,Month-to-month,No,No,0.45,Medium Risk,🔒 Offer OnlineSecurity add-on
9142-KZXOP,44,68.85,Month-to-month,No,No,0.15,Low Risk,🔒 Offer OnlineSecurity add-on
7674-YTAFD,33,79.95,One year,Yes,No,0.05,Low Risk,🔒 Offer OnlineSecurity add-on
6348-SNFUS,72,55.45,Two year,Yes,Yes,0.0,,✅ Monitor
1347-KTTTA,64,102.45,One year,Yes,No,0.09,Low Risk,🔒 Offer OnlineSecurity add-on
4195-NZGTA,1,25.25,Month-to-month,No,No,0.27,Low Risk,📧 Send re-engagement email
7157-SMCFK,61,19.75,Two year,No internet service,No internet service,0.15,Low Risk,✅ Monitor
4709-LKHYG,29,20.0,One year,No internet service,No internet service,0.01,Low Risk,✅ Monitor
2504-DSHIH,23,86.8,Month-to-month,No,No,0.21,Low Risk,🎯 Assign dedicated support agent
0699-NDKJM,57,58.75,Month-to-month,No,Yes,0.07,Low Risk,💰 Offer annual plan discount
9286-BHDQG,72,45.25,Two year,Yes,Yes,0.01,Low Risk,✅ Monitor
0230-WEQUW,66,56.6,Two year,Yes,Yes,0.0,,✅ Monitor
2040-LDIWQ,65,84.2,Two year,Yes,No,0.0,,🔒 Offer OnlineSecurity add-on
6496-JDSSB,8,80.0,Month-to-month,No,No,0.34,Medium Risk,🔒 Offer OnlineSecurity add-on
4443-EMBNA,71,24.75,Two year,No internet service,No internet service,0.0,,✅ Monitor
6469-MRVET,1,20.2,One year,No internet service,No internet service,0.08,Low Risk,✅ Monitor
5961-VUSRV,12,19.35,One year,No internet service,No internet service,0.0,,✅ Monitor
6778-JFCMK,24,50.6,One year,No,Yes,0.04,Low Risk,✅ Monitor
6341-JVQGF,31,81.15,One year,Yes,Yes,0.01,Low Risk,✅ Monitor
4811-JBUVU,30,89.9,Month-to-month,Yes,No,0.09,Low Risk,🔒 Offer OnlineSecurity add-on
0945-TSONX,47,85.3,Two year,Yes,Yes,0.01,Low Risk,✅ Monitor
2651-ZCBXV,54,108.0,Two year,Yes,Yes,0.17,Low Risk,✅ Monitor
3316-UWXUY,50,93.5,Month-to-month,Yes,Yes,0.04,Low Risk,💰 Offer annual plan discount
7083-MIOPC,72,20.25,Two year,No internet service,No internet service,0.0,,✅ Monitor
1984-GPTEH,29,25.15,Month-to-month,No internet service,No internet service,0.02,Low Risk,💰 Offer annual plan discount
0621-JFHOL,10,29.6,Two year,Yes,No,0.02,Low Risk,🔒 Offer OnlineSecurity add-on
9903-LYSAB,18,73.15,Month-to-month,No,No,0.17,Low Risk,🔒 Offer OnlineSecurity add-on
9227-UAQFT,16,19.75,Two year,No internet service,No internet service,0.0,,✅ Monitor
7301-ABVAD,72,86.6,Two year,Yes,No,0.01,Low Risk,🔒 Offer OnlineSecurity add-on
6614-FHDBO,72,109.2,Two year,Yes,No,0.02,Low Risk,🔒 Offer OnlineSecurity add-on
7576-ASEJU,41,74.7,One year,Yes,Yes,0.03,Low Risk,✅ Monitor
9058-HRZSV,65,94.4,Month-to-month,No,Yes,0.08,Low Risk,🎯 Assign dedicated support agent
4522-AKYLR,13,54.8,Month-to-month,No,No,0.05,Low Risk,🔒 Offer OnlineSecurity add-on
0221-WMXNQ,4,75.35,Month-to-month,No,Yes,0.09,Low Risk,✅ Monitor
0303-UNCIP,41,65.0,One year,No,No,0.06,Low Risk,🔒 Offer OnlineSecurity add-on
0959-WHOKV,42,99.0,One year,No,Yes,0.11,Low Risk,🎯 Assign dedicated support agent
4075-JFPGR,51,93.5,One year,No,Yes,0.12,Low Risk,🎯 Assign dedicated support agent
3282-ZISZV,32,83.7,One year,Yes,No,0.06,Low Risk,🔒 Offer OnlineSecurity add-on
3675-YDUPJ,10,19.85,Month-to-month,No internet service,No internet service,0.02,Low Risk,✅ Monitor
4111-BNXIF,67,59.55,Two year,Yes,No,0.0,,🔒 Offer OnlineSecurity add-on
7017-VFHAY,61,115.1,Two year,Yes,Yes,0.01,Low Risk,✅ Monitor
6655-LHBYW,50,114.35,One year,Yes,Yes,0.03,Low Risk,✅ Monitor
5046-NUHWD,29,45.0,Month-to-month,No,Yes,0.14,Low Risk,💰 Offer annual plan discount
7529-ZDFXI,57,89.85,Month-to-month,No,No,0.27,Low Risk,🎯 Assign dedicated support agent
7605-BDWDC,31,49.85,Two year,Yes,Yes,0.0,,✅ Monitor
1950-KSVVJ,45,113.3,One year,Yes,Yes,0.1,Low Risk,✅ Monitor
0123-CRBRT,61,88.1,Two year,Yes,Yes,0.0,,✅ Monitor
6292-TOSSS,50,24.9,Two year,No internet service,No internet service,0.05,Low Risk,✅ Monitor
3197-ARFOY,19,105.0,Month-to-month,Yes,Yes,0.56,Medium Risk,💰 Offer annual plan discount
7014-ZZXAW,71,24.25,Two year,No internet service,No internet service,0.0,,✅ Monitor
7633-MVPUY,57,59.75,Two year,Yes,Yes,0.01,Low Risk,✅ Monitor
4716-HHKQH,20,107.05,Month-to-month,Yes,No,0.26,Low Risk,🔒 Offer OnlineSecurity add-on
3179-GBRWV,21,64.95,Month-to-month,No,Yes,0.24,Low Risk,💰 Offer annual plan discount
8645-KWHJO,14,55.0,Month-to-month,Yes,No,0.11,Low Risk,🔒 Offer OnlineSecurity add-on
4130-MZLCC,5,50.55,Month-to-month,No,No,0.12,Low Risk,🔒 Offer OnlineSecurity add-on
0314-TKOSI,6,55.15,Month-to-month,No,Yes,0.19,Low Risk,✅ Monitor
8229-MYEJZ,10,51.2,Month-to-month,No,No,0.04,Low Risk,🔒 Offer OnlineSecurity add-on
2080-SRCDE,1,25.4,Month-to-month,No internet service,No internet service,0.05,Low Risk,📧 Send re-engagement email
9577-WJVCQ,68,54.45,Month-to-month,No,Yes,0.01,Low Risk,💰 Offer annual plan discount
6202-DYYFX,22,76.0,One year,No,No,0.07,Low Risk,🔒 Offer OnlineSecurity add-on
3808-HFKDE,20,44.35,Month-to-month,No,No,0.14,Low Risk,🔒 Offer OnlineSecurity add-on
3727-OWVYD,35,61.2,One year,No,Yes,0.02,Low Risk,✅ Monitor
2294-SALNE,23,86.8,One year,Yes,No,0.07,Low Risk,🔒 Offer OnlineSecurity add-on
4847-TAJYI,6,89.35,Month-to-month,No,No,0.36,Medium Risk,🎯 Assign dedicated support agent
1563-IWQEX,12,19.7,Month-to-month,No internet service,No internet service,0.02,Low Risk,✅ Monitor
8203-XJZRC,1,20.25,Month-to-month,No internet service,No internet service,0.08512081552640204,Low Risk,📧 Send re-engagement email
6556-DBKZF,71,76.05,Two year,No,No,0.05,Low Risk,🔒 Offer OnlineSecurity add-on
6851-WEFYX,35,100.8,Month-to-month,No,No,0.28,Low Risk,🎯 Assign dedicated support agent
2985-JUUBZ,40,74.55,Month-to-month,No,No,0.11,Low Risk,🔒 Offer OnlineSecurity add-on
0895-LMRSF,23,64.9,One year,No,No,0.17,Low Risk,🔒 Offer OnlineSecurity add-on
8266-VBFQL,4,90.4,Month-to-month,Yes,No,0.68,High Risk,🔒 Offer OnlineSecurity add-on
8181-YHCMF,68,60.3,Two year,Yes,No,0.01,Low Risk,🔒 Offer OnlineSecurity add-on
2240-HSJQD,38,81.85,Month-to-month,No,No,0.08,Low Risk,🎯 Assign dedicated support agent
1248-DYXUB,52,24.8,Two year,No internet service,No internet service,0.0,,✅ Monitor
4115-BNPJY,29,75.55,Two year,Yes,No,0.01,Low Risk,🔒 Offer OnlineSecurity add-on
3167-SNQPL,38,101.15,Month-to-month,No,No,0.2,Low Risk,🎯 Assign dedicated support agent
4091-TVOCN,48,78.75,One year,No,Yes,0.02,Low Risk,✅ Monitor
1098-TDVUQ,1,19.25,Month-to-month,No internet service,No internet service,0.03,Low Risk,📧 Send re-engagement email
7277-OZCGZ,22,89.05,Month-to-month,Yes,Yes,0.3,Low Risk,💰 Offer annual plan discount
1557-EMYVT,43,115.05,Two year,Yes,Yes,0.06,Low Risk,✅ Monitor
2799-ARNLO,5,69.35,Month-to-month,No,No,0.23,Low Risk,🔒 Offer OnlineSecurity add-on
5027-YOCXN,51,110.05,One year,Yes,Yes,0.25,Low Risk,✅ Monitor
3973-SKMLN,71,19.9,Two year,No internet service,No internet service,0.0,,✅ Monitor
6745-JEFZB,35,91.5,Month-to-month,Yes,No,0.24,Low Risk,🔒 Offer OnlineSecurity add-on
9880-TDQAC,72,60.0,Two year,Yes,No,0.03,Low Risk,🔒 Offer OnlineSecurity add-on
8705-WZCYL,1,44.8,Month-to-month,No,No,0.09,Low Risk,📧 Send re-engagement email
7102-JJVTX,9,48.6,One year,No,Yes,0.07,Low Risk,✅ Monitor
8626-PTQGE,69,60.05,Two year,Yes,Yes,0.03,Low Risk,✅ Monitor
4983-CLMLV,52,102.7,Month-to-month,Yes,No,0.24,Low Risk,🔒 Offer OnlineSecurity add-on
5701-YVSVF,11,82.9,Month-to-month,Yes,No,0.23,Low Risk,🔒 Offer OnlineSecurity add-on
5697-GOMBF,28,35.9,Month-to-month,No,No,0.11,Low Risk,🔒 Offer OnlineSecurity add-on
2739-CACDQ,17,82.65,Month-to-month,No,No,0.1,Low Risk,🎯 Assign dedicated support agent
9385-EHGDO,35,19.85,Two year,No internet service,No internet service,0.01,Low Risk,✅ Monitor
9498-FIMXL,8,19.2,One year,No internet service,No internet service,0.02,Low Risk,✅ Monitor
2379-GYFLQ,46,94.9,One year,No,No,0.03,Low Risk,🎯 Assign dedicated support agent
2088-IEBAU,68,88.15,Two year,Yes,Yes,0.02,Low Risk,✅ Monitor
7982-VCELR,36,94.8,Month-to-month,No,No,0.11,Low Risk,🎯 Assign dedicated support agent
6035-BXTTY,32,54.65,Month-to-month,Yes,No,0.03,Low Risk,🔒 Offer OnlineSecurity add-on
6885-PKOAM,71,85.75,Two year,Yes,Yes,0.0,,✅ Monitor
7520-HQWJU,66,67.45,Month-to-month,No,Yes,0.11,Low Risk,💰 Offer annual plan discount
9639-BUJXT,63,20.5,One year,No internet service,No internet service,0.0,,✅ Monitor
5924-SNGKP,41,20.25,One year,No internet service,No internet service,0.0,,✅ Monitor
0021-IKXGC,1,72.1,Month-to-month,No,No,0.32,Medium Risk,📧 Send re-engagement email
8966-SNIZF,70,19.45,Two year,No internet service,No internet service,0.0,,✅ Monitor
6243-OZGFH,23,44.95,Month-to-month,No,No,0.15,Low Risk,🔒 Offer OnlineSecurity add-on
4654-DLAMQ,64,97.0,One year,No,Yes,0.02,Low Risk,🎯 Assign dedicated support agent
0513-RBGPE,37,62.8,Two year,Yes,Yes,0.01,Low Risk,✅ Monitor
5160-UXJED,17,44.6,One year,No,No,0.03,Low Risk,🔒 Offer OnlineSecurity add-on
4115-NZRKS,7,89.15,Month-to-month,No,No,0.46,Medium Risk,🎯 Assign dedicated support agent
3351-NGXYI,16,54.1,Month-to-month,No,Yes,0.2,Low Risk,💰 Offer annual plan discount
8984-EYLLL,64,105.25,Two year,Yes,No,0.07,Low Risk,🔒 Offer OnlineSecurity add-on
9833-TGFHX,42,97.1,One year,No,Yes,0.07,Low Risk,🎯 Assign dedicated support agent
9294-TDIPC,5,20.2,Month-to-month,No internet service,No internet service,0.0,,✅ Monitor
5229-DTFYB,41,98.8,Two year,Yes,No,0.02,Low Risk,🔒 Offer OnlineSecurity add-on
0104-PPXDV,58,50.3,One year,No,No,0.04,Low Risk,🔒 Offer OnlineSecurity add-on
5176-LMJXE,47,20.55,Two year,No internet service,No internet service,0.0,,✅ Monitor
3583-KRKMD,18,75.9,Month-to-month,Yes,No,0.1,Low Risk,🔒 Offer OnlineSecurity add-on
9069-LGEUL,23,59.95,Month-to-month,No,Yes,0.05,Low Risk,💰 Offer annual plan discount
7302-ZHMHP,1,19.15,Month-to-month,No internet service,No internet service,0.08315233124857184,Low Risk,📧 Send re-engagement email
9571-EDEBV,71,98.65,One year,No,No,0.07,Low Risk,🎯 Assign dedicated support agent
3520-FJGCV,72,112.6,Two year,Yes,Yes,0.0,,✅ Monitor
6563-VRERX,33,20.6,One year,No internet service,No internet service,0.0,,✅ Monitor
6122-EFVKN,24,35.75,Two year,Yes,Yes,0.0,,✅ Monitor
2805-EDJPQ,56,99.75,One year,Yes,No,0.03,Low Risk,🔒 Offer OnlineSecurity add-on
6862-CQUMB,37,96.1,Month-to-month,No,No,0.11,Low Risk,🎯 Assign dedicated support agent
7156-MXBJE,43,85.1,One year,Yes,No,0.06,Low Risk,🔒 Offer OnlineSecurity add-on
6158-HDPXZ,1,25.35,Month-to-month,No,No,0.6,Medium Risk,📧 Send re-engagement email
2863-IMQDR,61,89.65,Two year,Yes,Yes,0.0,,✅ Monitor
5686-CMAWK,17,86.75,One year,Yes,No,0.07,Low Risk,🔒 Offer OnlineSecurity add-on
5651-CRHKQ,41,86.2,One year,Yes,No,0.03,Low Risk,🔒 Offer OnlineSecurity add-on
8204-YJCLA,72,64.8,Two year,Yes,Yes,0.01,Low Risk,✅ Monitor
6583-SZVGP,48,108.1,Two year,No,No,0.35,Medium Risk,🎯 Assign dedicated support agent
1708-PBBOA,42,54.75,One year,Yes,Yes,0.05,Low Risk,✅ Monitor
8782-LKFPK,44,90.4,Month-to-month,No,No,0.12,Low Risk,🎯 Assign dedicated support agent
5522-JBWMO,1,44.0,Month-to-month,No,No,0.25,Low Risk,📧 Send re-engagement email
3597-MVHJT,27,95.6,Month-to-month,No,No,0.26,Low Risk,🎯 Assign dedicated support agent
9774-NRNAU,27,84.8,Month-to-month,Yes,No,0.04,Low Risk,🔒 Offer OnlineSecurity add-on
0224-RLWWD,2,44.3,Month-to-month,No,No,0.25,Low Risk,📧 Send re-engagement email
9967-ATRFS,19,19.9,Month-to-month,No internet service,No internet service,0.0,,💰 Offer annual plan discount
3951-NJCVI,42,95.05,Month-to-month,No,No,0.26,Low Risk,🎯 Assign dedicated support agent
2977-CEBSX,66,90.05,Two year,Yes,Yes,0.01,Low Risk,✅ Monitor
0177-PXBAT,33,109.9,Month-to-month,Yes,Yes,0.13,Low Risk,💰 Offer annual plan discount
2519-ERQOJ,33,54.6,Month-to-month,Yes,No,0.05,Low Risk,🔒 Offer OnlineSecurity add-on
5876-QMYLD,23,20.05,One year,No internet service,No internet service,0.0,,✅ Monitor
2277-AXSDC,32,19.75,One year,No internet service,No internet service,0.0,,✅ Monitor
9442-JTWDL,11,20.05,One year,No internet service,No internet service,0.03,Low Risk,✅ Monitor
3067-SVMTC,68,55.9,One year,Yes,Yes,0.0,,✅ Monitor
5495-GPSRW,20,19.7,Two year,No internet service,No internet service,0.0,,✅ Monitor
7606-BPHHN,72,19.8,Two year,No internet service,No internet service,0.0,,✅ Monitor
4742-DRORA,60,95.4,One year,No,Yes,0.06,Low Risk,🎯 Assign dedicated support agent
0111-KLBQG,32,93.95,Month-to-month,No,No,0.15,Low Risk,🎯 Assign dedicated support agent
4163-NCJAK,46,24.45,One year,No internet service,No internet service,0.01,Low Risk,✅ Monitor
5233-AOZUF,29,74.95,Month-to-month,No,No,0.14,Low Risk,🔒 Offer OnlineSecurity add-on
5973-EJGDP,51,87.35,Month-to-month,Yes,No,0.15,Low Risk,🔒 Offer OnlineSecurity add-on
1996-DBMUS,48,70.65,Month-to-month,No,No,0.19,Low Risk,🔒 Offer OnlineSecurity add-on
7916-VCCPB,16,73.25,Month-to-month,No,No,0.12,Low Risk,🔒 Offer OnlineSecurity add-on
4686-GEFRM,70,98.7,Two year,Yes,No,0.04,Low Risk,🔒 Offer OnlineSecurity add-on
5249-QYHEX,40,24.8,Two year,No internet service,No internet service,0.05,Low Risk,✅ Monitor
2233-FAGXV,5,24.3,Month-to-month,No internet service,No internet service,0.06,Low Risk,✅ Monitor
5605-IYGFG,7,69.85,Month-to-month,No,No,0.18,Low Risk,🔒 Offer OnlineSecurity add-on
7663-ZTEGJ,29,100.55,One year,Yes,No,0.08,Low Risk,🔒 Offer OnlineSecurity add-on
3935-TBRZZ,44,25.7,One year,No internet service,No internet service,0.0,,✅ Monitor
8111-BKVDS,10,40.7,Month-to-month,No,Yes,0.11,Low Risk,✅ Monitor
2055-SIFSS,55,51.65,Month-to-month,No,No,0.04,Low Risk,🔒 Offer OnlineSecurity add-on
2806-MLNTI,52,105.1,One year,No,No,0.09,Low Risk,🎯 Assign dedicated support agent
8734-DKSTZ,10,85.95,Month-to-month,No,No,0.29,Low Risk,🎯 Assign dedicated support agent
4360-PNRQB,18,75.6,Month-to-month,No,No,0.25,Low Risk,🔒 Offer OnlineSecurity add-on
6152-ONASV,68,58.25,One year,Yes,Yes,0.0,,✅ Monitor
7781-HVGMK,72,65.2,Two year,Yes,Yes,0.01,Low Risk,✅ Monitor
2181-UAESM,2,53.45,Month-to-month,No,Yes,0.14,Low Risk,📧 Send re-engagement email
6048-NJXHX,41,19.75,Two year,No internet service,No internet service,0.0,,✅ Monitor
2320-SLKMB,26,44.45,Month-to-month,Yes,No,0.09,Low Risk,🔒 Offer OnlineSecurity add-on
4980-URKXC,36,20.85,One year,No internet service,No internet service,0.03,Low Risk,✅ Monitor
4376-KFVRS,72,114.05,Two year,Yes,Yes,0.0,,✅ Monitor
5886-VLQVU,35,89.85,Month-to-month,Yes,No,0.1,Low Risk,🔒 Offer OnlineSecurity add-on
3577-AMVUX,1,55.05,Month-to-month,Yes,No,0.22,Low Risk,📧 Send re-engagement email
0771-WLCLA,16,112.95,Month-to-month,Yes,Yes,0.17,Low Risk,💰 Offer annual plan discount
5628-RKIFK,49,101.55,Month-to-month,No,Yes,0.16,Low Risk,🎯 Assign dedicated support agent
0206-TBWLC,54,114.65,One year,Yes,Yes,0.05,Low Risk,✅ Monitor
2937-FTHUR,18,64.8,Month-to-month,No,Yes,0.09,Low Risk,💰 Offer annual plan discount
1910-FMXJM,36,80.4,Month-to-month,No,No,0.15,Low Risk,🎯 Assign dedicated support agent
0732-OCQOC,52,25.05,Two year,No internet service,No internet service,0.0,,✅ Monitor
5168-MSWXT,8,94.75,Month-to-month,No,No,0.34,Medium Risk,🎯 Assign dedicated support agent
1090-ESELR,72,105.5,Two year,Yes,Yes,0.04,Low Risk,✅ Monitor
8592-PLTMQ,64,24.7,One year,No internet service,No internet service,0.01,Low Risk,✅ Monitor
5760-WRAHC,22,69.75,Month-to-month,Yes,Yes,0.07,Low Risk,💰 Offer annual plan discount
8847-GEOOQ,60,60.2,Month-to-month,Yes,No,0.03,Low Risk,🔒 Offer OnlineSecurity add-on
4785-FCIFB,61,24.4,Two year,No internet service,No internet service,0.0,,✅ Monitor
8313-NDOIA,24,104.15,Month-to-month,No,No,0.27,Low Risk,🎯 Assign dedicated support agent
5149-CUZUJ,28,92.9,One year,Yes,No,0.02,Low Risk,🔒 Offer OnlineSecurity add-on
0942-KOWSM,30,80.8,Two year,Yes,No,0.03,Low Risk,🔒 Offer OnlineSecurity add-on
4237-CLSMM,2,20.0,Month-to-month,No internet service,No internet service,0.09,Low Risk,📧 Send re-engagement email
1452-VOQCH,1,75.1,Month-to-month,No,No,0.36,Medium Risk,📧 Send re-engagement email
4719-UMSIY,6,19.65,Month-to-month,No internet service,No internet service,0.0,,✅ Monitor
6614-VBEGU,24,69.45,Month-to-month,No,No,0.1,Low Risk,🔒 Offer OnlineSecurity add-on
1480-BKXGA,72,116.05,Two year,Yes,Yes,0.0,,✅ Monitor
2996-XAUVF,70,40.05,Two year,Yes,No,0.11,Low Risk,🔒 Offer OnlineSecurity add-on
9076-AXYIK,64,102.1,Two year,Yes,No,0.02,Low Risk,🔒 Offer OnlineSecurity add-on
5968-XQIVE,72,89.7,One year,No,No,0.1,Low Risk,🎯 Assign dedicated support agent
8896-RAZCR,44,19.9,Two year,No internet service,No internet service,0.0,,✅ Monitor
4933-IKULF,17,20.65,One year,No internet service,No internet service,0.0,,✅ Monitor
1304-BCCFO,9,70.05,Month-to-month,No,No,0.18,Low Risk,🔒 Offer OnlineSecurity add-on
4104-PVRPS,24,53.6,Month-to-month,Yes,Yes,0.01,Low Risk,💰 Offer annual plan discount
3780-DDGSE,35,76.05,Month-to-month,Yes,No,0.21,Low Risk,🔒 Offer OnlineSecurity add-on
4431-EDMIQ,7,75.7,Month-to-month,Yes,Yes,0.08,Low Risk,✅ Monitor
0486-LGCCH,11,19.65,Two year,No internet service,No internet service,0.01,Low Risk,✅ Monitor
4612-SSVHJ,20,81.45,Month-to-month,No,No,0.09,Low Risk,🎯 Assign dedicated support agent
5168-MQQCA,72,108.5,One year,Yes,No,0.02,Low Risk,🔒 Offer OnlineSecurity add-on
7971-HLVXI,72,84.5,Two year,No,No,0.07,Low Risk,🎯 Assign dedicated support agent
9094-AZPHK,15,100.15,Month-to-month,No,No,0.37,Medium Risk,🎯 Assign dedicated support agent
3649-JPUGY,72,88.6,Two year,Yes,No,0.03,Low Risk,🔒 Offer OnlineSecurity add-on
4472-LVYGI,0,52.55,Two year,Yes,Yes,0.02,Low Risk,✅ Monitor
3552-CTCYF,63,104.8,Two year,No,No,0.04,Low Risk,🎯 Assign dedicated support agent
6778-YSNIH,2,59.0,Month-to-month,No,No,0.15,Low Risk,📧 Send re-engagement email
5756-OZRIO,61,64.05,One year,No,No,0.06,Low Risk,🔒 Offer OnlineSecurity add-on
6579-JPICP,1,20.4,Month-to-month,No internet service,No internet service,0.01,Low Risk,📧 Send re-engagement email
4134-BSXLX,28,60.9,Month-to-month,Yes,Yes,0.03,Low Risk,💰 Offer annual plan discount
0505-SPOOW,70,19.8,Two year,No internet service,No internet service,0.0,,✅ Monitor
4374-YMUSQ,34,116.25,One year,Yes,Yes,0.05,Low Risk,✅ Monitor
4513-CXYIX,71,80.7,Two year,No,Yes,0.01,Low Risk,🎯 Assign dedicated support agent
3957-HHLMR,70,65.2,One year,No,Yes,0.02,Low Risk,✅ Monitor
7803-XOCCZ,52,84.05,Month-to-month,Yes,Yes,0.08,Low Risk,💰 Offer annual plan discount
5736-YEJAX,69,79.45,Two year,Yes,Yes,0.01,Low Risk,✅ Monitor
8981-FJGLA,11,78.0,Month-to-month,No,No,0.25,Low Risk,🔒 Offer OnlineSecurity add-on
1135-LMECX,1,19.85,Month-to-month,No internet service,No internet service,0.1521465975880173,Low Risk,📧 Send re-engagement email
4332-MUOEZ,20,94.3,One year,Yes,Yes,0.16,Low Risk,✅ Monitor
8535-SFUTN,61,106.45,Month-to-month,No,Yes,0.09,Low Risk,🎯 Assign dedicated support agent
8677-HDZEE,56,105.45,Month-to-month,Yes,No,0.05,Low Risk,🔒 Offer OnlineSecurity add-on
2475-MROZF,30,95.0,Month-to-month,Yes,Yes,0.04,Low Risk,💰 Offer annual plan discount
3482-ABPKK,28,54.3,One year,Yes,Yes,0.0,,✅ Monitor
6705-LXORM,5,70.05,Month-to-month,No,No,0.46,Medium Risk,🔒 Offer OnlineSecurity add-on
7531-GQHME,12,20.05,Month-to-month,No internet service,No internet service,0.08,Low Risk,✅ Monitor
5174-ITUMV,67,105.4,One year,No,No,0.09,Low Risk,🎯 Assign dedicated support agent
4109-CYRBD,29,51.6,Month-to-month,No,No,0.09,Low Risk,🔒 Offer OnlineSecurity add-on
0913-XWSCN,55,85.5,Month-to-month,No,No,0.23,Low Risk,🎯 Assign dedicated support agent
0750-EBAIU,52,91.25,One year,No,Yes,0.05,Low Risk,🎯 Assign dedicated support agent
8606-CIQUL,72,115.75,Two year,Yes,Yes,0.0,,✅ Monitor
3571-DPYUH,58,94.7,One year,Yes,No,0.07,Low Risk,🔒 Offer OnlineSecurity add-on
7601-GNDYK,35,19.6,Two year,No internet service,No internet service,0.0,,✅ Monitor
0356-OBMAC,56,99.9,Two year,Yes,No,0.03,Low Risk,🔒 Offer OnlineSecurity add-on
8067-NIOYM,24,21.1,Two year,No internet service,No internet service,0.0,,✅ Monitor
1403-GYAFU,70,20.05,Two year,No internet service,No internet service,0.0,,✅ Monitor
4234-XTNEA,2,79.95,Month-to-month,No,No,0.29,Low Risk,📧 Send re-engagement email
1297-VQDRP,68,107.15,One year,Yes,No,0.12,Low Risk,🔒 Offer OnlineSecurity add-on
5348-CAGXB,12,89.55,Month-to-month,No,No,0.25,Low Risk,🎯 Assign dedicated support agent
0621-HJWXJ,63,81.55,Month-to-month,No,No,0.08,Low Risk,🎯 Assign dedicated support agent
5844-QVTAT,33,58.45,One year,No,Yes,0.02,Low Risk,✅ Monitor
8905-IAZPF,69,95.65,One year,No,No,0.08,Low Risk,🎯 Assign dedicated support agent
5394-MEITZ,60,80.6,Two year,Yes,No,0.0,,🔒 Offer OnlineSecurity add-on
6859-QNXIQ,72,113.1,Two year,Yes,Yes,0.0,,✅ Monitor
2782-LFZVW,11,58.95,Month-to-month,No,No,0.29,Low Risk,🔒 Offer OnlineSecurity add-on
2866-IKBTM,1,19.55,Month-to-month,No internet service,No internet service,0.06162260649670444,Low Risk,📧 Send re-engagement email
7129-AZJDE,34,78.95,One year,No,No,0.07,Low Risk,🔒 Offer OnlineSecurity add-on
2560-PPCHE,65,105.05,One year,Yes,No,0.09,Low Risk,🔒 Offer OnlineSecurity add-on
4676-MQUEA,50,101.9,One year,No,Yes,0.04,Low Risk,🎯 Assign dedicated support agent
8138-EALND,15,19.75,Month-to-month,No internet service,No internet service,0.03,Low Risk,💰 Offer annual plan discount
3580-HYCSP,72,110.3,Two year,No,Yes,0.02,Low Risk,🎯 Assign dedicated support agent
1352-HNSAW,72,115.6,Two year,Yes,Yes,0.0,,✅ Monitor
2075-PUEPR,55,19.35,Two year,No internet service,No internet service,0.06,Low Risk,✅ Monitor
1982-FEBTD,23,25.6,Two year,No internet service,No internet service,0.0,,✅ Monitor
5791-KAJFD,56,68.75,One year,No,Yes,0.0,,✅ Monitor
2654-VBVPB,1,19.9,Month-to-month,No internet service,No internet service,0.03,Low Risk,📧 Send re-engagement email
1154-HYWWO,38,70.6,One year,Yes,Yes,0.02,Low Risk,✅ Monitor
2501-XWWTZ,11,70.2,Month-to-month,No,No,0.26,Low Risk,🔒 Offer OnlineSecurity add-on
3716-UVSPD,1,49.3,Month-to-month,Yes,No,0.18,Low Risk,📧 Send re-engagement email
6815-ABQFQ,56,107.25,One year,Yes,No,0.44,Medium Risk,🔒 Offer OnlineSecurity add-on
7343-EOBEU,3,23.6,Month-to-month,No internet service,No internet service,0.02,Low Risk,📧 Send re-engagement email
3701-SFMUH,7,69.7,Month-to-month,No,Yes,0.08,Low Risk,✅ Monitor
6103-LIANB,59,99.5,Two year,No,No,0.04,Low Risk,🎯 Assign dedicated support agent
7319-VENRZ,7,64.3,Month-to-month,Yes,No,0.02,Low Risk,🔒 Offer OnlineSecurity add-on
5846-NEQVZ,71,70.85,Two year,Yes,Yes,0.01,Low Risk,✅ Monitor
6967-QIQRV,15,101.9,One year,Yes,Yes,0.14,Low Risk,✅ Monitor
5781-RFZRP,71,73.5,Two year,Yes,Yes,0.0,,✅ Monitor
0308-IVGOK,11,40.4,One year,Yes,No,0.05,Low Risk,🔒 Offer OnlineSecurity add-on
7293-LSCDV,60,19.25,Two year,No internet service,No internet service,0.0,,✅ Monitor
7025-WCBNE,47,59.6,Two year,Yes,No,0.02,Low Risk,🔒 Offer OnlineSecurity add-on
5756-JYOJT,11,64.9,One year,Yes,No,0.03,Low Risk,🔒 Offer OnlineSecurity add-on
6030-REHUX,28,110.85,Month-to-month,Yes,No,0.22,Low Risk,🔒 Offer OnlineSecurity add-on
9548-LIGTA,61,81.05,Two year,Yes,Yes,0.0,,✅ Monitor
5150-LJNSR,31,98.05,One year,No,Yes,0.02,Low Risk,🎯 Assign dedicated support agent
8270-RKSAP,9,70.5,Month-to-month,No,No,0.21,Low Risk,🔒 Offer OnlineSecurity add-on
6522-YRBXD,35,94.55,Month-to-month,No,Yes,0.2,Low Risk,🎯 Assign dedicated support agent
2640-LYMOV,2,19.65,Month-to-month,No internet service,No internet service,0.03,Low Risk,📧 Send re-engagement email
1423-BMPBQ,1,19.0,Month-to-month,No internet service,No internet service,0.24,Low Risk,📧 Send re-engagement email
2393-DIVAI,3,20.0,Month-to-month,No internet service,No internet service,0.02,Low Risk,📧 Send re-engagement email
4568-KNYWR,52,63.25,Two year,No,Yes,0.04,Low Risk,✅ Monitor
8752-IMQOS,5,20.1,One year,No internet service,No internet service,0.0,,✅ Monitor
0742-LAFQK,72,99.15,Two year,No,Yes,0.01,Low Risk,🎯 Assign dedicated support agent
0795-LAFGP,71,90.4,Two year,Yes,Yes,0.0,,✅ Monitor
0619-OLYUR,72,111.9,Two year,Yes,Yes,0.07,Low Risk,✅ Monitor
5512-IDZEI,46,24.9,One year,No internet service,No internet service,0.01,Low Risk,✅ Monitor
0459-SPZHJ,63,83.5,Two year,No,Yes,0.05,Low Risk,🎯 Assign dedicated support agent
0215-BQKGS,30,84.3,Month-to-month,No,Yes,0.12,Low Risk,🎯 Assign dedicated support agent
9244-ZVAPM,1,45.6,Month-to-month,No,No,0.32,Medium Risk,📧 Send re-engagement email
8208-EUMTE,16,54.85,Two year,Yes,Yes,0.03,Low Risk,✅ Monitor
5172-MIGPM,4,65.55,Month-to-month,Yes,No,0.03,Low Risk,🔒 Offer OnlineSecurity add-on
1710-RCXUS,51,90.35,One year,No,No,0.04,Low Risk,🎯 Assign dedicated support agent
0374-FIUCA,65,20.4,Two year,No internet service,No internet service,0.0,,✅ Monitor
5839-SUYVZ,16,74.55,Month-to-month,Yes,No,0.16,Low Risk,🔒 Offer OnlineSecurity add-on
5173-ZXXXL,2,19.95,One year,No internet service,No internet service,0.0,,✅ Monitor
1096-ADRUX,66,74.25,One year,No,No,0.04,Low Risk,🔒 Offer OnlineSecurity add-on
2001-MCUUW,46,108.65,Two year,Yes,No,0.21,Low Risk,🔒 Offer OnlineSecurity add-on
2731-GJRDG,32,109.55,One year,Yes,Yes,0.06,Low Risk,✅ Monitor
4723-BEGSG,72,86.65,Two year,Yes,Yes,0.0,,✅ Monitor
6516-NKQBO,38,81.0,Two year,Yes,Yes,0.06,Low Risk,✅ Monitor
8672-OAUPW,51,47.85,One year,Yes,No,0.05,Low Risk,🔒 Offer OnlineSecurity add-on
8207-DMRVL,72,114.55,Two year,Yes,Yes,0.0,,✅ Monitor
2804-ETQDK,66,20.55,Two year,No internet service,No internet service,0.01,Low Risk,✅ Monitor
6689-VRRTK,44,109.8,One year,No,Yes,0.14,Low Risk,🎯 Assign dedicated support agent
7138-GIRSH,50,69.5,Two year,Yes,No,0.0,,🔒 Offer OnlineSecurity add-on
9396-ZSFLL,15,48.85,Month-to-month,No,No,0.09,Low Risk,🔒 Offer OnlineSecurity add-on
6464-KEXXH,8,25.25,Month-to-month,No,No,0.06,Low Risk,🔒 Offer OnlineSecurity add-on
7134-MJPDY,66,102.85,One year,Yes,No,0.44,Medium Risk,🔒 Offer OnlineSecurity add-on
5240-CAOYT,57,87.55,Month-to-month,Yes,Yes,0.08,Low Risk,💰 Offer annual plan discount
4059-IIEBK,7,78.55,Month-to-month,No,No,0.26,Low Risk,🔒 Offer OnlineSecurity add-on
4881-JVQOD,10,34.55,Month-to-month,No,No,0.15,Low Risk,🔒 Offer OnlineSecurity add-on
0516-UXRMT,62,92.05,One year,No,Yes,0.21,Low Risk,🎯 Assign dedicated support agent
4851-BQDNX,40,85.05,One year,No,No,0.15,Low Risk,🎯 Assign dedicated support agent
5148-HKFIR,20,19.7,Two year,No internet service,No internet service,0.0,,✅ Monitor
3003-CMDUU,25,95.15,Month-to-month,Yes,No,0.14,Low Risk,🔒 Offer OnlineSecurity add-on
5016-IBERQ,23,84.25,Month-to-month,No,No,0.38,Medium Risk,🎯 Assign dedicated support agent
6797-UCJHZ,66,104.6,One year,No,No,0.04,Low Risk,🎯 Assign dedicated support agent
2469-DTSGX,72,111.65,Two year,Yes,No,0.03,Low Risk,🔒 Offer OnlineSecurity add-on
9931-KGHOA,46,55.0,Month-to-month,No,Yes,0.07,Low Risk,💰 Offer annual plan discount
1775-KWJKQ,72,89.85,Two year,Yes,Yes,0.0,,✅ Monitor
7665-VIGUD,10,20.35,One year,No internet service,No internet service,0.04,Low Risk,✅ Monitor
9411-TPQQV,40,54.55,One year,Yes,Yes,0.01,Low Risk,✅ Monitor
7954-MLBUN,31,99.45,Two year,Yes,No,0.02,Low Risk,🔒 Offer OnlineSecurity add-on
2077-DDHJK,68,70.9,Two year,Yes,Yes,0.02,Low Risk,✅ Monitor
9574-BOSMD,68,25.4,Two year,No internet service,No internet service,0.0,,✅ Monitor
4908-XAXAY,49,89.85,One year,No,No,0.07,Low Risk,🎯 Assign dedicated support agent
8404-VLQFB,15,25.25,Month-to-month,No internet service,No internet service,0.06,Low Risk,💰 Offer annual plan discount
2391-IPLOP,50,69.65,One year,Yes,No,0.01,Low Risk,🔒 Offer OnlineSecurity add-on
3509-GWQGF,24,70.0,Month-to-month,No,No,0.09,Low Risk,🔒 Offer OnlineSecurity add-on
5845-BZZIB,35,20.1,Two year,No internet service,No internet service,0.0,,✅ Monitor
1140-UKVZG,17,24.8,Month-to-month,No internet service,No internet service,0.01,Low Risk,💰 Offer annual plan discount
5183-SNMJQ,10,95.1,Month-to-month,Yes,No,0.15,Low Risk,🔒 Offer OnlineSecurity add-on
8100-PNJMH,68,88.85,Two year,Yes,Yes,0.0,,✅ Monitor
7838-LAZFO,45,78.8,One year,No,Yes,0.08,Low Risk,✅ Monitor
2085-JVGAD,37,20.35,Month-to-month,No internet service,No internet service,0.03,Low Risk,💰 Offer annual plan discount
8095-WANWK,10,45.25,Month-to-month,No,No,0.12,Low Risk,🔒 Offer OnlineSecurity add-on
3030-ZKIWL,1,20.05,Month-to-month,No internet service,No internet service,0.06316321099538146,Low Risk,📧 Send re-engagement email
9565-FLVCG,65,69.55,Two year,No,Yes,0.01,Low Risk,✅ Monitor
8755-OGKNA,57,19.5,Two year,No internet service,No internet service,0.0,,✅ Monitor
2800-VEQXM,3,74.75,Month-to-month,No,No,0.24,Low Risk,📧 Send re-engagement email
5533-RJFTJ,49,30.2,Month-to-month,No,No,0.28,Low Risk,🔒 Offer OnlineSecurity add-on
0214-JHPFW,70,57.8,Two year,Yes,No,0.0,,🔒 Offer OnlineSecurity add-on
5642-MHDQT,53,19.85,One year,No internet service,No internet service,0.03,Low Risk,✅ Monitor
3088-FVYWK,53,25.55,Two year,No internet service,No internet service,0.05,Low Risk,✅ Monitor
9092-GDZKO,22,24.85,Month-to-month,No internet service,No internet service,0.04,Low Risk,💰 Offer annual plan discount
3729-OWRVL,65,110.35,Two year,Yes,Yes,0.38,Medium Risk,✅ Monitor
2324-AALNO,48,24.55,One year,No internet service,No internet service,0.01,Low Risk,✅ Monitor
5760-IFJOZ,3,107.95,Month-to-month,No,No,0.23,Low Risk,📧 Send re-engagement email
2826-UWHIS,45,81.4,Month-to-month,No,No,0.09,Low Risk,🎯 Assign dedicated support agent
7501-IWUNG,61,73.8,Two year,Yes,No,0.0,,🔒 Offer OnlineSecurity add-on
4957-TREIR,3,64.4,Month-to-month,Yes,Yes,0.04,Low Risk,📧 Send re-engagement email
7251-LJBQN,40,103.75,One year,Yes,No,0.18,Low Risk,🔒 Offer OnlineSecurity add-on
8040-MNRTF,1,71.1,Month-to-month,No,No,0.7139281929348484,High Risk,📧 Send re-engagement email
1536-HBSWP,1,49.9,Month-to-month,Yes,No,0.55,Medium Risk,📧 Send re-engagement email
5313-FPXWG,51,24.6,One year,No internet service,No internet service,0.05,Low Risk,✅ Monitor
0946-FKYTX,52,30.1,One year,No,No,0.15,Low Risk,🔒 Offer OnlineSecurity add-on
5076-YVXCM,51,83.4,Month-to-month,No,No,0.12,Low Risk,🎯 Assign dedicated support agent
8262-COGGB,1,20.45,Month-to-month,No internet service,No internet service,0.03,Low Risk,📧 Send re-engagement email
6663-JOCQO,31,75.25,One year,Yes,Yes,0.02,Low Risk,✅ Monitor
9620-QJREV,47,20.55,One year,No internet service,No internet service,0.0,,✅ Monitor
2682-KEVRP,22,20.05,One year,No internet service,No internet service,0.01,Low Risk,✅ Monitor
2480-JZOSN,1,20.65,Month-to-month,No internet service,No internet service,0.27,Low Risk,📧 Send re-engagement email
0078-XZMHT,72,85.15,Two year,Yes,No,0.01,Low Risk,🔒 Offer OnlineSecurity add-on
9978-HYCIN,47,84.95,One year,No,No,0.08,Low Risk,🎯 Assign dedicated support agent
8338-QIUNR,72,66.5,Two year,Yes,Yes,0.05,Low Risk,✅ Monitor
1525-LNLOJ,66,63.3,Two year,No,No,0.03,Low Risk,🔒 Offer OnlineSecurity add-on
9450-TRJUU,35,83.15,Month-to-month,No,No,0.42,Medium Risk,🎯 Assign dedicated support agent
1766-GKNMI,29,84.9,Month-to-month,No,No,0.3,Low Risk,🎯 Assign dedicated support agent
6942-LBFDP,2,20.55,Month-to-month,No internet service,No internet service,0.02,Low Risk,📧 Send re-engagement email
1456-TWCGB,4,49.25,Month-to-month,No,No,0.09,Low Risk,🔒 Offer OnlineSecurity add-on
7596-ZYWBB,65,59.6,Two year,Yes,Yes,0.0,,✅ Monitor
8329-UTMVM,27,104.65,One year,Yes,No,0.08,Low Risk,🔒 Offer OnlineSecurity add-on
3014-WJKSM,29,75.3,Month-to-month,No,No,0.09,Low Risk,🔒 Offer OnlineSecurity add-on
3347-YJZZE,29,80.1,Month-to-month,No,No,0.07,Low Risk,🎯 Assign dedicated support agent
7929-DMBCV,20,81.0,Month-to-month,Yes,No,0.12,Low Risk,🔒 Offer OnlineSecurity add-on
9661-JALZV,58,24.7,Two year,No internet service,No internet service,0.02,Low Risk,✅ Monitor
5433-KYGHE,14,86.0,Month-to-month,Yes,Yes,0.16,Low Risk,💰 Offer annual plan discount
4312-KFRXN,72,25.4,Two year,No internet service,No internet service,0.0,,✅ Monitor
5575-TPIZQ,46,89.15,Month-to-month,No,Yes,0.3,Low Risk,🎯 Assign dedicated support agent
0114-IGABW,71,58.25,Two year,Yes,No,0.0,,🔒 Offer OnlineSecurity add-on
9944-AEXBM,32,85.65,Month-to-month,No,No,0.49,Medium Risk,🎯 Assign dedicated support agent
1853-ARAAQ,26,50.35,Month-to-month,No,No,0.08,Low Risk,🔒 Offer OnlineSecurity add-on
6952-OMNWB,68,80.35,Month-to-month,No,No,0.08,Low Risk,🎯 Assign dedicated support agent
4697-LUPSU,2,20.2,One year,No internet service,No internet service,0.01,Low Risk,✅ Monitor
8434-VGEQQ,61,20.55,Two year,No internet service,No internet service,0.0,,✅ Monitor
6549-YMFAW,9,21.25,Month-to-month,No internet service,No internet service,0.14,Low Risk,✅ Monitor
4950-HKQTE,22,26.25,Two year,No internet service,No internet service,0.0,,✅ Monitor
6786-OBWQR,5,80.85,Month-to-month,No,No,0.27,Low Risk,🎯 Assign dedicated support agent
2753-JMMCV,65,74.2,Two year,Yes,No,0.03,Low Risk,🔒 Offer OnlineSecurity add-on
6621-YOBKI,5,20.35,Month-to-month,No internet service,No internet service,0.03,Low Risk,✅ Monitor
1216-JWVUX,25,75.5,Month-to-month,No,No,0.24,Low Risk,🔒 Offer OnlineSecurity add-on
7564-GHCVB,72,79.05,Two year,No,Yes,0.01,Low Risk,✅ Monitor
1173-NOEYG,27,90.15,Month-to-month,No,No,0.11,Low Risk,🎯 Assign dedicated support agent
7595-EHCDL,32,50.6,Month-to-month,No,No,0.02,Low Risk,🔒 Offer OnlineSecurity add-on
6647-ZEDXT,30,110.45,One year,Yes,No,0.07,Low Risk,🔒 Offer OnlineSecurity add-on
2521-NPUZR,70,101.0,Two year,Yes,Yes,0.01,Low Risk,✅ Monitor
1307-TVUFB,42,79.35,Month-to-month,No,No,0.1,Low Risk,🔒 Offer OnlineSecurity add-on
7503-MIOGA,72,89.85,Two year,Yes,Yes,0.0,,✅ Monitor
4381-MHQDC,47,65.0,Two year,Yes,Yes,0.02,Low Risk,✅ Monitor
6923-JHPMP,2,80.45,Month-to-month,No,Yes,0.21,Low Risk,📧 Send re-engagement email
4018-PPNDW,61,24.1,Two year,No internet service,No internet service,0.0,,✅ Monitor
1635-FJFCC,5,44.05,Month-to-month,No,No,0.18,Low Risk,🔒 Offer OnlineSecurity add-on
2499-AJYUA,72,110.8,Two year,Yes,No,0.0,,🔒 Offer OnlineSecurity add-on
6919-ELBGL,72,114.95,Two year,Yes,Yes,0.0,,✅ Monitor
3966-HRMZA,3,75.05,Month-to-month,No,No,0.39214586490516434,Medium Risk,📧 Send re-engagement email
6425-JWTDV,48,19.25,Two year,No internet service,No internet service,0.0,,✅ Monitor
8405-IGQFX,63,90.05,One year,Yes,No,0.07,Low Risk,🔒 Offer OnlineSecurity add-on
8224-IVVPA,27,56.7,Month-to-month,No,Yes,0.03,Low Risk,💰 Offer annual plan discount
9477-LGWQI,70,80.15,Two year,No,Yes,0.02,Low Risk,🎯 Assign dedicated support agent
1410-RSCMR,7,71.35,Month-to-month,Yes,Yes,0.06,Low Risk,✅ Monitor
3115-CZMZD,0,20.25,Two year,No internet service,No internet service,0.0,,✅ Monitor
0139-IVFJG,2,90.35,Month-to-month,No,Yes,0.11,Low Risk,📧 Send re-engagement email
5730-DBDSI,66,19.7,Two year,No internet service,No internet service,0.0,,✅ Monitor
0030-FNXPP,3,19.85,Month-to-month,No internet service,No internet service,0.04,Low Risk,📧 Send re-engagement email
5684-FJVYR,72,90.35,Two year,Yes,Yes,0.0,,✅ Monitor
4013-GUXND,1,20.8,Month-to-month,No internet service,No internet service,0.6860752567520152,High Risk,📧 Send re-engagement email
1266-NZYUI,72,66.85,Two year,Yes,Yes,0.07,Low Risk,✅ Monitor
7969-FFOWG,65,19.9,Two year,No internet service,No internet service,0.0,,✅ Monitor
4718-DHSMV,11,35.8,Month-to-month,No,No,0.16,Low Risk,🔒 Offer OnlineSecurity add-on
5175-WLYXL,22,78.85,Month-to-month,No,No,0.22,Low Risk,🔒 Offer OnlineSecurity add-on
7817-OMJNA,14,20.4,One year,No internet service,No internet service,0.03,Low Risk,✅ Monitor
8728-SKJLR,41,74.25,Month-to-month,Yes,No,0.43,Medium Risk,🔒 Offer OnlineSecurity add-on
3137-NYQQI,17,64.8,One year,No,Yes,0.03,Low Risk,✅ Monitor
7706-DZNKK,11,20.45,Month-to-month,No internet service,No internet service,0.05,Low Risk,✅ Monitor
8823-RLPWL,72,110.65,Two year,No,Yes,0.0,,🎯 Assign dedicated support agent
9505-SQFSW,3,40.3,Month-to-month,No,No,0.11,Low Risk,📧 Send re-engagement email
3758-CKOQL,59,107.0,One year,Yes,Yes,0.07,Low Risk,✅ Monitor
5676-CFLYY,71,73.35,Two year,Yes,No,0.01,Low Risk,🔒 Offer OnlineSecurity add-on
7521-AFHAB,5,44.8,Month-to-month,No,No,0.1,Low Risk,🔒 Offer OnlineSecurity add-on
0285-INHLN,27,54.75,Month-to-month,No,Yes,0.07,Low Risk,💰 Offer annual plan discount
5125-CNDSP,63,40.6,One year,Yes,Yes,0.0,,✅ Monitor
4992-LTJNE,72,55.3,Two year,No,Yes,0.0,,✅ Monitor
2202-OUTMO,34,60.85,Month-to-month,Yes,Yes,0.02,Low Risk,💰 Offer annual plan discount
0810-BDHAW,24,78.4,One year,No,Yes,0.01,Low Risk,✅ Monitor
0229-LFJAF,72,69.65,Two year,Yes,Yes,0.01,Low Risk,✅ Monitor
7131-ZQZNK,60,59.85,Two year,Yes,Yes,0.0,,✅ Monitor
3442-ZHHCC,68,76.9,One year,No,Yes,0.11,Low Risk,✅ Monitor
5726-CVNYA,8,19.85,Two year,No internet service,No internet service,0.1,Low Risk,✅ Monitor
9871-ELEYA,34,67.65,Two year,Yes,Yes,0.02,Low Risk,✅ Monitor
4257-GAESD,6,45.0,Month-to-month,No,No,0.15,Low Risk,🔒 Offer OnlineSecurity add-on
5173-WXOQV,2,64.2,Month-to-month,Yes,No,0.08,Low Risk,📧 Send re-engagement email
2040-OBMLJ,31,81.7,One year,Yes,No,0.14,Low Risk,🔒 Offer OnlineSecurity add-on
6286-ZHAOK,20,25.55,Month-to-month,No internet service,No internet service,0.05,Low Risk,💰 Offer annual plan discount
3807-XHCJH,1,20.0,Month-to-month,No internet service,No internet service,0.25,Low Risk,📧 Send re-engagement email
5671-RQRLP,70,75.65,Two year,No,No,0.07,Low Risk,🔒 Offer OnlineSecurity add-on
8859-AXJZP,39,23.8,Two year,No internet service,No internet service,0.0,,✅ Monitor
3174-AKMAS,46,64.2,Two year,Yes,No,0.03,Low Risk,🔒 Offer OnlineSecurity add-on
9926-PJHDQ,72,76.8,Two year,No,No,0.18,Low Risk,🔒 Offer OnlineSecurity add-on
7382-DFJTU,18,55.2,Month-to-month,Yes,No,0.12,Low Risk,🔒 Offer OnlineSecurity add-on
2798-NYLMZ,71,108.55,Two year,Yes,Yes,0.35,Medium Risk,✅ Monitor
8098-TDCBU,42,25.25,Two year,No internet service,No internet service,0.0,,✅ Monitor
3551-GAEGL,34,30.4,One year,No,Yes,0.03,Low Risk,✅ Monitor
4785-NKHCX,5,20.05,Month-to-month,No internet service,No internet service,0.12,Low Risk,✅ Monitor
3196-NVXLZ,25,84.6,Month-to-month,No,No,0.21,Low Risk,🎯 Assign dedicated support agent
0036-IHMOT,55,103.7,One year,Yes,No,0.06,Low Risk,🔒 Offer OnlineSecurity add-on
4178-EGMON,70,88.0,Two year,Yes,Yes,0.0,,✅ Monitor
4220-TINQT,61,106.35,Month-to-month,Yes,No,0.12,Low Risk,🔒 Offer OnlineSecurity add-on
5318-YKDPV,43,79.15,Two year,Yes,Yes,0.05,Low Risk,✅ Monitor
7975-TZMLR,47,103.1,One year,No,No,0.18,Low Risk,🎯 Assign dedicated support agent
0295-QVKPB,5,63.95,Month-to-month,Yes,No,0.09,Low Risk,🔒 Offer OnlineSecurity add-on
4335-BSMJS,62,25.8,Two year,No internet service,No internet service,0.0,,✅ Monitor
9146-JRIOX,14,25.55,Month-to-month,No internet service,No internet service,0.03,Low Risk,💰 Offer annual plan discount
5337-IIWKZ,34,44.85,Month-to-month,Yes,No,0.01,Low Risk,🔒 Offer OnlineSecurity add-on
9650-VBUOG,38,25.05,Two year,No internet service,No internet service,0.0,,✅ Monitor
3487-EARAT,70,74.1,One year,Yes,Yes,0.09,Low Risk,✅ Monitor
2672-TGEFF,37,88.8,Month-to-month,No,No,0.06,Low Risk,🎯 Assign dedicated support agent
4250-WAROZ,60,93.25,Month-to-month,No,Yes,0.01,Low Risk,🎯 Assign dedicated support agent
8184-WMOFI,62,71.4,One year,Yes,Yes,0.0,,✅ Monitor
6092-QZVPP,36,79.2,Month-to-month,Yes,Yes,0.02,Low Risk,💰 Offer annual plan discount
4625-LAMOB,44,20.4,Two year,No internet service,No internet service,0.0,,✅ Monitor
0392-BZIUW,72,105.0,Two year,No,Yes,0.02,Low Risk,🎯 Assign dedicated support agent
6549-NNDYT,13,30.85,Month-to-month,No,Yes,0.15,Low Risk,💰 Offer annual plan discount
0422-OHQHQ,15,20.55,One year,No internet service,No internet service,0.0,,✅ Monitor
6916-HIJSE,65,84.85,Two year,Yes,Yes,0.0,,✅ Monitor
2316-ESMLS,12,33.15,One year,Yes,Yes,0.04,Low Risk,✅ Monitor
9778-OGKQZ,72,92.0,Two year,Yes,Yes,0.0,,✅ Monitor
7408-OFWXJ,72,89.8,Two year,Yes,Yes,0.0,,✅ Monitor
6007-TCTST,72,115.8,Two year,Yes,Yes,0.0,,✅ Monitor
2252-NKNSI,52,85.15,Two year,Yes,Yes,0.0,,✅ Monitor
8713-IGZSO,2,24.85,Month-to-month,No internet service,No internet service,0.05,Low Risk,📧 Send re-engagement email
7905-TVXTA,5,64.35,Month-to-month,Yes,Yes,0.06,Low Risk,✅ Monitor
7695-PKLCZ,68,20.5,Two year,No internet service,No internet service,0.0,,✅ Monitor
8374-UULRV,72,86.05,Two year,Yes,Yes,0.0,,✅ Monitor
3224-DFQNQ,66,89.0,One year,Yes,Yes,0.01,Low Risk,✅ Monitor
5275-PMFUT,72,64.8,Two year,Yes,Yes,0.0,,✅ Monitor
4795-UXVCJ,26,19.8,One year,No internet service,No internet service,0.0,,✅ Monitor
9777-IQHWP,64,93.4,Two year,No,Yes,0.07,Low Risk,🎯 Assign dedicated support agent
0979-MOZQI,62,39.0,Two year,Yes,No,0.03,Low Risk,🔒 Offer OnlineSecurity add-on
2732-ISEZX,5,20.5,Month-to-month,No internet service,No internet service,0.02,Low Risk,✅ Monitor
0323-XWWTN,3,26.4,Two year,No internet service,No internet service,0.0,,✅ Monitor
1937-OTUKY,72,98.2,Two year,Yes,Yes,0.02,Low Risk,✅ Monitor
1573-LGXBA,57,97.55,One year,No,No,0.06,Low Risk,🎯 Assign dedicated support agent
1764-VUUMT,66,19.95,Two year,No internet service,No internet service,0.0,,✅ Monitor
4713-ZBURT,45,99.7,Two year,No,No,0.03,Low Risk,🎯 Assign dedicated support agent
3050-GBUSH,3,34.8,Month-to-month,No,No,0.24,Low Risk,📧 Send re-engagement email
7876-AEHIG,51,60.15,One year,Yes,Yes,0.04,Low Risk,✅ Monitor
7945-HLKEA,60,64.75,One year,Yes,Yes,0.02,Low Risk,✅ Monitor
9342-VNIMQ,33,54.65,Month-to-month,No,No,0.04,Low Risk,🔒 Offer OnlineSecurity add-on
3523-BRGUW,26,19.3,One year,No internet service,No internet service,0.0,,✅ Monitor
3199-NPKCN,67,111.25,One year,Yes,Yes,0.02,Low Risk,✅ Monitor
5170-PTRKA,49,35.8,One year,Yes,Yes,0.05,Low Risk,✅ Monitor
4661-NJEUX,1,20.05,Month-to-month,No internet service,No internet service,0.28,Low Risk,📧 Send re-engagement email
2123-AGEEN,7,84.35,Month-to-month,No,No,0.28,Low Risk,🎯 Assign dedicated support agent
1258-YMZNM,27,110.5,One year,No,Yes,0.09,Low Risk,🎯 Assign dedicated support agent
0048-LUMLS,37,91.2,One year,No,No,0.21,Low Risk,🎯 Assign dedicated support agent
5898-IGSLP,31,89.3,Month-to-month,Yes,Yes,0.05,Low Risk,💰 Offer annual plan discount
6259-WJQLC,32,81.1,Month-to-month,No,No,0.14,Low Risk,🎯 Assign dedicated support agent
7997-EASSD,63,81.2,One year,Yes,No,0.03,Low Risk,🔒 Offer OnlineSecurity add-on
0730-KOAVE,30,94.3,Month-to-month,No,Yes,0.59,Medium Risk,🎯 Assign dedicated support agent
8975-SKGRX,71,116.1,Two year,Yes,Yes,0.0,,✅ Monitor
0678-RLHVP,53,105.55,Two year,No,No,0.14,Low Risk,🎯 Assign dedicated support agent
2267-FPIMA,50,94.4,Month-to-month,No,Yes,0.06,Low Risk,🎯 Assign dedicated support agent
1051-GEJLJ,2,19.5,Month-to-month,No internet service,No internet service,0.5880593236840397,Medium Risk,📧 Send re-engagement email
5285-MVEHD,56,105.6,One year,No,Yes,0.21,Low Risk,🎯 Assign dedicated support agent
0379-DJQHR,67,81.35,Two year,No,Yes,0.07,Low Risk,🎯 Assign dedicated support agent
5543-QDCRY,4,56.4,Month-to-month,No,No,0.08,Low Risk,🔒 Offer OnlineSecurity add-on
0297-RBCSG,19,65.35,One year,Yes,No,0.26,Low Risk,🔒 Offer OnlineSecurity add-on
4694-PHWFW,8,19.95,Month-to-month,No internet service,No internet service,0.02,Low Risk,✅ Monitor
0835-JKADZ,71,111.25,Two year,Yes,No,0.03,Low Risk,🔒 Offer OnlineSecurity add-on
7508-SMHXL,15,89.0,Month-to-month,No,No,0.13,Low Risk,🎯 Assign dedicated support agent
3865-YIOTT,72,106.1,One year,No,Yes,0.03,Low Risk,🎯 Assign dedicated support agent
5993-BQHEA,12,20.05,One year,No internet service,No internet service,0.0,,✅ Monitor
6024-RUGGH,72,25.2,Two year,No internet service,No internet service,0.0,,✅ Monitor
3956-CJUST,23,75.4,Month-to-month,No,Yes,0.07,Low Risk,💰 Offer annual plan discount
4079-WWQQQ,72,65.55,Two year,Yes,Yes,0.0,,✅ Monitor
6103-BOCOU,26,80.7,Month-to-month,No,No,0.21,Low Risk,🎯 Assign dedicated support agent
5149-TGWDZ,21,104.55,One year,Yes,No,0.14,Low Risk,🔒 Offer OnlineSecurity add-on
7471-WNSUF,60,24.15,One year,No internet service,No internet service,0.01,Low Risk,✅ Monitor
8942-DBMHZ,12,20.45,Month-to-month,No internet service,No internet service,0.03,Low Risk,✅ Monitor
4301-VVZKA,16,75.4,Month-to-month,No,No,0.58,Medium Risk,🔒 Offer OnlineSecurity add-on
9199-PWQVC,63,79.7,One year,No,Yes,0.01,Low Risk,✅ Monitor
4824-GUCBY,22,81.7,Month-to-month,No,Yes,0.05,Low Risk,🎯 Assign dedicated support agent
5393-HJZSM,32,76.3,Month-to-month,Yes,Yes,0.06,Low Risk,💰 Offer annual plan discount
0862-PRCBS,68,103.75,Two year,Yes,No,0.01,Low Risk,🔒 Offer OnlineSecurity add-on
8812-ZRHFP,30,86.45,One year,No,No,0.07,Low Risk,🎯 Assign dedicated support agent
5146-CBVOE,16,75.1,Month-to-month,No,No,0.05,Low Risk,🔒 Offer OnlineSecurity add-on
0454-OKRCT,33,80.6,Two year,Yes,No,0.05,Low Risk,🔒 Offer OnlineSecurity add-on
5787-KXGIY,72,19.3,Two year,No internet service,No internet service,0.0,,✅ Monitor
4198-VFOEA,12,33.6,One year,Yes,Yes,0.02,Low Risk,✅ Monitor
6630-UJZMY,4,83.25,Month-to-month,No,No,0.84,High Risk,🎯 Assign dedicated support agent
5709-LVOEQ,0,80.85,Two year,No,Yes,0.13,Low Risk,🎯 Assign dedicated support agent
2692-AQCPF,65,108.05,One year,Yes,No,0.04,Low Risk,🔒 Offer OnlineSecurity add-on
0347-UBKUZ,15,19.9,Month-to-month,No internet service,No internet service,0.03,Low Risk,💰 Offer annual plan discount
0835-DUUIQ,24,21.05,One year,No internet service,No internet service,0.02,Low Risk,✅ Monitor
0811-GSDTP,13,30.15,Month-to-month,No,No,0.09,Low Risk,🔒 Offer OnlineSecurity add-on
7567-ECMCM,24,79.85,Month-to-month,No,No,0.13,Low Risk,🔒 Offer OnlineSecurity add-on
6115-ZTBFQ,72,65.5,Two year,Yes,Yes,0.01,Low Risk,✅ Monitor
6353-BRMMA,54,104.1,Month-to-month,No,Yes,0.13,Low Risk,🎯 Assign dedicated support agent
6231-WFGFH,4,20.5,Month-to-month,No internet service,No internet service,0.04,Low Risk,✅ Monitor
9904-EHEVJ,32,91.35,Month-to-month,No,No,0.1,Low Risk,🎯 Assign dedicated support agent
6169-PPETC,35,20.5,Two year,No internet service,No internet service,0.0,,✅ Monitor
8584-KMVXD,8,75.6,Month-to-month,No,No,0.22,Low Risk,🔒 Offer OnlineSecurity add-on
8467-WYNSR,22,55.1,Month-to-month,Yes,Yes,0.06,Low Risk,💰 Offer annual plan discount
0851-DFJKB,15,58.95,Month-to-month,Yes,Yes,0.08,Low Risk,💰 Offer annual plan discount
5382-SOYZL,22,95.1,Month-to-month,No,No,0.59,Medium Risk,🎯 Assign dedicated support agent
3261-CQXOL,71,25.45,Two year,No internet service,No internet service,0.0,,✅ Monitor
8388-FYNPZ,4,56.75,Month-to-month,No,Yes,0.05,Low Risk,✅ Monitor
4002-BQWPQ,25,81.75,Month-to-month,Yes,Yes,0.15,Low Risk,💰 Offer annual plan discount
5651-YLPRD,32,86.1,Month-to-month,No,No,0.41,Medium Risk,🎯 Assign dedicated support agent
2826-DXLQO,7,29.8,Month-to-month,No,Yes,0.12,Low Risk,✅ Monitor
4378-BZYFP,17,20.5,One year,No internet service,No internet service,0.0,,✅ Monitor
9489-UTFKA,8,60.9,Month-to-month,No,Yes,0.09,Low Risk,✅ Monitor
4849-PYRLQ,56,73.25,Two year,Yes,Yes,0.01,Low Risk,✅ Monitor
7764-BDPEE,3,20.85,Month-to-month,No internet service,No internet service,0.03,Low Risk,📧 Send re-engagement email
3429-IFLEM,71,77.35,Two year,Yes,Yes,0.02,Low Risk,✅ Monitor
5002-GCQFH,49,93.85,Month-to-month,No,Yes,0.15,Low Risk,🎯 Assign dedicated support agent
0556-FJEGU,58,70.1,Two year,Yes,No,0.03,Low Risk,🔒 Offer OnlineSecurity add-on
0604-THJFP,59,75.95,Two year,Yes,No,0.0,,🔒 Offer OnlineSecurity add-on
5879-SESNB,11,75.25,Month-to-month,No,No,0.26,Low Risk,🔒 Offer OnlineSecurity add-on
6461-PPAXN,35,54.95,One year,Yes,Yes,0.03,Low Risk,✅ Monitor
3318-ISQFQ,20,19.5,Month-to-month,No internet service,No internet service,0.04,Low Risk,💰 Offer annual plan discount
1106-HRLKZ,40,19.6,Two year,No internet service,No internet service,0.0,,✅ Monitor
2483-XSSMZ,39,47.85,One year,No,Yes,0.02,Low Risk,✅ Monitor
8165-ZJRNM,72,23.75,Two year,No internet service,No internet service,0.0,,✅ Monitor
2604-XVDAM,12,43.8,Month-to-month,No,No,0.08,Low Risk,🔒 Offer OnlineSecurity add-on
3717-OFRTN,1,19.75,Month-to-month,No internet service,No internet service,0.07,Low Risk,📧 Send re-engagement email
9046-JBFWA,27,19.15,Month-to-month,No internet service,No internet service,0.01,Low Risk,💰 Offer annual plan discount
3280-NMUVX,34,19.6,One year,No internet service,No internet service,0.0,,✅ Monitor
1206-EHBDD,56,80.3,Two year,No,Yes,0.01,Low Risk,🎯 Assign dedicated support agent
8361-LBRDI,58,24.35,Two year,No internet service,No internet service,0.0,,✅ Monitor
4883-KCPZJ,22,25.25,Two year,No internet service,No internet service,0.0,,✅ Monitor
9108-EQPNQ,10,26.1,Two year,No internet service,No internet service,0.01,Low Risk,✅ Monitor
7277-KAMWT,13,20.0,Two year,No internet service,No internet service,0.0,,✅ Monitor
2545-LXYVJ,72,20.7,Two year,No internet service,No internet service,0.0,,✅ Monitor
3234-VKACU,2,70.3,Month-to-month,Yes,No,0.17,Low Risk,📧 Send re-engagement email
8120-JDCAM,4,69.55,Month-to-month,No,No,0.16,Low Risk,🔒 Offer OnlineSecurity add-on
8917-FAEMR,37,19.85,Two year,No internet service,No internet service,0.0,,✅ Monitor
7047-YXDMZ,21,20.0,Month-to-month,No internet service,No internet service,0.01,Low Risk,💰 Offer annual plan discount
2858-EIMXH,53,95.85,One year,No,No,0.18,Low Risk,🎯 Assign dedicated support agent
6419-ZTTLE,23,20.75,One year,No internet service,No internet service,0.01,Low Risk,✅ Monitor
0929-HYQEW,3,50.15,Month-to-month,No,Yes,0.14,Low Risk,📧 Send re-engagement email
6614-YOLAC,71,58.65,Two year,Yes,Yes,0.02,Low Risk,✅ Monitor
7426-RHZGU,9,95.9,Month-to-month,Yes,No,0.1,Low Risk,🔒 Offer OnlineSecurity add-on
4065-JJAVA,1,49.5,Month-to-month,No,No,0.26,Low Risk,📧 Send re-engagement email
7649-SIJJF,71,80.1,Two year,Yes,Yes,0.02,Low Risk,✅ Monitor
9361-YNQWJ,64,24.4,One year,No internet service,No internet service,0.01,Low Risk,✅ Monitor
3748-FVMZZ,4,40.05,Month-to-month,Yes,No,0.18,Low Risk,🔒 Offer OnlineSecurity add-on
9391-TTOYH,23,19.5,Month-to-month,No internet service,No internet service,0.02,Low Risk,💰 Offer annual plan discount
1452-XRSJV,39,51.05,Month-to-month,No,Yes,0.02,Low Risk,💰 Offer annual plan discount
3422-WJOYD,28,54.35,One year,Yes,Yes,0.0,,✅ Monitor
8242-SOQUO,5,84.7,Month-to-month,No,No,0.28,Low Risk,🎯 Assign dedicated support agent
7460-ITWWP,45,86.1,Month-to-month,No,No,0.5,Medium Risk,🎯 Assign dedicated support agent
7147-AYBAA,37,70.35,Month-to-month,No,No,0.13,Low Risk,🔒 Offer OnlineSecurity add-on
7868-TMWMZ,60,110.0,Two year,Yes,Yes,0.04,Low Risk,✅ Monitor
6732-FZUGP,47,94.9,One year,No,Yes,0.01,Low Risk,🎯 Assign dedicated support agent
8329-GWVPJ,50,69.75,Month-to-month,No,No,0.15,Low Risk,🔒 Offer OnlineSecurity add-on
1352-VHKAJ,27,71.6,Month-to-month,Yes,No,0.04,Low Risk,🔒 Offer OnlineSecurity add-on
2632-TACXW,62,23.65,Two year,No internet service,No internet service,0.0,,✅ Monitor
8146-QQKZH,71,81.85,Two year,Yes,Yes,0.0,,✅ Monitor
1767-CJKBA,66,25.1,Two year,No internet service,No internet service,0.0,,✅ Monitor
6445-TNRXS,68,114.7,Two year,Yes,Yes,0.03,Low Risk,✅ Monitor
4581-LNWUM,13,49.15,Month-to-month,No,No,0.41,Medium Risk,🔒 Offer OnlineSecurity add-on
4869-EPIUS,56,80.9,One year,No,No,0.05,Low Risk,🎯 Assign dedicated support agent
1915-OAKWD,16,19.3,One year,No internet service,No internet service,0.03,Low Risk,✅ Monitor
7296-PIXQY,14,70.2,Month-to-month,No,No,0.2,Low Risk,🔒 Offer OnlineSecurity add-on
3354-OADJP,8,54.25,One year,Yes,Yes,0.08,Low Risk,✅ Monitor
3524-WQDSG,43,99.3,Month-to-month,No,No,0.47,Medium Risk,🎯 Assign dedicated support agent
0810-DHDBD,52,74.0,One year,Yes,Yes,0.04,Low Risk,✅ Monitor
4026-SKKHW,3,50.25,Month-to-month,Yes,No,0.07,Low Risk,📧 Send re-engagement email
2829-HYVZP,29,19.8,One year,No internet service,No internet service,0.0,,✅ Monitor
3845-JHAMY,16,35.5,Month-to-month,No,No,0.12,Low Risk,🔒 Offer OnlineSecurity add-on
7013-PSXHK,40,80.75,One year,Yes,No,0.1,Low Risk,🔒 Offer OnlineSecurity add-on
3486-NPGST,36,19.55,One year,No internet service,No internet service,0.0,,✅ Monitor
6100-FJZDG,26,20.05,One year,No internet service,No internet service,0.0,,✅ Monitor
4829-ZLJTK,72,112.4,Two year,No,Yes,0.01,Low Risk,🎯 Assign dedicated support agent
1730-VFMWO,34,50.2,Month-to-month,Yes,No,0.05,Low Risk,🔒 Offer OnlineSecurity add-on
7143-BQIBA,10,62.25,Month-to-month,Yes,Yes,0.05,Low Risk,✅ Monitor
3800-LYTRK,14,55.7,One year,Yes,Yes,0.0,,✅ Monitor
9646-NMHXE,47,19.65,Two year,No internet service,No internet service,0.0,,✅ Monitor
7030-NJVDP,24,89.25,Month-to-month,Yes,Yes,0.11,Low Risk,💰 Offer annual plan discount
8883-GRDWQ,20,54.0,One year,Yes,Yes,0.05,Low Risk,✅ Monitor
7771-ZONAT,22,56.75,Two year,Yes,No,0.03,Low Risk,🔒 Offer OnlineSecurity add-on
2111-DWYHN,1,21.1,Month-to-month,No internet service,No internet service,0.21734646787362444,Low Risk,📧 Send re-engagement email
4194-WHFCB,59,96.65,Month-to-month,Yes,No,0.03,Low Risk,🔒 Offer OnlineSecurity add-on
4121-AGSIN,58,24.5,One year,No internet service,No internet service,0.04,Low Risk,✅ Monitor
9845-PEEKO,59,79.2,Two year,No,No,0.05,Low Risk,🔒 Offer OnlineSecurity add-on
0455-XFASS,3,69.55,Month-to-month,No,No,0.19,Low Risk,📧 Send re-engagement email
0301-KOBTQ,32,20.05,Two year,No internet service,No internet service,0.0,,✅ Monitor
1751-NCDLI,46,98.85,Month-to-month,No,No,0.85,High Risk,🎯 Assign dedicated support agent
4367-NUYAO,0,25.75,Two year,No internet service,No internet service,0.0,,✅ Monitor
9170-ARBTB,52,19.6,One year,No internet service,No internet service,0.0,,✅ Monitor
7241-AJHFS,32,87.65,Month-to-month,Yes,Yes,0.06,Low Risk,💰 Offer annual plan discount
4546-FOKWR,16,74.75,Month-to-month,No,No,0.19,Low Risk,🔒 Offer OnlineSecurity add-on
9036-CSKBW,51,107.45,One year,No,Yes,0.12,Low Risk,🎯 Assign dedicated support agent
5832-TRLPB,29,75.35,One year,Yes,No,0.07,Low Risk,🔒 Offer OnlineSecurity add-on
8590-YFFQO,70,64.95,Two year,Yes,Yes,0.07,Low Risk,✅ Monitor
8659-IOOPU,71,100.45,Two year,Yes,Yes,0.02,Low Risk,✅ Monitor
1338-CECEE,41,68.5,One year,No,No,0.02,Low Risk,🔒 Offer OnlineSecurity add-on
7439-DKZTW,1,80.55,Month-to-month,No,No,0.35,Medium Risk,📧 Send re-engagement email
4646-QZXTF,7,81.25,Month-to-month,Yes,Yes,0.1,Low Risk,✅ Monitor
9742-XOKTS,67,89.55,One year,Yes,Yes,0.03,Low Risk,✅ Monitor
6921-OZMFH,5,55.7,Month-to-month,Yes,No,0.13,Low Risk,🔒 Offer OnlineSecurity add-on
9578-FOMUK,15,24.8,Month-to-month,No internet service,No internet service,0.05,Low Risk,💰 Offer annual plan discount
4712-UYOOI,20,20.0,Month-to-month,No internet service,No internet service,0.03,Low Risk,💰 Offer annual plan discount
7722-CVFXN,54,105.2,One year,Yes,No,0.1,Low Risk,🔒 Offer OnlineSecurity add-on
8717-VCTXJ,42,19.55,One year,No internet service,No internet service,0.0,,✅ Monitor
7363-QTBIW,9,79.75,Month-to-month,No,No,0.78,High Risk,🔒 Offer OnlineSecurity add-on
4159-NAAIX,63,97.45,Two year,No,No,0.0,,🎯 Assign dedicated support agent
0971-QIFJK,69,24.25,Two year,No internet service,No internet service,0.0,,✅ Monitor
9397-TZSHA,69,24.6,Two year,No internet service,No internet service,0.0,,✅ Monitor
3391-JSQEW,40,50.15,Month-to-month,No,No,0.02,Low Risk,🔒 Offer OnlineSecurity add-on
0343-QLUZP,60,39.6,Two year,No,Yes,0.01,Low Risk,✅ Monitor
2176-LVPNX,71,89.85,Two year,Yes,Yes,0.0,,✅ Monitor
3312-UUMZW,32,98.85,Month-to-month,No,No,0.52,Medium Risk,🎯 Assign dedicated support agent
1271-UODNO,39,53.85,Two year,Yes,No,0.06,Low Risk,🔒 Offer OnlineSecurity add-on
8461-EFQYM,38,24.25,One year,No internet service,No internet service,0.0,,✅ Monitor
6900-RBKER,52,89.45,Two year,No,No,0.05,Low Risk,🎯 Assign dedicated support agent
6891-JPYFF,48,105.25,Month-to-month,No,Yes,0.13,Low Risk,🎯 Assign dedicated support agent
1459-QNFQT,70,59.5,Two year,Yes,Yes,0.01,Low Risk,✅ Monitor
1047-NNCBF,20,70.55,Month-to-month,No,No,0.17,Low Risk,🔒 Offer OnlineSecurity add-on
3696-XRIEN,50,82.5,One year,Yes,Yes,0.06,Low Risk,✅ Monitor
0074-HDKDG,25,61.6,One year,No,Yes,0.03,Low Risk,✅ Monitor
8791-GFXLZ,12,49.05,Month-to-month,No,No,0.04,Low Risk,🔒 Offer OnlineSecurity add-on
9330-DHBFL,23,66.25,One year,Yes,Yes,0.05,Low Risk,✅ Monitor
0098-BOWSO,27,19.4,Month-to-month,No internet service,No internet service,0.0,,💰 Offer annual plan discount
3452-ABWRL,47,86.05,Month-to-month,No,No,0.15,Low Risk,🎯 Assign dedicated support agent
5859-HZYLF,26,19.15,Two year,No internet service,No internet service,0.0,,✅ Monitor
3156-QLHBO,2,19.25,Month-to-month,No internet service,No internet service,0.01,Low Risk,📧 Send re-engagement email
2208-NQBCT,26,81.95,Month-to-month,No,Yes,0.09,Low Risk,🎯 Assign dedicated support agent
1779-PWPMG,72,114.65,Two year,Yes,Yes,0.0,,✅ Monitor
6621-NRZAK,63,20.0,Two year,No internet service,No internet service,0.0,,✅ Monitor
0831-JNISG,71,19.8,Two year,No internet service,No internet service,0.0,,✅ Monitor
0774-IFUVM,11,65.15,Month-to-month,No,Yes,0.07,Low Risk,✅ Monitor
3082-WQRVY,14,19.65,One year,No internet service,No internet service,0.03,Low Risk,✅ Monitor
9553-DLCLU,13,88.95,Two year,Yes,Yes,0.02,Low Risk,✅ Monitor
1641-BYBTK,6,20.2,Month-to-month,No internet service,No internet service,0.0,,✅ Monitor
2460-NGXBJ,11,75.2,Month-to-month,No,No,0.16,Low Risk,🔒 Offer OnlineSecurity add-on
2446-ZKVAF,18,56.8,Month-to-month,No,No,0.09,Low Risk,🔒 Offer OnlineSecurity add-on
3522-CDKHF,32,75.5,Month-to-month,No,Yes,0.12,Low Risk,💰 Offer annual plan discount
1430-SFQSA,29,35.6,One year,Yes,Yes,0.01,Low Risk,✅ Monitor
0411-EZJZE,3,60.25,Month-to-month,No,No,0.21,Low Risk,📧 Send re-engagement email
8807-ARQET,41,40.35,Month-to-month,No,No,0.09,Low Risk,🔒 Offer OnlineSecurity add-on
8992-CEUEN,1,18.85,Month-to-month,No internet service,No internet service,0.34734646787362444,Medium Risk,📧 Send re-engagement email
4320-QMLLA,7,54.85,Month-to-month,No,No,0.09,Low Risk,🔒 Offer OnlineSecurity add-on
8777-PVYGU,52,64.3,One year,No,Yes,0.05,Low Risk,✅ Monitor
8292-ITGYJ,45,24.65,Two year,No internet service,No internet service,0.0,,✅ Monitor
6870-ZWMNX,70,76.1,Two year,Yes,No,0.0,,🔒 Offer OnlineSecurity add-on
0621-CXBKL,53,18.7,Two year,No internet service,No internet service,0.01,Low Risk,✅ Monitor
5268-DSMNQ,62,97.95,One year,No,No,0.02,Low Risk,🎯 Assign dedicated support agent
5334-JLAXU,60,94.1,Month-to-month,No,Yes,0.1,Low Risk,🎯 Assign dedicated support agent
6242-MBHPK,23,95.1,Month-to-month,No,Yes,0.22,Low Risk,🎯 Assign dedicated support agent
9359-UGBTK,67,72.35,One year,Yes,Yes,0.08,Low Risk,✅ Monitor
4782-OSFXZ,71,82.7,Two year,Yes,Yes,0.0,,✅ Monitor
6479-OAUSD,25,19.9,One year,No internet service,No internet service,0.0,,✅ Monitor
7129-ACFOG,5,53.8,Month-to-month,No,Yes,0.23,Low Risk,✅ Monitor
4189-NAKJS,26,51.55,One year,No,No,0.03,Low Risk,🔒 Offer OnlineSecurity add-on
5562-BETPV,1,19.65,One year,No internet service,No internet service,0.05,Low Risk,✅ Monitor
1282-IHQAC,70,44.05,One year,No,No,0.04,Low Risk,🔒 Offer OnlineSecurity add-on
9127-FHJBZ,72,114.0,Two year,Yes,Yes,0.0,,✅ Monitor
1641-RQDAY,32,100.4,Month-to-month,No,No,0.13,Low Risk,🎯 Assign dedicated support agent
6994-ORCWG,14,54.25,One year,No,No,0.07,Low Risk,🔒 Offer OnlineSecurity add-on
1346-UFHAX,13,80.0,Month-to-month,No,Yes,0.23,Low Risk,💰 Offer annual plan discount
2933-XEUJM,46,79.2,Two year,No,Yes,0.0,,✅ Monitor
5461-QKNTN,43,94.3,Month-to-month,Yes,No,0.39,Medium Risk,🔒 Offer OnlineSecurity add-on
4835-YSJMR,39,49.8,Two year,Yes,No,0.05,Low Risk,🔒 Offer OnlineSecurity add-on
3164-YAXFY,57,53.75,Month-to-month,No,Yes,0.06,Low Risk,💰 Offer annual plan discount
0887-WBJVH,53,93.45,One year,Yes,No,0.04,Low Risk,🔒 Offer OnlineSecurity add-on
4660-IRIBM,18,87.9,Month-to-month,No,Yes,0.62,High Risk,🎯 Assign dedicated support agent
7670-ZBPOQ,58,61.05,One year,Yes,Yes,0.03,Low Risk,✅ Monitor
8089-UZWLX,71,104.05,Two year,No,No,0.12,Low Risk,🎯 Assign dedicated support agent
0080-OROZO,35,99.25,One year,Yes,No,0.21,Low Risk,🔒 Offer OnlineSecurity add-on
3916-NRPAP,3,85.7,Month-to-month,No,No,0.21,Low Risk,📧 Send re-engagement email
6807-SIWJI,38,104.85,One year,No,Yes,0.05,Low Risk,🎯 Assign dedicated support agent
8221-HVAYI,35,69.15,Two year,Yes,Yes,0.0,,✅ Monitor
5232-NXPAY,47,74.45,Two year,Yes,No,0.01,Low Risk,🔒 Offer OnlineSecurity add-on
8967-SZQAS,14,50.45,Month-to-month,No,No,0.04,Low Risk,🔒 Offer OnlineSecurity add-on
4468-KAZHE,20,60.0,Month-to-month,No,No,0.11,Low Risk,🔒 Offer OnlineSecurity add-on
0455-ENTCR,66,85.25,Two year,Yes,Yes,0.02,Low Risk,✅ Monitor
8944-AILEF,15,19.45,Month-to-month,No internet service,No internet service,0.07,Low Risk,💰 Offer annual plan discount
5542-NKVRU,42,20.75,Two year,No internet service,No internet service,0.0,,✅ Monitor
7126-RBHSD,17,78.9,Month-to-month,No,Yes,0.2,Low Risk,💰 Offer annual plan discount
5370-IIVVL,37,104.5,One year,Yes,No,0.06,Low Risk,🔒 Offer OnlineSecurity add-on
6789-HJBWG,12,49.4,Month-to-month,No,No,0.01,Low Risk,🔒 Offer OnlineSecurity add-on
9087-EYCPR,60,25.0,Two year,No internet service,No internet service,0.0,,✅ Monitor
6791-YBNAK,18,25.55,Month-to-month,No,No,0.06,Low Risk,🔒 Offer OnlineSecurity add-on
6077-BDPXA,3,70.15,Month-to-month,No,No,0.21,Low Risk,📧 Send re-engagement email
0013-MHZWF,9,69.4,Month-to-month,Yes,No,0.38,Medium Risk,🔒 Offer OnlineSecurity add-on
8268-YDIXR,56,93.15,One year,No,Yes,0.13,Low Risk,🎯 Assign dedicated support agent
4291-SHSBH,7,69.55,Month-to-month,No,No,0.2,Low Risk,🔒 Offer OnlineSecurity add-on
6980-IMXXE,69,20.2,Two year,No internet service,No internet service,0.0,,✅ Monitor
0040-HALCW,54,20.4,Two year,No internet service,No internet service,0.0,,✅ Monitor
0784-GTUUK,62,23.75,One year,No internet service,No internet service,0.0,,✅ Monitor
2294-DMMUS,62,70.45,Month-to-month,No,No,0.09,Low Risk,🔒 Offer OnlineSecurity add-on
0872-JCPIB,17,65.75,Month-to-month,No,Yes,0.11,Low Risk,💰 Offer annual plan discount
3055-MJDSB,9,24.6,Month-to-month,No,No,0.23,Low Risk,🔒 Offer OnlineSecurity add-on
9091-WTUUY,64,69.25,Two year,Yes,Yes,0.01,Low Risk,✅ Monitor
7115-IRDHS,72,24.65,Two year,No internet service,No internet service,0.0,,✅ Monitor
8496-DMZUK,30,90.4,One year,No,Yes,0.07,Low Risk,🎯 Assign dedicated support agent
2040-VZIKE,49,100.85,Month-to-month,No,Yes,0.12,Low Risk,🎯 Assign dedicated support agent
9068-VPWQQ,61,75.35,Two year,Yes,Yes,0.01,Low Risk,✅ Monitor
0178-SZBHO,47,87.2,Month-to-month,No,No,0.17,Low Risk,🎯 Assign dedicated support agent
0384-RVBPI,20,64.4,Month-to-month,No,Yes,0.03,Low Risk,💰 Offer annual plan discount
1299-AURJA,70,24.7,Two year,No internet service,No internet service,0.0,,✅ Monitor
4525-VZCZG,54,105.85,One year,Yes,Yes,0.11,Low Risk,✅ Monitor
1543-LLLFT,61,98.3,One year,Yes,No,0.09,Low Risk,🔒 Offer OnlineSecurity add-on
2788-CJQAQ,13,19.45,One year,No internet service,No internet service,0.0,,✅ Monitor
0319-QZTCO,3,58.7,Month-to-month,No,No,0.16,Low Risk,📧 Send re-engagement email
2120-SMPEX,25,20.15,Month-to-month,No internet service,No internet service,0.03,Low Risk,💰 Offer annual plan discount
0096-FCPUF,30,64.5,Month-to-month,No,Yes,0.01,Low Risk,💰 Offer annual plan discount
0668-OGMHD,21,28.5,Month-to-month,No,Yes,0.32,Medium Risk,💰 Offer annual plan discount
6507-ZJSUR,23,90.45,Month-to-month,No,No,0.54,Medium Risk,🎯 Assign dedicated support agent
9408-HRXRK,45,105.15,Month-to-month,No,Yes,0.12,Low Risk,🎯 Assign dedicated support agent
5593-SUAOO,24,83.15,One year,No,No,0.04,Low Risk,🎯 Assign dedicated support agent
6766-HFKLA,56,103.2,Two year,Yes,No,0.08,Low Risk,🔒 Offer OnlineSecurity add-on
7617-EYGLW,1,19.45,Month-to-month,No internet service,No internet service,0.1184702752481326,Low Risk,📧 Send re-engagement email
9220-ZNKJI,55,88.8,Two year,Yes,No,0.02,Low Risk,🔒 Offer OnlineSecurity add-on
2226-ICFDO,72,85.9,Two year,Yes,Yes,0.0,,✅ Monitor
0723-VSOBE,45,34.2,One year,No,No,0.06,Low Risk,🔒 Offer OnlineSecurity add-on
5529-GIBVH,47,20.15,Two year,No internet service,No internet service,0.0,,✅ Monitor
9992-UJOEL,2,50.3,Month-to-month,No,No,0.63,High Risk,📧 Send re-engagement email
4741-WWJQZ,2,80.15,Month-to-month,Yes,Yes,0.36,Medium Risk,📧 Send re-engagement email
6625-UTXEW,12,51.25,Month-to-month,No,No,0.02,Low Risk,🔒 Offer OnlineSecurity add-on
6244-BESBM,69,95.2,Two year,Yes,No,0.04,Low Risk,🔒 Offer OnlineSecurity add-on
1004-NOZNR,56,94.8,One year,No,Yes,0.08,Low Risk,🎯 Assign dedicated support agent
1251-STYSZ,4,80.25,Month-to-month,No,Yes,0.13,Low Risk,🎯 Assign dedicated support agent
2612-PHGOX,64,76.1,Two year,Yes,No,0.0,,🔒 Offer OnlineSecurity add-on
8480-PPONV,62,115.55,Two year,Yes,Yes,0.04,Low Risk,✅ Monitor
8780-IHCRN,63,24.65,Two year,No internet service,No internet service,0.0,,✅ Monitor
4598-ZADCK,53,53.6,One year,Yes,Yes,0.03,Low Risk,✅ Monitor
1257-SXUXQ,5,19.45,Month-to-month,No internet service,No internet service,0.03,Low Risk,✅ Monitor
9681-KYGYB,49,88.2,Month-to-month,No,Yes,0.17,Low Risk,🎯 Assign dedicated support agent
7182-OVLBJ,62,101.15,Two year,No,Yes,0.04,Low Risk,🎯 Assign dedicated support agent
5095-ETBRJ,55,56.8,Two year,Yes,Yes,0.0,,✅ Monitor
7005-CYUIL,71,99.4,Two year,Yes,Yes,0.01,Low Risk,✅ Monitor
4821-WQOYN,72,20.1,Two year,No internet service,No internet service,0.02,Low Risk,✅ Monitor
4730-AWNAU,36,60.7,One year,Yes,Yes,0.03,Low Risk,✅ Monitor
3452-FLHYD,25,20.95,One year,No internet service,No internet service,0.0,,✅ Monitor
2388-LAESQ,72,114.85,Two year,Yes,Yes,0.0,,✅ Monitor
9531-NSBMR,36,19.25,One year,No internet service,No internet service,0.0,,✅ Monitor
6260-ONULR,1,62.8,Month-to-month,No,No,0.19,Low Risk,📧 Send re-engagement email
4389-UEFCZ,72,105.5,Two year,No,Yes,0.01,Low Risk,🎯 Assign dedicated support agent
8711-LOBKY,59,19.85,Two year,No internet service,No internet service,0.0,,✅ Monitor
8985-OOPOS,1,74.1,One year,Yes,No,0.33,Medium Risk,🔒 Offer OnlineSecurity add-on
8800-ZKRFW,30,107.5,Month-to-month,Yes,No,0.13,Low Risk,🔒 Offer OnlineSecurity add-on
2616-FLVQC,64,19.55,Two year,No internet service,No internet service,0.07,Low Risk,✅ Monitor
9968-FFVVH,63,68.8,One year,Yes,Yes,0.02,Low Risk,✅ Monitor
3108-PCCGG,72,84.45,Two year,No,Yes,0.0,,🎯 Assign dedicated support agent
8390-FESFV,62,84.5,Two year,Yes,No,0.0,,🔒 Offer OnlineSecurity add-on
3022-BEXHZ,67,111.2,Two year,Yes,No,0.05,Low Risk,🔒 Offer OnlineSecurity add-on
6248-TKCQV,70,80.6,Two year,Yes,Yes,0.02,Low Risk,✅ Monitor
6729-GDNGC,20,80.7,Month-to-month,No,No,0.23,Low Risk,🎯 Assign dedicated support agent
6198-ZFIOJ,5,75.6,Month-to-month,No,No,0.36,Medium Risk,🔒 Offer OnlineSecurity add-on
5989-OMNJE,24,57.6,One year,No,Yes,0.13,Low Risk,✅ Monitor
1291-CUOCY,72,110.6,Two year,Yes,No,0.0,,🔒 Offer OnlineSecurity add-on
9795-SHUHB,66,58.2,Two year,Yes,Yes,0.0,,✅ Monitor
3230-IUALN,45,81.0,Two year,Yes,Yes,0.01,Low Risk,✅ Monitor
0042-RLHYP,69,19.7,Two year,No internet service,No internet service,0.0,,✅ Monitor
4945-RVMTE,28,59.55,Month-to-month,No,No,0.18,Low Risk,🔒 Offer OnlineSecurity add-on
1866-NXPSP,36,75.55,One year,Yes,Yes,0.07,Low Risk,✅ Monitor
3941-XTSKM,42,45.1,One year,No,No,0.05,Low Risk,🔒 Offer OnlineSecurity add-on
1661-CZBAU,48,70.95,One year,Yes,Yes,0.01,Low Risk,✅ Monitor
5158-RIVOP,11,20.9,Two year,No internet service,No internet service,0.0,,✅ Monitor
9788-YTFGE,7,19.95,Month-to-month,No internet service,No internet service,0.04,Low Risk,✅ Monitor
9277-JOOMO,3,24.6,Month-to-month,No internet service,No internet service,0.01,Low Risk,📧 Send re-engagement email
1907-YLNYW,8,66.7,Month-to-month,No,Yes,0.04,Low Risk,✅ Monitor
8947-YRTDV,32,94.8,One year,No,Yes,0.03,Low Risk,🎯 Assign dedicated support agent
3161-ONRWK,60,65.85,One year,Yes,Yes,0.01,Low Risk,✅ Monitor
0114-RSRRW,10,19.95,Month-to-month,No internet service,No internet service,0.04,Low Risk,✅ Monitor
4565-NLZBV,71,24.65,Two year,No internet service,No internet service,0.0,,✅ Monitor
6682-VCIXC,43,51.25,One year,Yes,Yes,0.01,Low Risk,✅ Monitor
6475-VHUIZ,23,54.25,Month-to-month,Yes,No,0.06,Low Risk,🔒 Offer OnlineSecurity add-on
3910-MRQOY,72,19.4,Two year,No internet service,No internet service,0.0,,✅ Monitor
0661-WCQNQ,22,56.25,One year,Yes,Yes,0.05,Low Risk,✅ Monitor
7537-RBWEA,1,25.15,Month-to-month,No,No,0.35,Medium Risk,📧 Send re-engagement email
4656-CAURT,69,23.95,Two year,No internet service,No internet service,0.0,,✅ Monitor
0121-SNYRK,50,35.4,One year,Yes,Yes,0.02,Low Risk,✅ Monitor
3733-LSYCE,15,75.35,Month-to-month,No,No,0.07,Low Risk,🔒 Offer OnlineSecurity add-on
6265-FRMTQ,31,20.4,Two year,No internet service,No internet service,0.01,Low Risk,✅ Monitor
1371-DWPAZ,0,56.05,Two year,Yes,Yes,0.0,,✅ Monitor
2017-CCBLH,8,20.0,Two year,No internet service,No internet service,0.0,,✅ Monitor
7690-KPNCU,64,73.05,One year,No,Yes,0.1,Low Risk,✅ Monitor
0536-BGFMZ,28,20.5,Month-to-month,No internet service,No internet service,0.0,,💰 Offer annual plan discount
2293-IJWPS,57,100.75,One year,No,No,0.32,Medium Risk,🎯 Assign dedicated support agent
5469-NUJUR,19,19.95,Two year,No internet service,No internet service,0.0,,✅ Monitor
2625-TRCZQ,51,49.65,Month-to-month,No,No,0.06,Low Risk,🔒 Offer OnlineSecurity add-on
4102-HLENU,67,65.65,Two year,No,Yes,0.0,,✅ Monitor
7266-GSSJX,11,20.45,Month-to-month,No internet service,No internet service,0.09,Low Risk,✅ Monitor
7722-VJRQD,72,60.95,Two year,Yes,Yes,0.0,,✅ Monitor
7073-QETQY,66,20.35,One year,No internet service,No internet service,0.0,,✅ Monitor
5624-RYAMH,9,19.5,Month-to-month,No internet service,No internet service,0.01,Low Risk,✅ Monitor
0196-JTUQI,9,75.2,Month-to-month,No,No,0.16,Low Risk,🔒 Offer OnlineSecurity add-on
7130-YXBRO,48,111.45,Month-to-month,No,Yes,0.07,Low Risk,🎯 Assign dedicated support agent
9272-LSVYH,10,70.15,Month-to-month,No,No,0.11,Low Risk,🔒 Offer OnlineSecurity add-on
3084-DOWLE,72,92.0,Two year,Yes,Yes,0.01,Low Risk,✅ Monitor
1084-MNSMJ,51,85.5,Two year,Yes,Yes,0.0,,✅ Monitor
4238-HFHSN,61,82.15,Month-to-month,No,No,0.12,Low Risk,🎯 Assign dedicated support agent
6250-CGGUN,54,84.4,One year,Yes,Yes,0.03,Low Risk,✅ Monitor
5478-JJVZK,33,60.9,Month-to-month,No,Yes,0.03,Low Risk,💰 Offer annual plan discount
7596-IIWYC,27,20.25,Two year,No internet service,No internet service,0.0,,✅ Monitor
9793-WECQC,23,95.3,Month-to-month,No,No,0.21,Low Risk,🎯 Assign dedicated support agent
4291-HPAXL,1,19.85,Month-to-month,No internet service,No internet service,0.3,Low Risk,📧 Send re-engagement email
8999-YPYBV,45,84.35,Two year,Yes,Yes,0.01,Low Risk,✅ Monitor
1839-FBNFR,39,19.85,Two year,No internet service,No internet service,0.0,,✅ Monitor
3071-MVJCD,72,82.3,Two year,Yes,Yes,0.01,Low Risk,✅ Monitor
1697-BCSHV,58,66.8,Month-to-month,No,No,0.05,Low Risk,🔒 Offer OnlineSecurity add-on
0562-KBDVM,70,44.6,Two year,Yes,Yes,0.0,,✅ Monitor
1131-SUEKT,61,98.45,One year,Yes,No,0.09,Low Risk,🔒 Offer OnlineSecurity add-on
3717-OEAUQ,2,70.7,Month-to-month,No,No,0.5642917298103286,Medium Risk,📧 Send re-engagement email
4538-WNTMJ,46,24.95,One year,No internet service,No internet service,0.0,,✅ Monitor
9432-RUVSL,48,102.5,Two year,Yes,Yes,0.09,Low Risk,✅ Monitor
8060-HIWJJ,64,86.55,Two year,Yes,No,0.0,,🔒 Offer OnlineSecurity add-on
7684-XSZIY,72,24.3,Two year,No internet service,No internet service,0.0,,✅ Monitor
9089-UOWJG,12,58.35,Month-to-month,No,No,0.13,Low Risk,🔒 Offer OnlineSecurity add-on
8039-ACLPL,72,68.75,Two year,No,Yes,0.01,Low Risk,✅ Monitor
9885-AIBVB,29,85.8,Month-to-month,No,No,0.14,Low Risk,🎯 Assign dedicated support agent
1934-MKPXS,33,20.1,One year,No internet service,No internet service,0.0,,✅ Monitor
2592-YKDIF,1,20.35,Month-to-month,No internet service,No internet service,0.04630466249714364,Low Risk,📧 Send re-engagement email
2272-JKMSI,62,110.8,One year,Yes,No,0.1,Low Risk,🔒 Offer OnlineSecurity add-on
8714-CTZJW,4,82.85,Month-to-month,No,No,0.3,Low Risk,🎯 Assign dedicated support agent
3569-EDBPQ,24,84.35,Month-to-month,Yes,Yes,0.3,Low Risk,💰 Offer annual plan discount
3131-NWVFJ,14,19.55,One year,No internet service,No internet service,0.02,Low Risk,✅ Monitor
7521-YXVZY,3,19.95,Month-to-month,No internet service,No internet service,0.01,Low Risk,📧 Send re-engagement email
2373-NTKOD,8,66.25,Month-to-month,No,No,0.09,Low Risk,🔒 Offer OnlineSecurity add-on
1970-KKFWL,35,23.3,Two year,No internet service,No internet service,0.03,Low Risk,✅ Monitor
9337-SRRNI,66,25.3,Two year,No internet service,No internet service,0.0,,✅ Monitor
0895-UADGO,8,44.55,Two year,Yes,Yes,0.01,Low Risk,✅ Monitor
5678-VFNEQ,71,104.1,One year,No,Yes,0.03,Low Risk,🎯 Assign dedicated support agent
5977-CKHON,43,92.55,Month-to-month,No,No,0.15,Low Risk,🎯 Assign dedicated support agent
2692-BUCFV,29,101.45,Month-to-month,No,No,0.23,Low Risk,🎯 Assign dedicated support agent
1830-GGFNM,65,94.55,Two year,Yes,Yes,0.03,Low Risk,✅ Monitor
5302-BDJNT,35,95.5,Month-to-month,Yes,No,0.18,Low Risk,🔒 Offer OnlineSecurity add-on
5223-UZAVK,64,100.3,One year,No,Yes,0.06,Low Risk,🎯 Assign dedicated support agent
4859-ZSRDZ,58,55.5,Two year,Yes,No,0.0,,🔒 Offer OnlineSecurity add-on
5651-WYIPH,18,49.85,Month-to-month,No,No,0.12,Low Risk,🔒 Offer OnlineSecurity add-on
9350-VLHMB,67,89.55,Month-to-month,No,No,0.08,Low Risk,🎯 Assign dedicated support agent
3498-LZGQZ,63,19.15,Two year,No internet service,No internet service,0.02,Low Risk,✅ Monitor
8785-CJSHH,60,99.8,Month-to-month,No,No,0.48,Medium Risk,🎯 Assign dedicated support agent
3870-SPZSI,70,113.05,Two year,Yes,Yes,0.02,Low Risk,✅ Monitor
7560-QRBXH,48,19.95,One year,No internet service,No internet service,0.0,,✅ Monitor
7077-XJMET,12,74.15,Month-to-month,Yes,No,0.11,Low Risk,🔒 Offer OnlineSecurity add-on
8752-GHJFU,71,92.0,One year,Yes,Yes,0.02,Low Risk,✅ Monitor
6896-SRVYQ,44,73.85,Month-to-month,No,No,0.15,Low Risk,🔒 Offer OnlineSecurity add-on
4652-ODEVH,45,24.45,Two year,No internet service,No internet service,0.0,,✅ Monitor
6510-UPNKS,23,24.8,One year,No internet service,No internet service,0.02,Low Risk,✅ Monitor
6718-BDGHG,43,64.85,One year,Yes,No,0.0,,🔒 Offer OnlineSecurity add-on
9046-DQMTP,35,20.75,Month-to-month,No internet service,No internet service,0.01,Low Risk,💰 Offer annual plan discount
6439-LAJXL,9,68.95,Month-to-month,Yes,Yes,0.11,Low Risk,✅ Monitor
9052-VKDUW,65,109.4,Month-to-month,No,Yes,0.07,Low Risk,🎯 Assign dedicated support agent
1666-JZPZT,27,49.0,Month-to-month,No,No,0.01,Low Risk,🔒 Offer OnlineSecurity add-on
5777-KJIRB,40,50.25,One year,No,No,0.02,Low Risk,🔒 Offer OnlineSecurity add-on
7677-SJJJK,8,19.9,One year,No internet service,No internet service,0.03,Low Risk,✅ Monitor
2480-EJWYP,58,97.8,One year,No,No,0.45,Medium Risk,🎯 Assign dedicated support agent
3253-HKOKL,52,100.3,One year,No,Yes,0.03,Low Risk,🎯 Assign dedicated support agent
7055-HNEOJ,3,55.8,Month-to-month,Yes,No,0.26,Low Risk,📧 Send re-engagement email
5514-YQENT,41,111.15,Two year,Yes,Yes,0.13,Low Risk,✅ Monitor
3211-AAPKX,20,98.55,Month-to-month,Yes,No,0.24,Low Risk,🔒 Offer OnlineSecurity add-on
8445-DNBAE,1,50.05,Month-to-month,No,No,0.39,Medium Risk,📧 Send re-engagement email
2958-NHPPS,23,20.85,Month-to-month,No internet service,No internet service,0.01,Low Risk,💰 Offer annual plan discount
6806-YDEUL,6,19.5,Month-to-month,No internet service,No internet service,0.09,Low Risk,✅ Monitor
1735-XMJVH,8,19.35,Month-to-month,No internet service,No internet service,0.05,Low Risk,✅ Monitor
6890-PFRQX,18,69.5,Month-to-month,No,Yes,0.1,Low Risk,💰 Offer annual plan discount
0222-CNVPT,52,48.8,Month-to-month,No,Yes,0.08,Low Risk,💰 Offer annual plan discount
5899-OUVKV,31,94.5,Month-to-month,No,No,0.09,Low Risk,🎯 Assign dedicated support agent
8681-ICONS,29,20.65,Month-to-month,No internet service,No internet service,0.02,Low Risk,💰 Offer annual plan discount
1621-YNCJH,36,106.05,Two year,Yes,Yes,0.03,Low Risk,✅ Monitor
6362-QHAFM,42,108.3,One year,Yes,No,0.14,Low Risk,🔒 Offer OnlineSecurity add-on
3070-BDOQC,60,99.65,Two year,No,No,0.1,Low Risk,🎯 Assign dedicated support agent
6234-PFPXL,22,95.9,Month-to-month,Yes,Yes,0.35,Medium Risk,💰 Offer annual plan discount
9824-QCJPK,36,20.0,One year,No internet service,No internet service,0.0,,✅ Monitor
4283-IVYCI,9,64.95,Month-to-month,Yes,Yes,0.1,Low Risk,✅ Monitor
1866-OBPNR,1,74.6,Month-to-month,No,No,0.22,Low Risk,📧 Send re-engagement email
8205-MQUGY,12,49.2,Month-to-month,No,Yes,0.1,Low Risk,✅ Monitor
8970-ANWXO,23,73.75,One year,Yes,No,0.11,Low Risk,🔒 Offer OnlineSecurity add-on
9480-BQJEI,62,92.3,One year,No,Yes,0.19,Low Risk,🎯 Assign dedicated support agent
6979-TNDEU,8,19.2,Month-to-month,No internet service,No internet service,0.01,Low Risk,✅ Monitor
9777-WJJPR,31,88.65,Month-to-month,No,No,0.12,Low Risk,🎯 Assign dedicated support agent
9495-SKLKD,45,95.95,Month-to-month,No,No,0.19,Low Risk,🎯 Assign dedicated support agent
6048-UWKAL,69,105.4,Two year,Yes,No,0.04,Low Risk,🔒 Offer OnlineSecurity add-on
5067-DGXLL,2,20.25,Month-to-month,No internet service,No internet service,0.04,Low Risk,📧 Send re-engagement email
6281-FKEWS,44,49.05,One year,No,No,0.06,Low Risk,🔒 Offer OnlineSecurity add-on
8898-KASCD,39,35.55,One year,Yes,No,0.04,Low Risk,🔒 Offer OnlineSecurity add-on
9242-TKFSV,72,65.1,Two year,Yes,Yes,0.0,,✅ Monitor
9290-SHCMB,13,96.85,Month-to-month,No,No,0.32,Medium Risk,🎯 Assign dedicated support agent
0743-HNPFG,51,69.75,One year,Yes,Yes,0.05,Low Risk,✅ Monitor
2277-BKJKN,71,99.2,Two year,No,No,0.03,Low Risk,🎯 Assign dedicated support agent
5035-PGZXH,56,106.8,One year,No,No,0.13,Low Risk,🎯 Assign dedicated support agent
8695-WDYEA,1,51.25,Month-to-month,No,Yes,0.12,Low Risk,📧 Send re-engagement email
6543-JXSOO,23,57.75,One year,Yes,Yes,0.02,Low Risk,✅ Monitor
8016-ZMGMO,66,70.85,One year,No,No,0.02,Low Risk,🔒 Offer OnlineSecurity add-on
8605-ITULD,1,19.55,Month-to-month,No internet service,No internet service,0.06162260649670444,Low Risk,📧 Send re-engagement email
6416-YJTTB,11,79.5,Month-to-month,No,Yes,0.13,Low Risk,✅ Monitor
4472-VESGY,52,98.15,Month-to-month,No,Yes,0.09,Low Risk,🎯 Assign dedicated support agent
3195-TQDZX,3,20.25,Month-to-month,No internet service,No internet service,0.02,Low Risk,📧 Send re-engagement email
3128-YOVTD,51,79.15,Month-to-month,No,Yes,0.09,Low Risk,💰 Offer annual plan discount
1728-CXQBE,64,94.25,Month-to-month,No,No,0.04,Low Risk,🎯 Assign dedicated support agent
7041-TXQJH,37,40.2,Month-to-month,No,No,0.08,Low Risk,🔒 Offer OnlineSecurity add-on
5014-GSOUQ,13,19.95,Two year,No internet service,No internet service,0.0,,✅ Monitor
5724-BIDBU,49,55.35,One year,No,Yes,0.08,Low Risk,✅ Monitor
0481-SUMCB,45,102.15,One year,No,No,0.03,Low Risk,🎯 Assign dedicated support agent
1769-GRUIK,18,71.1,Month-to-month,No,No,0.1,Low Risk,🔒 Offer OnlineSecurity add-on
8819-WFGGJ,68,54.1,Two year,No,Yes,0.02,Low Risk,✅ Monitor
7427-AUFPY,54,19.65,Two year,No internet service,No internet service,0.01,Low Risk,✅ Monitor
2811-POVEX,23,88.45,Month-to-month,No,No,0.18,Low Risk,🎯 Assign dedicated support agent
7898-PDWQE,71,80.4,Two year,Yes,Yes,0.01,Low Risk,✅ Monitor
9972-EWRJS,67,19.25,Two year,No internet service,No internet service,0.0,,✅ Monitor
9314-IJWSQ,14,84.8,Month-to-month,No,No,0.19,Low Risk,🎯 Assign dedicated support agent
5799-JRCZO,63,19.5,Two year,No internet service,No internet service,0.01,Low Risk,✅ Monitor
1921-KYSAY,41,68.6,One year,Yes,No,0.05,Low Risk,🔒 Offer OnlineSecurity add-on
6198-RTPMF,17,92.6,Month-to-month,No,No,0.1,Low Risk,🎯 Assign dedicated support agent
2924-KHUVI,56,100.55,One year,No,Yes,0.32,Medium Risk,🎯 Assign dedicated support agent
1925-GMVBW,5,20.55,Month-to-month,No internet service,No internet service,0.08,Low Risk,✅ Monitor
6184-DYUOB,3,19.6,Month-to-month,No internet service,No internet service,0.11,Low Risk,📧 Send re-engagement email
9207-ZPANB,37,67.45,One year,Yes,Yes,0.03,Low Risk,✅ Monitor
9327-QSDED,8,43.55,Month-to-month,No,No,0.26,Low Risk,🔒 Offer OnlineSecurity add-on
1656-DRSMG,63,109.85,Month-to-month,Yes,No,0.07,Low Risk,🔒 Offer OnlineSecurity add-on
3012-VFFMN,7,20.65,Month-to-month,No internet service,No internet service,0.01,Low Risk,✅ Monitor
2984-AFWNC,3,95.4,Month-to-month,No,No,0.27,Low Risk,📧 Send re-engagement email
0640-YJTPY,72,21.0,Two year,No internet service,No internet service,0.0,,✅ Monitor
8096-LOIST,19,56.2,Month-to-month,No,No,0.15,Low Risk,🔒 Offer OnlineSecurity add-on
9764-REAFF,59,18.4,Two year,No internet service,No internet service,0.02,Low Risk,✅ Monitor
7107-UBYKY,35,25.75,Month-to-month,No internet service,No internet service,0.04,Low Risk,💰 Offer annual plan discount
4881-GQJTW,14,19.6,Month-to-month,No internet service,No internet service,0.0,,💰 Offer annual plan discount
7876-DNYAP,69,19.8,Two year,No internet service,No internet service,0.0,,✅ Monitor
7905-NJMXS,7,64.2,Month-to-month,Yes,Yes,0.17,Low Risk,✅ Monitor
2882-WDTBA,69,75.75,Two year,Yes,Yes,0.0,,✅ Monitor
2091-GPPIQ,72,78.95,Two year,Yes,No,0.01,Low Risk,🔒 Offer OnlineSecurity add-on
5071-FBJFS,4,50.3,Month-to-month,No,Yes,0.07,Low Risk,✅ Monitor
2796-UUZZO,63,80.3,Month-to-month,No,No,0.06,Low Risk,🎯 Assign dedicated support agent
2429-AYKKO,72,19.85,Two year,No internet service,No internet service,0.0,,✅ Monitor
9798-OPFEM,46,21.1,Two year,No internet service,No internet service,0.0,,✅ Monitor
3794-NFNCH,30,50.0,Month-to-month,No,No,0.04,Low Risk,🔒 Offer OnlineSecurity add-on
5193-QLVZB,63,104.75,Two year,No,No,0.03,Low Risk,🎯 Assign dedicated support agent
7114-AEOZE,60,19.85,Two year,No internet service,No internet service,0.03,Low Risk,✅ Monitor
5522-NYKPB,25,85.9,Month-to-month,Yes,No,0.09,Low Risk,🔒 Offer OnlineSecurity add-on
9957-YODKZ,6,80.8,Month-to-month,No,No,0.32,Medium Risk,🎯 Assign dedicated support agent
6518-KZXCB,22,25.25,Two year,No internet service,No internet service,0.01,Low Risk,✅ Monitor
2245-ADZFJ,31,80.55,Two year,Yes,No,0.06,Low Risk,🔒 Offer OnlineSecurity add-on
7776-QGYJC,39,81.5,Month-to-month,Yes,No,0.06,Low Risk,🔒 Offer OnlineSecurity add-on
9313-QOLTZ,26,20.9,Month-to-month,No internet service,No internet service,0.01,Low Risk,💰 Offer annual plan discount
4672-FOTSD,12,67.25,Month-to-month,Yes,Yes,0.25,Low Risk,✅ Monitor
9818-XQCUV,2,20.35,Month-to-month,No internet service,No internet service,0.05,Low Risk,📧 Send re-engagement email
7338-ERIVA,39,45.05,One year,Yes,Yes,0.02,Low Risk,✅ Monitor
8259-NFJTV,7,34.65,Month-to-month,Yes,Yes,0.09,Low Risk,✅ Monitor
3223-DWFIO,4,69.35,Month-to-month,No,No,0.17,Low Risk,🔒 Offer OnlineSecurity add-on
6968-GMKPR,55,81.55,Month-to-month,No,No,0.22,Low Risk,🎯 Assign dedicated support agent
4751-ERMAN,72,75.4,Two year,No,No,0.1,Low Risk,🔒 Offer OnlineSecurity add-on
1436-ZMJAN,10,67.8,Month-to-month,No,No,0.18,Low Risk,🔒 Offer OnlineSecurity add-on
3292-PBZEJ,11,111.4,Month-to-month,Yes,No,0.66,High Risk,🔒 Offer OnlineSecurity add-on
0799-DDIHE,15,46.3,Month-to-month,No,No,0.06,Low Risk,🔒 Offer OnlineSecurity add-on
3070-FNFZQ,23,20.4,Two year,No internet service,No internet service,0.0,,✅ Monitor
2812-SFXMJ,1,20.05,Month-to-month,No internet service,No internet service,0.07734646787362442,Low Risk,📧 Send re-engagement email
5014-WUQMG,47,96.1,One year,No,Yes,0.03,Low Risk,🎯 Assign dedicated support agent
5312-TSZVC,15,19.65,One year,No internet service,No internet service,0.01,Low Risk,✅ Monitor
0993-OSGPT,68,60.65,One year,Yes,No,0.02,Low Risk,🔒 Offer OnlineSecurity add-on
7108-DGVUU,21,71.7,One year,No,No,0.02,Low Risk,🔒 Offer OnlineSecurity add-on
2782-JEEBU,21,36.0,Month-to-month,Yes,No,0.05,Low Risk,🔒 Offer OnlineSecurity add-on
5127-BZENZ,56,65.2,One year,No,Yes,0.0,,✅ Monitor
2720-FVBQP,6,48.95,Month-to-month,No,No,0.35,Medium Risk,🔒 Offer OnlineSecurity add-on
9906-NHHVC,65,53.5,Two year,No,No,0.13,Low Risk,🔒 Offer OnlineSecurity add-on
4522-XRWWI,42,80.45,One year,Yes,Yes,0.07,Low Risk,✅ Monitor
3766-EJLFL,68,109.05,Two year,Yes,Yes,0.17,Low Risk,✅ Monitor
5939-SXWHM,48,26.3,Two year,No internet service,No internet service,0.0,,✅ Monitor
8152-UOBNY,50,106.8,One year,Yes,No,0.07,Low Risk,🔒 Offer OnlineSecurity add-on
7351-KYHQH,7,64.95,Month-to-month,No,No,0.07,Low Risk,🔒 Offer OnlineSecurity add-on
7643-RCHXS,63,19.35,Two year,No internet service,No internet service,0.0,,✅ Monitor
8246-SHFGA,17,21.1,Month-to-month,No internet service,No internet service,0.03,Low Risk,💰 Offer annual plan discount
0620-XEFWH,4,18.85,Month-to-month,No internet service,No internet service,0.01,Low Risk,✅ Monitor
6485-QXWWE,62,26.0,Two year,No internet service,No internet service,0.0,,✅ Monitor
7321-VGNKU,2,70.35,Month-to-month,No,No,0.15,Low Risk,📧 Send re-engagement email
5327-CNLUQ,48,96.9,Two year,No,Yes,0.02,Low Risk,🎯 Assign dedicated support agent
7552-KEYGT,27,19.55,Two year,No internet service,No internet service,0.01,Low Risk,✅ Monitor
5816-JMLGY,70,80.4,Two year,Yes,No,0.02,Low Risk,🔒 Offer OnlineSecurity add-on
2927-QRRQV,46,94.65,One year,No,No,0.07,Low Risk,🎯 Assign dedicated support agent
6265-SXWBU,69,95.75,One year,No,No,0.04,Low Risk,🎯 Assign dedicated support agent
7941-RCJOW,65,19.55,Two year,No internet service,No internet service,0.0,,✅ Monitor
6374-NTQLP,72,104.1,Two year,Yes,Yes,0.08,Low Risk,✅ Monitor
2387-KDZQY,17,20.1,One year,No internet service,No internet service,0.0,,✅ Monitor
3584-WKTTW,51,111.55,One year,Yes,Yes,0.18,Low Risk,✅ Monitor
3399-BMLVW,51,60.5,Two year,Yes,Yes,0.0,,✅ Monitor
1971-DTCZB,72,90.95,Two year,Yes,Yes,0.0,,✅ Monitor
3374-PZLXD,34,19.7,Month-to-month,No internet service,No internet service,0.02,Low Risk,💰 Offer annual plan discount
3813-DHBBB,67,50.95,Two year,Yes,Yes,0.0,,✅ Monitor
2812-REYAT,49,20.05,One year,No internet service,No internet service,0.0,,✅ Monitor
6518-PPLMZ,53,19.4,Two year,No internet service,No internet service,0.0,,✅ Monitor
4939-KYYPY,27,59.45,Month-to-month,Yes,No,0.01,Low Risk,🔒 Offer OnlineSecurity add-on
5930-GBIWP,69,81.5,Two year,Yes,Yes,0.05,Low Risk,✅ Monitor
6022-KOUQO,2,29.05,Month-to-month,Yes,No,0.2,Low Risk,📧 Send re-engagement email
2361-UPSND,46,70.6,One year,Yes,Yes,0.02,Low Risk,✅ Monitor
6035-RIIOM,54,97.2,Two year,No,No,0.1,Low Risk,🎯 Assign dedicated support agent
9504-DSHWM,20,59.2,Month-to-month,Yes,Yes,0.07,Low Risk,💰 Offer annual plan discount
5035-BVCXS,11,75.9,Month-to-month,No,No,0.18,Low Risk,🔒 Offer OnlineSecurity add-on
6267-DCFFZ,30,90.05,Month-to-month,No,No,0.15,Low Risk,🎯 Assign dedicated support agent
3533-UVMOM,68,70.95,Two year,No,Yes,0.02,Low Risk,✅ Monitor
2439-LYPMQ,38,102.6,Month-to-month,No,No,0.75,High Risk,🎯 Assign dedicated support agent
1478-VPOAD,1,43.8,Month-to-month,No,No,0.22,Low Risk,📧 Send re-engagement email
9995-HOTOH,63,59.0,Two year,No,Yes,0.06,Low Risk,✅ Monitor
2988-PLAHS,3,69.95,One year,No,No,0.55,Medium Risk,🔒 Offer OnlineSecurity add-on
1371-OJCEK,48,24.35,One year,No internet service,No internet service,0.02,Low Risk,✅ Monitor
4999-IEZLT,66,29.45,One year,Yes,No,0.04,Low Risk,🔒 Offer OnlineSecurity add-on
8883-ANODQ,68,84.4,Two year,No,No,0.02,Low Risk,🎯 Assign dedicated support agent
2351-RRBUE,7,20.65,One year,No internet service,No internet service,0.0,,✅ Monitor
5980-BDHPY,72,87.1,Two year,Yes,Yes,0.0,,✅ Monitor
1498-DQNRX,29,19.85,Month-to-month,No internet service,No internet service,0.01,Low Risk,💰 Offer annual plan discount
9469-WEJBT,37,90.35,Month-to-month,Yes,No,0.06,Low Risk,🔒 Offer OnlineSecurity add-on
2581-VKIRT,59,65.5,One year,Yes,Yes,0.02,Low Risk,✅ Monitor
7426-WEIJX,60,80.95,Month-to-month,No,Yes,0.26,Low Risk,🎯 Assign dedicated support agent
2851-MMUTZ,27,56.15,Month-to-month,Yes,No,0.05,Low Risk,🔒 Offer OnlineSecurity add-on
3307-TLCUD,17,34.4,Month-to-month,No,Yes,0.05,Low Risk,💰 Offer annual plan discount
6625-FLENO,58,20.75,Two year,No internet service,No internet service,0.0,,✅ Monitor
2967-MXRAV,1,18.8,One year,No internet service,No internet service,0.05,Low Risk,✅ Monitor
8189-HBVRW,53,90.8,Month-to-month,No,Yes,0.07,Low Risk,🎯 Assign dedicated support agent
4163-KIUHY,35,25.6,Month-to-month,No internet service,No internet service,0.02,Low Risk,💰 Offer annual plan discount
3500-NSDOA,68,70.8,Two year,Yes,No,0.03,Low Risk,🔒 Offer OnlineSecurity add-on
1171-TYKUR,47,25.4,Month-to-month,No internet service,No internet service,0.03,Low Risk,💰 Offer annual plan discount
3761-FLYZI,65,108.8,Month-to-month,No,No,0.09,Low Risk,🎯 Assign dedicated support agent
1219-NNDDO,9,76.85,Month-to-month,No,No,0.18,Low Risk,🔒 Offer OnlineSecurity add-on
8388-DMKAE,8,20.25,Two year,No internet service,No internet service,0.01,Low Risk,✅ Monitor
4403-BWPAY,14,24.8,One year,No internet service,No internet service,0.01,Low Risk,✅ Monitor
9659-QEQSY,45,115.65,Month-to-month,Yes,Yes,0.12,Low Risk,💰 Offer annual plan discount
5405-ZMYXQ,8,74.6,Month-to-month,No,No,0.22,Low Risk,🔒 Offer OnlineSecurity add-on
1442-OKRJE,66,103.15,One year,No,Yes,0.05,Low Risk,🎯 Assign dedicated support agent
4737-AQCPU,72,72.1,Two year,Yes,Yes,0.01,Low Risk,✅ Monitor
2808-CHTDM,23,25.1,Two year,No internet service,No internet service,0.0,,✅ Monitor
0793-TWELN,4,80.15,Month-to-month,No,Yes,0.12,Low Risk,🎯 Assign dedicated support agent
3283-WCWXT,6,25.4,Two year,No internet service,No internet service,0.02,Low Risk,✅ Monitor
1060-ENTOF,67,105.4,One year,Yes,Yes,0.07,Low Risk,✅ Monitor
0999-QXNSA,7,45.75,Month-to-month,No,No,0.15,Low Risk,🔒 Offer OnlineSecurity add-on
5451-MHQOF,56,24.45,One year,No internet service,No internet service,0.0,,✅ Monitor
4836-WNFNO,72,25.0,Two year,No internet service,No internet service,0.0,,✅ Monitor
9225-BZLNZ,72,85.25,Two year,No,Yes,0.01,Low Risk,🎯 Assign dedicated support agent
0354-VXMJC,23,19.6,Two year,No internet service,No internet service,0.0,,✅ Monitor
4422-QVIJA,35,50.15,Month-to-month,No,No,0.03,Low Risk,🔒 Offer OnlineSecurity add-on
9365-SRSZE,27,70.55,Month-to-month,No,No,0.22,Low Risk,🔒 Offer OnlineSecurity add-on
8332-OSJDW,12,26.4,One year,No internet service,No internet service,0.02,Low Risk,✅ Monitor
4735-BJKOU,40,20.15,Two year,No internet service,No internet service,0.0,,✅ Monitor
0274-JKUJR,7,58.85,Month-to-month,No,Yes,0.07,Low Risk,✅ Monitor
5740-YHGTW,70,97.55,Month-to-month,No,Yes,0.14,Low Risk,🎯 Assign dedicated support agent
8917-SZTTJ,60,19.65,Two year,No internet service,No internet service,0.0,,✅ Monitor
1696-MZVAU,39,25.25,One year,No,No,0.07,Low Risk,🔒 Offer OnlineSecurity add-on
7359-WWYJV,72,114.45,Two year,Yes,Yes,0.0,,✅ Monitor
4906-ZHGPK,54,70.7,One year,Yes,No,0.01,Low Risk,🔒 Offer OnlineSecurity add-on
3795-GWTRD,63,75.55,Two year,Yes,Yes,0.03,Low Risk,✅ Monitor
1298-PHBTI,71,84.8,Two year,Yes,No,0.02,Low Risk,🔒 Offer OnlineSecurity add-on
6223-DHJGV,42,20.65,One year,No internet service,No internet service,0.0,,✅ Monitor
6961-MJKBO,47,20.45,Two year,No internet service,No internet service,0.0,,✅ Monitor
8158-WPEZG,11,35.65,Month-to-month,Yes,No,0.2,Low Risk,🔒 Offer OnlineSecurity add-on
4918-FYJNT,55,90.45,Month-to-month,Yes,No,0.08,Low Risk,🔒 Offer OnlineSecurity add-on
0727-BNRLG,69,97.65,Two year,Yes,No,0.05,Low Risk,🔒 Offer OnlineSecurity add-on
4854-CIDCF,3,73.85,Month-to-month,No,No,0.24,Low Risk,📧 Send re-engagement email
3280-MRDOF,30,69.1,Two year,Yes,No,0.06,Low Risk,🔒 Offer OnlineSecurity add-on
6435-SRWBJ,5,82.75,Month-to-month,Yes,No,0.25,Low Risk,🔒 Offer OnlineSecurity add-on
9964-WBQDJ,71,24.4,Two year,No internet service,No internet service,0.0,,✅ Monitor
6303-KFWSL,29,55.25,One year,No,No,0.03,Low Risk,🔒 Offer OnlineSecurity add-on
1702-CCFNJ,52,61.35,Month-to-month,Yes,No,0.03,Low Risk,🔒 Offer OnlineSecurity add-on
8932-CZHRQ,68,76.75,One year,No,Yes,0.08,Low Risk,✅ Monitor
0386-CWRGM,46,19.4,Two year,No internet service,No internet service,0.0,,✅ Monitor
5515-RUGKN,8,54.75,Month-to-month,No,No,0.05,Low Risk,🔒 Offer OnlineSecurity add-on
0404-AHASP,72,19.7,Two year,No internet service,No internet service,0.0,,✅ Monitor
7279-NMVJC,17,19.9,One year,No internet service,No internet service,0.06,Low Risk,✅ Monitor
2081-VEYEH,3,107.95,Month-to-month,Yes,No,0.32,Medium Risk,📧 Send re-engagement email
6407-UTSLV,2,83.8,Month-to-month,No,No,0.24,Low Risk,📧 Send re-engagement email
9060-HJJRW,51,56.4,One year,No,No,0.02,Low Risk,🔒 Offer OnlineSecurity add-on
2587-YNLES,6,20.1,Two year,No internet service,No internet service,0.01,Low Risk,✅ Monitor
7398-SKNQZ,3,94.9,Month-to-month,No,No,0.26,Low Risk,📧 Send re-engagement email
5935-FCCNB,17,94.2,Month-to-month,No,No,0.18,Low Risk,🎯 Assign dedicated support agent
1958-RNRKS,30,49.9,Month-to-month,No,No,0.04,Low Risk,🔒 Offer OnlineSecurity add-on
5136-RGMZO,31,71.05,Month-to-month,Yes,No,0.19,Low Risk,🔒 Offer OnlineSecurity add-on
8345-MVDYC,45,81.65,Two year,Yes,Yes,0.04,Low Risk,✅ Monitor
8226-BXGES,64,89.45,One year,No,Yes,0.04,Low Risk,🎯 Assign dedicated support agent
9705-IOVQQ,61,99.0,One year,No,No,0.07,Low Risk,🎯 Assign dedicated support agent
1015-OWJKI,1,19.05,Month-to-month,No internet service,No internet service,0.01,Low Risk,📧 Send re-engagement email
2040-XBAVJ,72,114.45,Two year,Yes,Yes,0.0,,✅ Monitor
8887-IPQNC,7,44.25,Month-to-month,No,No,0.09,Low Risk,🔒 Offer OnlineSecurity add-on
8646-JCOMS,66,90.55,One year,Yes,No,0.07,Low Risk,🔒 Offer OnlineSecurity add-on
1222-KJNZD,40,20.4,Month-to-month,No internet service,No internet service,0.0,,💰 Offer annual plan discount
0106-GHRQR,16,71.4,Month-to-month,No,No,0.05,Low Risk,🔒 Offer OnlineSecurity add-on
3768-VHXQO,67,24.85,Two year,No internet service,No internet service,0.0,,✅ Monitor
8952-WCVCD,41,104.45,One year,No,Yes,0.11,Low Risk,🎯 Assign dedicated support agent
2418-TPEUN,56,19.8,Two year,No internet service,No internet service,0.0,,✅ Monitor
3963-RYFNS,72,116.45,Two year,Yes,Yes,0.01,Low Risk,✅ Monitor
8540-ZQGEA,54,20.05,Two year,No internet service,No internet service,0.01,Low Risk,✅ Monitor
1320-REHCS,52,110.75,Month-to-month,Yes,No,0.08,Low Risk,🔒 Offer OnlineSecurity add-on
4137-JOPHL,50,89.7,Two year,Yes,No,0.02,Low Risk,🔒 Offer OnlineSecurity add-on
7801-CEDNV,27,48.7,One year,No,Yes,0.02,Low Risk,✅ Monitor
2057-BOYKM,72,96.6,Two year,Yes,Yes,0.0,,✅ Monitor
3658-QQJYD,62,74.3,One year,No,Yes,0.03,Low Risk,✅ Monitor
1803-BGNBD,12,54.3,Month-to-month,Yes,No,0.17,Low Risk,🔒 Offer OnlineSecurity add-on
0134-XWXCE,44,74.85,One year,Yes,No,0.04,Low Risk,🔒 Offer OnlineSecurity add-on
6950-TWMYB,54,79.95,Two year,Yes,No,0.01,Low Risk,🔒 Offer OnlineSecurity add-on
5848-FHRFC,68,20.05,Two year,No internet service,No internet service,0.0,,✅ Monitor
2243-FNMMI,20,19.4,Month-to-month,No internet service,No internet service,0.02,Low Risk,💰 Offer annual plan discount
2511-MORQY,50,54.9,One year,No,No,0.05,Low Risk,🔒 Offer OnlineSecurity add-on
5356-KZCKT,58,24.45,Two year,No internet service,No internet service,0.02,Low Risk,✅ Monitor
9470-XCCEM,35,89.65,Month-to-month,No,No,0.13,Low Risk,🎯 Assign dedicated support agent
6519-CFDBX,2,45.4,Month-to-month,No,No,0.17,Low Risk,📧 Send re-engagement email
3902-MIVLE,63,75.7,Two year,Yes,Yes,0.01,Low Risk,✅ Monitor
0409-WTMPL,58,110.65,One year,No,Yes,0.15,Low Risk,🎯 Assign dedicated support agent
8763-KIAFH,27,20.55,One year,No internet service,No internet service,0.0,,✅ Monitor
3669-WHAFY,71,115.15,Two year,Yes,Yes,0.0,,✅ Monitor
3055-VTCGS,63,58.55,One year,No,No,0.07,Low Risk,🔒 Offer OnlineSecurity add-on
3144-KMTWZ,71,93.25,Month-to-month,No,No,0.03,Low Risk,🎯 Assign dedicated support agent
2007-QVGAW,68,19.35,Two year,No internet service,No internet service,0.0,,✅ Monitor
5207-PLSTK,1,48.75,Month-to-month,No,Yes,0.65,High Risk,📧 Send re-engagement email
2307-FYNNL,65,109.05,Two year,Yes,Yes,0.37,Medium Risk,✅ Monitor
5605-XNWEN,72,25.0,Two year,No internet service,No internet service,0.0,,✅ Monitor
2155-AMQRX,28,54.9,Month-to-month,Yes,No,0.15,Low Risk,🔒 Offer OnlineSecurity add-on
6181-AXXYF,72,24.75,Two year,No internet service,No internet service,0.01,Low Risk,✅ Monitor
5091-HFAZW,2,91.15,Month-to-month,No,Yes,0.28,Low Risk,📧 Send re-engagement email
2519-LBNQL,60,104.35,One year,No,No,0.06,Low Risk,🎯 Assign dedicated support agent
8623-ULFNQ,26,66.05,Month-to-month,Yes,No,0.21,Low Risk,🔒 Offer OnlineSecurity add-on
1568-LJSZU,68,92.2,Two year,Yes,Yes,0.0,,✅ Monitor
7789-HKSBS,42,105.2,One year,No,Yes,0.14,Low Risk,🎯 Assign dedicated support agent
7416-CKTEP,57,19.6,Two year,No internet service,No internet service,0.0,,✅ Monitor
2586-CWXVV,54,30.4,Month-to-month,No,No,0.08,Low Risk,🔒 Offer OnlineSecurity add-on
2348-KCJLT,44,61.5,One year,No,Yes,0.03,Low Risk,✅ Monitor
8401-EMUWF,42,69.4,Month-to-month,No,Yes,0.04,Low Risk,💰 Offer annual plan discount
4193-IBKSW,72,24.75,Two year,No internet service,No internet service,0.0,,✅ Monitor
5377-NDTOU,71,91.05,Two year,Yes,Yes,0.0,,✅ Monitor
2474-LCNUE,23,73.65,Month-to-month,Yes,No,0.03,Low Risk,🔒 Offer OnlineSecurity add-on
0839-QNXME,30,19.4,Two year,No internet service,No internet service,0.0,,✅ Monitor
3506-OVLKD,35,26.2,One year,No internet service,No internet service,0.08,Low Risk,✅ Monitor
6650-VJONK,1,43.85,Month-to-month,No,No,0.05,Low Risk,📧 Send re-engagement email
2178-PMGCJ,22,69.7,Month-to-month,No,No,0.34,Medium Risk,🔒 Offer OnlineSecurity add-on
7492-TAFJD,7,38.55,Two year,No,Yes,0.14,Low Risk,✅ Monitor
2773-MADBQ,36,53.1,Two year,Yes,Yes,0.01,Low Risk,✅ Monitor
6016-LVTJQ,34,20.65,Month-to-month,No internet service,No internet service,0.0,,💰 Offer annual plan discount
7860-KSUGX,72,64.45,Two year,No,Yes,0.04,Low Risk,✅ Monitor
8966-KZXXA,36,25.1,Two year,No internet service,No internet service,0.0,,✅ Monitor
5149-QYTTU,71,95.15,One year,Yes,Yes,0.02,Low Risk,✅ Monitor
2070-XYMFH,23,79.35,Month-to-month,No,No,0.14,Low Risk,🔒 Offer OnlineSecurity add-on
2085-BOJKI,17,96.65,One year,No,No,0.13,Low Risk,🎯 Assign dedicated support agent
0817-HSUSE,1,75.5,Month-to-month,Yes,No,0.27,Low Risk,📧 Send re-engagement email
5442-PPTJY,12,19.7,Two year,No internet service,No internet service,0.01,Low Risk,✅ Monitor
1927-QEWMY,72,20.5,Two year,No internet service,No internet service,0.0,,✅ Monitor
1663-MHLHE,1,19.2,Month-to-month,No internet service,No internet service,0.027346467873624426,Low Risk,📧 Send re-engagement email
5663-QBGIS,72,98.35,Two year,No,No,0.04,Low Risk,🎯 Assign dedicated support agent
4450-MDZFX,60,74.35,Month-to-month,No,No,0.09,Low Risk,🔒 Offer OnlineSecurity add-on
6701-DHKWQ,61,51.35,Two year,Yes,No,0.0,,🔒 Offer OnlineSecurity add-on
7554-AKDQF,6,45.65,Month-to-month,No,No,0.06,Low Risk,🔒 Offer OnlineSecurity add-on
0794-YVSGE,72,20.3,Two year,No internet service,No internet service,0.0,,✅ Monitor
5423-BHIXO,32,54.2,Month-to-month,No,No,0.04,Low Risk,🔒 Offer OnlineSecurity add-on
6908-VVYHM,65,90.65,Month-to-month,No,No,0.13,Low Risk,🎯 Assign dedicated support agent
2959-EEXWB,45,50.9,Month-to-month,No,Yes,0.05,Low Risk,💰 Offer annual plan discount
1839-UMACK,42,25.05,One year,No internet service,No internet service,0.02,Low Risk,✅ Monitor
3030-YDNRM,8,74.85,Month-to-month,No,No,0.54,Medium Risk,🔒 Offer OnlineSecurity add-on
7321-KKSDU,32,20.5,Two year,No internet service,No internet service,0.0,,✅ Monitor
3402-XRIUO,22,63.55,Month-to-month,Yes,Yes,0.08,Low Risk,💰 Offer annual plan discount
8286-AFUYI,1,47.95,Month-to-month,No,Yes,0.1,Low Risk,📧 Send re-engagement email
8356-WUAOJ,1,45.0,Month-to-month,No,No,0.25,Low Risk,📧 Send re-engagement email
8058-DMYRU,54,90.05,Month-to-month,No,No,0.37,Medium Risk,🎯 Assign dedicated support agent
9350-ZXYJC,4,25.3,Two year,No internet service,No internet service,0.01,Low Risk,✅ Monitor
8958-JPTRR,56,24.3,One year,No internet service,No internet service,0.06,Low Risk,✅ Monitor
6959-GQEGV,45,75.95,Month-to-month,No,Yes,0.05,Low Risk,💰 Offer annual plan discount
3173-WSSUE,71,19.7,Two year,No internet service,No internet service,0.0,,✅ Monitor
1265-HVPZB,59,66.4,One year,No,Yes,0.13,Low Risk,✅ Monitor
4115-UMJFQ,69,35.75,One year,No,No,0.05,Low Risk,🔒 Offer OnlineSecurity add-on
7369-TRPFD,19,18.8,One year,No internet service,No internet service,0.0,,✅ Monitor
1098-KFQEC,55,19.4,Two year,No internet service,No internet service,0.0,,✅ Monitor
7190-XHTWJ,38,19.3,One year,No internet service,No internet service,0.0,,✅ Monitor
3537-RYBHH,47,67.45,Month-to-month,No,Yes,0.1,Low Risk,💰 Offer annual plan discount
5296-BFCYD,46,20.1,Two year,No internet service,No internet service,0.0,,✅ Monitor
9359-JANWS,65,58.9,Two year,Yes,Yes,0.02,Low Risk,✅ Monitor
3279-DYZQM,71,19.45,Two year,No internet service,No internet service,0.0,,✅ Monitor
0523-VNGTF,52,50.5,Month-to-month,Yes,No,0.06,Low Risk,🔒 Offer OnlineSecurity add-on
9575-IWCAZ,6,25.1,One year,No internet service,No internet service,0.0,,✅ Monitor
7105-MXJLL,26,60.7,One year,No,No,0.01,Low Risk,🔒 Offer OnlineSecurity add-on
7064-FRRSW,48,99.0,One year,No,No,0.09,Low Risk,🎯 Assign dedicated support agent
7940-UQQUG,64,104.4,One year,Yes,Yes,0.02,Low Risk,✅ Monitor
3961-SXAXY,1,44.05,Month-to-month,No,No,0.04,Low Risk,📧 Send re-engagement email
7010-BRBUU,72,24.1,Two year,No internet service,No internet service,0.0,,✅ Monitor
3566-HJGPK,1,45.55,Month-to-month,No,No,0.27,Low Risk,📧 Send re-engagement email
3062-ICYZQ,51,93.8,Month-to-month,No,Yes,0.09,Low Risk,🎯 Assign dedicated support agent
9938-PRCVK,41,19.7,Two year,No internet service,No internet service,0.0,,✅ Monitor
0973-KYVNF,72,70.65,Two year,No,Yes,0.0,,✅ Monitor
5129-HHMZC,43,86.45,Two year,Yes,Yes,0.0,,✅ Monitor
9637-CDTKZ,72,114.1,Two year,Yes,Yes,0.0,,✅ Monitor
3946-JEWRQ,47,95.2,One year,No,No,0.08,Low Risk,🎯 Assign dedicated support agent
7873-CVMAW,72,88.55,Two year,Yes,Yes,0.0,,✅ Monitor
0463-WZZKO,3,20.75,Month-to-month,No internet service,No internet service,0.13,Low Risk,📧 Send re-engagement email
4524-QCSSM,26,44.65,Month-to-month,No,Yes,0.27,Low Risk,💰 Offer annual plan discount
5832-EXGTT,29,60.2,Month-to-month,No,Yes,0.03,Low Risk,💰 Offer annual plan discount
2039-JONDJ,27,55.45,One year,No,Yes,0.02,Low Risk,✅ Monitor
7217-JYHOQ,24,70.3,Month-to-month,Yes,Yes,0.03,Low Risk,💰 Offer annual plan discount
6695-FRVEC,67,60.4,Two year,Yes,Yes,0.0,,✅ Monitor
9894-QMIMJ,23,55.8,One year,No,No,0.03,Low Risk,🔒 Offer OnlineSecurity add-on
8069-YQQAJ,14,31.1,Month-to-month,No,No,0.11,Low Risk,🔒 Offer OnlineSecurity add-on
1636-NTNCO,4,50.95,Month-to-month,No,No,0.15,Low Risk,🔒 Offer OnlineSecurity add-on
3466-WAESX,16,69.1,Month-to-month,No,Yes,0.17,Low Risk,💰 Offer annual plan discount
9281-PKKZE,46,43.95,Month-to-month,No,No,0.17,Low Risk,🔒 Offer OnlineSecurity add-on
3638-VBZTA,68,86.5,Two year,Yes,Yes,0.0,,✅ Monitor
7459-IMVYU,38,69.95,Month-to-month,Yes,Yes,0.05,Low Risk,💰 Offer annual plan discount
8563-OYMQY,17,90.95,Month-to-month,No,No,0.17,Low Risk,🎯 Assign dedicated support agent
0754-EEBDC,4,19.9,Two year,No internet service,No internet service,0.01,Low Risk,✅ Monitor
5777-ZPQNC,12,20.15,One year,No internet service,No internet service,0.0,,✅ Monitor
1951-IEYXM,72,90.6,Two year,Yes,Yes,0.0,,✅ Monitor
3318-NMQXL,3,92.0,Month-to-month,No,No,0.33,Medium Risk,📧 Send re-engagement email
1022-RKXDR,41,24.85,One year,No internet service,No internet service,0.02,Low Risk,✅ Monitor
2361-FJWNO,40,36.0,One year,Yes,No,0.02,Low Risk,🔒 Offer OnlineSecurity add-on
2272-UOINI,7,78.5,Month-to-month,Yes,Yes,0.12,Low Risk,✅ Monitor
8232-UTFOZ,69,19.95,Two year,No internet service,No internet service,0.0,,✅ Monitor
3750-YHRYO,7,20.65,One year,No internet service,No internet service,0.03,Low Risk,✅ Monitor
6637-KYRCV,5,30.5,Month-to-month,No,No,0.09,Low Risk,🔒 Offer OnlineSecurity add-on
5668-MEISB,72,106.1,Two year,Yes,Yes,0.0,,✅ Monitor
0129-QMPDR,44,20.5,One year,No internet service,No internet service,0.0,,✅ Monitor
7188-CBBBA,65,95.5,One year,No,No,0.07,Low Risk,🎯 Assign dedicated support agent
5356-CSVSQ,3,64.6,Month-to-month,Yes,No,0.16,Low Risk,📧 Send re-engagement email
3221-CJMSG,24,51.1,Month-to-month,Yes,No,0.05,Low Risk,🔒 Offer OnlineSecurity add-on
3219-JQRSL,72,89.1,Two year,Yes,Yes,0.0,,✅ Monitor
2801-NISEI,24,54.95,Month-to-month,Yes,Yes,0.01,Low Risk,💰 Offer annual plan discount
4623-ZKHLY,22,20.45,Month-to-month,No internet service,No internet service,0.0,,💰 Offer annual plan discount
6732-VAILE,70,85.95,Two year,Yes,No,0.0,,🔒 Offer OnlineSecurity add-on
8201-AAXCB,25,60.35,Month-to-month,No,No,0.06,Low Risk,🔒 Offer OnlineSecurity add-on
7696-CFTAT,37,19.8,Two year,No internet service,No internet service,0.0,,✅ Monitor
1845-CSBRZ,22,85.35,Month-to-month,No,No,0.1,Low Risk,🎯 Assign dedicated support agent
2123-VSCOT,59,72.1,Two year,Yes,No,0.0,,🔒 Offer OnlineSecurity add-on
2018-QKYGT,1,81.05,Month-to-month,No,No,0.33,Medium Risk,📧 Send re-engagement email
2792-VPPET,3,20.5,Month-to-month,No internet service,No internet service,0.03,Low Risk,📧 Send re-engagement email
7409-JURKQ,53,111.8,One year,Yes,No,0.01,Low Risk,🔒 Offer OnlineSecurity add-on
3247-MHJKM,1,20.2,Month-to-month,No internet service,No internet service,0.42492841693546646,Medium Risk,📧 Send re-engagement email
1964-SVLEA,20,19.7,One year,No internet service,No internet service,0.01,Low Risk,✅ Monitor
7297-DVYGA,51,19.85,One year,No internet service,No internet service,0.0,,✅ Monitor
2239-CGBUZ,51,60.5,One year,Yes,Yes,0.0,,✅ Monitor
0854-UYHZD,13,19.55,Two year,No internet service,No internet service,0.02,Low Risk,✅ Monitor
7243-LCGGZ,1,20.9,Month-to-month,No internet service,No internet service,0.8162275023655522,High Risk,📧 Send re-engagement email
8267-KFGYD,1,21.05,Month-to-month,No internet service,No internet service,0.04,Low Risk,📧 Send re-engagement email
4890-VMUAV,63,71.5,One year,Yes,Yes,0.0,,✅ Monitor
9261-WDCAF,3,54.65,Month-to-month,No,No,0.27,Low Risk,📧 Send re-engagement email
3764-MNMOI,46,19.2,Two year,No internet service,No internet service,0.0,,✅ Monitor
7442-YGZFK,1,49.8,Month-to-month,No,No,0.18,Low Risk,📧 Send re-engagement email
8229-BUJHX,71,20.5,Two year,No internet service,No internet service,0.0,,✅ Monitor
7449-HVPIV,55,90.4,Month-to-month,No,No,0.1,Low Risk,🎯 Assign dedicated support agent
5504-WSIUR,70,90.25,One year,Yes,No,0.04,Low Risk,🔒 Offer OnlineSecurity add-on
8466-PZBLH,67,104.6,Two year,Yes,Yes,0.12,Low Risk,✅ Monitor
8735-IJJEG,14,50.2,Month-to-month,No,No,0.11,Low Risk,🔒 Offer OnlineSecurity add-on
0564-MUUQK,20,95.5,Month-to-month,Yes,No,0.16,Low Risk,🔒 Offer OnlineSecurity add-on
0701-RFGFI,49,95.4,Month-to-month,No,No,0.2,Low Risk,🎯 Assign dedicated support agent
0019-EFAEP,72,101.3,Two year,No,Yes,0.02,Low Risk,🎯 Assign dedicated support agent
5619-PTMIK,46,53.1,Month-to-month,No,Yes,0.06,Low Risk,💰 Offer annual plan discount
3737-XBQDD,24,84.85,Month-to-month,No,No,0.22,Low Risk,🎯 Assign dedicated support agent
5882-CMAZQ,5,34.25,Month-to-month,Yes,No,0.15,Low Risk,🔒 Offer OnlineSecurity add-on
5846-QFDFI,33,88.6,Month-to-month,Yes,No,0.14,Low Risk,🔒 Offer OnlineSecurity add-on
4445-KWOKW,42,60.15,One year,No,Yes,0.05,Low Risk,✅ Monitor
3511-APPBJ,23,99.95,One year,No,Yes,0.09,Low Risk,🎯 Assign dedicated support agent
7967-HYCDE,8,70.7,Month-to-month,No,No,0.13,Low Risk,🔒 Offer OnlineSecurity add-on
2430-RRYUW,66,54.8,One year,No,Yes,0.02,Low Risk,✅ Monitor
3723-BFBGR,24,54.8,Month-to-month,No,No,0.07,Low Risk,🔒 Offer OnlineSecurity add-on
5447-WZAFP,53,100.3,One year,No,No,0.06,Low Risk,🎯 Assign dedicated support agent
5110-CHOPY,60,53.6,Two year,No,Yes,0.01,Low Risk,✅ Monitor
4425-OWHWB,20,19.35,One year,No internet service,No internet service,0.0,,✅ Monitor
7892-QVYKW,23,85.6,Month-to-month,No,No,0.15,Low Risk,🎯 Assign dedicated support agent
9675-ICXCT,72,80.8,Two year,Yes,Yes,0.01,Low Risk,✅ Monitor
4703-MQYKT,21,19.6,Two year,No internet service,No internet service,0.01,Low Risk,✅ Monitor
5692-ICXLW,31,90.7,Month-to-month,No,No,0.2,Low Risk,🎯 Assign dedicated support agent
0602-DDUML,57,69.75,Two year,Yes,No,0.03,Low Risk,🔒 Offer OnlineSecurity add-on
2208-MPXIO,45,20.0,Two year,No internet service,No internet service,0.0,,✅ Monitor
1960-UYCNN,10,95.25,Month-to-month,No,No,0.29,Low Risk,🎯 Assign dedicated support agent
3190-FZATL,14,19.95,Month-to-month,No internet service,No internet service,0.02,Low Risk,💰 Offer annual plan discount
7336-RLLRH,27,80.85,One year,Yes,Yes,0.02,Low Risk,✅ Monitor
7710-JSYOA,69,93.3,Two year,Yes,No,0.03,Low Risk,🔒 Offer OnlineSecurity add-on
9885-MFVSU,35,46.35,Two year,Yes,Yes,0.01,Low Risk,✅ Monitor
0607-MVMGC,45,78.75,One year,No,No,0.02,Low Risk,🔒 Offer OnlineSecurity add-on
3365-SAIGS,17,83.55,Month-to-month,No,No,0.48,Medium Risk,🎯 Assign dedicated support agent
8022-BECSI,22,19.6,One year,No internet service,No internet service,0.0,,✅ Monitor
9993-LHIEB,67,67.85,Two year,Yes,Yes,0.02,Low Risk,✅ Monitor
0266-CLZKZ,67,105.65,Two year,Yes,No,0.05,Low Risk,🔒 Offer OnlineSecurity add-on
7020-OZKXZ,9,75.5,Month-to-month,No,No,0.11,Low Risk,🔒 Offer OnlineSecurity add-on
3977-QCRSL,5,20.15,Month-to-month,No internet service,No internet service,0.03,Low Risk,✅ Monitor
0017-DINOC,54,45.2,Two year,Yes,Yes,0.03,Low Risk,✅ Monitor
7639-OPLNG,70,79.25,Two year,Yes,Yes,0.01,Low Risk,✅ Monitor
1492-QGCLU,53,85.7,Month-to-month,Yes,Yes,0.17,Low Risk,💰 Offer annual plan discount
7328-OWMOM,31,20.1,One year,No internet service,No internet service,0.01,Low Risk,✅ Monitor
4418-LZMSV,13,61.8,Month-to-month,Yes,No,0.05,Low Risk,🔒 Offer OnlineSecurity add-on
5155-AZQPB,28,49.9,Month-to-month,No,No,0.03,Low Risk,🔒 Offer OnlineSecurity add-on
1087-GRUYI,38,20.4,Two year,No internet service,No internet service,0.0,,✅ Monitor
2546-KZAAT,52,75.4,One year,No,Yes,0.02,Low Risk,✅ Monitor
0181-RITDD,62,108.15,Two year,Yes,Yes,0.1,Low Risk,✅ Monitor
5989-PGKJB,16,86.25,Month-to-month,No,No,0.25,Low Risk,🎯 Assign dedicated support agent
8272-ONJLV,12,95.7,One year,No,No,0.23,Low Risk,🎯 Assign dedicated support agent
1488-PBLJN,72,116.85,Two year,Yes,Yes,0.0,,✅ Monitor
0308-GIQJT,71,105.75,One year,Yes,No,0.15,Low Risk,🔒 Offer OnlineSecurity add-on
3778-FOAQW,24,20.15,One year,No internet service,No internet service,0.0,,✅ Monitor
4452-ROHMO,15,19.6,Two year,No internet service,No internet service,0.0,,✅ Monitor
3090-LETTY,2,60.95,Month-to-month,No,Yes,0.05,Low Risk,📧 Send re-engagement email
5349-AZPEW,5,25.05,Month-to-month,No,No,0.14,Low Risk,🔒 Offer OnlineSecurity add-on
9720-JJJOR,41,60.3,One year,No,Yes,0.06,Low Risk,✅ Monitor
8100-HZZLJ,43,63.95,Month-to-month,No,Yes,0.07,Low Risk,💰 Offer annual plan discount
8775-ERLNB,1,74.3,Month-to-month,No,No,0.82,High Risk,📧 Send re-engagement email
8309-IEYJD,1,70.6,Month-to-month,No,No,0.23,Low Risk,📧 Send re-engagement email
7398-HPYZQ,71,90.55,Two year,Yes,Yes,0.0,,✅ Monitor
3546-GHEAE,7,19.45,Two year,No internet service,No internet service,0.0,,✅ Monitor
7361-YPXFS,28,64.45,Month-to-month,Yes,No,0.02,Low Risk,🔒 Offer OnlineSecurity add-on
6557-BZXLQ,16,69.65,Month-to-month,No,No,0.45,Medium Risk,🔒 Offer OnlineSecurity add-on
2550-QHZGP,7,19.5,One year,No internet service,No internet service,0.0,,✅ Monitor
7519-JTWQH,69,110.5,Two year,Yes,No,0.05,Low Risk,🔒 Offer OnlineSecurity add-on
2538-OIMXF,1,24.7,Month-to-month,No,No,0.16,Low Risk,📧 Send re-engagement email
8543-MSDMF,3,77.4,Month-to-month,No,Yes,0.14,Low Risk,📧 Send re-engagement email
1170-SASML,69,85.4,Month-to-month,No,No,0.08,Low Risk,🎯 Assign dedicated support agent
4872-JCVCA,71,47.6,Two year,Yes,Yes,0.0,,✅ Monitor
5346-BZCHP,69,19.4,Two year,No internet service,No internet service,0.0,,✅ Monitor
2038-LLMLM,48,103.85,Month-to-month,Yes,No,0.1,Low Risk,🔒 Offer OnlineSecurity add-on
1216-BGTSP,45,108.45,Month-to-month,Yes,Yes,0.11,Low Risk,💰 Offer annual plan discount
4138-NAXED,51,81.0,Month-to-month,No,No,0.1,Low Risk,🎯 Assign dedicated support agent
0744-BIKKF,72,86.65,Two year,Yes,Yes,0.0,,✅ Monitor
7483-IQWIB,37,92.95,Month-to-month,No,No,0.22,Low Risk,🎯 Assign dedicated support agent
5248-KWLAR,71,90.35,Two year,Yes,Yes,0.0,,✅ Monitor
7996-MHXLW,66,25.15,Two year,No internet service,No internet service,0.0,,✅ Monitor
7833-PKIHD,51,76.4,One year,Yes,Yes,0.04,Low Risk,✅ Monitor
7061-OVMIM,30,19.55,One year,No internet service,No internet service,0.05,Low Risk,✅ Monitor
5153-RTHKF,34,85.35,Month-to-month,No,No,0.23,Low Risk,🎯 Assign dedicated support agent
1852-QSWCD,64,24.8,Two year,No internet service,No internet service,0.0,,✅ Monitor
4832-VRBMR,65,103.15,One year,No,No,0.06,Low Risk,🎯 Assign dedicated support agent
9079-LWTFD,47,100.75,Month-to-month,Yes,Yes,0.06,Low Risk,💰 Offer annual plan discount
3392-EHMNK,67,94.1,Two year,Yes,No,0.01,Low Risk,🔒 Offer OnlineSecurity add-on
5986-WWXDV,39,19.35,One year,No internet service,No internet service,0.0,,✅ Monitor
3061-BCKYI,14,19.9,Month-to-month,No internet service,No internet service,0.01,Low Risk,💰 Offer annual plan discount
7901-TBKJX,56,101.05,Month-to-month,No,No,0.3,Low Risk,🎯 Assign dedicated support agent
7228-PAQPD,14,59.1,One year,Yes,No,0.04,Low Risk,🔒 Offer OnlineSecurity add-on
7746-QYVCO,16,55.85,One year,No,Yes,0.02,Low Risk,✅ Monitor
5804-HYIEZ,70,106.05,Month-to-month,No,Yes,0.3,Low Risk,🎯 Assign dedicated support agent
9919-FZDED,72,84.1,Two year,No,Yes,0.01,Low Risk,🎯 Assign dedicated support agent
5934-TSSAU,23,75.3,Month-to-month,No,No,0.33,Medium Risk,🔒 Offer OnlineSecurity add-on
3486-KHMLI,21,24.7,Month-to-month,No internet service,No internet service,0.04,Low Risk,💰 Offer annual plan discount
6784-XYJAE,36,55.8,One year,No,No,0.11,Low Risk,🔒 Offer OnlineSecurity add-on
3933-DQPWX,50,39.7,Two year,Yes,No,0.03,Low Risk,🔒 Offer OnlineSecurity add-on
6661-EIPZC,48,29.5,Month-to-month,Yes,No,0.08,Low Risk,🔒 Offer OnlineSecurity add-on
8957-THMOA,50,20.15,Two year,No internet service,No internet service,0.01,Low Risk,✅ Monitor
2251-PYLPB,72,79.55,Two year,Yes,Yes,0.0,,✅ Monitor
5555-RNPGT,10,24.8,Month-to-month,No internet service,No internet service,0.06,Low Risk,✅ Monitor
1057-FOGLZ,18,19.65,Month-to-month,No internet service,No internet service,0.02,Low Risk,💰 Offer annual plan discount
8087-LGYHQ,9,94.05,Month-to-month,No,No,0.4,Medium Risk,🎯 Assign dedicated support agent
4137-BTIKL,2,90.75,Month-to-month,No,Yes,0.12,Low Risk,📧 Send re-engagement email
2190-BCXEC,40,78.85,Month-to-month,Yes,No,0.35,Medium Risk,🔒 Offer OnlineSecurity add-on
6227-FBDXH,69,99.5,One year,No,No,0.03,Low Risk,🎯 Assign dedicated support agent
2911-WDXMV,18,80.55,Month-to-month,No,No,0.29,Low Risk,🎯 Assign dedicated support agent
7206-PQBBZ,11,70.2,Month-to-month,No,No,0.33,Medium Risk,🔒 Offer OnlineSecurity add-on
4547-FZJWE,55,59.45,One year,No,Yes,0.07,Low Risk,✅ Monitor
7422-WNBTY,33,93.35,Month-to-month,No,No,0.11,Low Risk,🎯 Assign dedicated support agent
0842-IWYCP,46,44.95,Month-to-month,No,No,0.04,Low Risk,🔒 Offer OnlineSecurity add-on
3521-HTQTV,34,26.1,Two year,No internet service,No internet service,0.01,Low Risk,✅ Monitor
3744-ZBHON,3,20.2,Month-to-month,No internet service,No internet service,0.08,Low Risk,📧 Send re-engagement email
3373-DIUUN,30,21.25,Two year,No internet service,No internet service,0.0,,✅ Monitor
8383-SGHJU,33,59.4,One year,Yes,Yes,0.02,Low Risk,✅ Monitor
7607-QKKTJ,45,95.0,One year,No,No,0.02,Low Risk,🎯 Assign dedicated support agent
7707-PYBBH,40,61.9,Month-to-month,Yes,Yes,0.0,,💰 Offer annual plan discount
8984-HPEMB,71,118.65,Two year,Yes,Yes,0.02,Low Risk,✅ Monitor
4139-DETXS,72,64.45,Two year,Yes,Yes,0.0,,✅ Monitor
9779-DPNEJ,22,80.15,Month-to-month,No,No,0.5,Medium Risk,🎯 Assign dedicated support agent
9805-FILKB,46,20.2,One year,No internet service,No internet service,0.01,Low Risk,✅ Monitor
5793-YOLJN,55,21.0,Two year,No internet service,No internet service,0.0,,✅ Monitor
0673-IGUQO,1,20.45,Month-to-month,No internet service,No internet service,0.12,Low Risk,📧 Send re-engagement email
4123-FCVCB,12,75.85,One year,Yes,No,0.08,Low Risk,🔒 Offer OnlineSecurity add-on
8819-IMISP,31,80.45,Month-to-month,No,No,0.18,Low Risk,🎯 Assign dedicated support agent
8311-UEUAB,67,75.5,Two year,No,Yes,0.09,Low Risk,✅ Monitor
5858-EAFCZ,1,44.45,Month-to-month,No,No,0.41,Medium Risk,📧 Send re-engagement email
1163-ONYEY,41,74.55,Month-to-month,No,Yes,0.05,Low Risk,💰 Offer annual plan discount
5656-MJEFC,42,48.15,Two year,Yes,Yes,0.0,,✅ Monitor
6082-OQFBA,23,19.65,One year,No internet service,No internet service,0.0,,✅ Monitor
8974-OVACP,1,20.15,Month-to-month,No internet service,No internet service,0.2083781261861486,Low Risk,📧 Send re-engagement email
4010-YLMVT,56,106.6,Month-to-month,No,Yes,0.05,Low Risk,🎯 Assign dedicated support agent
1379-FRVEB,15,91.0,Month-to-month,No,No,0.61,High Risk,🎯 Assign dedicated support agent
8612-GXIDD,12,25.4,Two year,No internet service,No internet service,0.01,Low Risk,✅ Monitor
6288-CHQJB,54,69.95,Two year,Yes,Yes,0.0,,✅ Monitor
8160-HOWOX,7,66.85,Month-to-month,No,No,0.31,Medium Risk,🔒 Offer OnlineSecurity add-on
6648-INWPS,16,20.15,Month-to-month,No internet service,No internet service,0.08,Low Risk,💰 Offer annual plan discount
4223-BKEOR,21,64.85,One year,No,Yes,0.06,Low Risk,✅ Monitor
4079-VTGLK,30,74.85,Two year,No,No,0.09,Low Risk,🔒 Offer OnlineSecurity add-on
1763-WQFUK,3,50.5,Month-to-month,Yes,No,0.07,Low Risk,📧 Send re-engagement email
1391-UBDAR,11,72.9,Month-to-month,No,No,0.13,Low Risk,🔒 Offer OnlineSecurity add-on
8894-JVDCV,62,115.05,One year,Yes,Yes,0.04,Low Risk,✅ Monitor
2023-VQFDL,18,19.0,Month-to-month,No internet service,No internet service,0.04,Low Risk,💰 Offer annual plan discount
1345-GKDZZ,6,19.55,Month-to-month,No internet service,No internet service,0.02,Low Risk,✅ Monitor
2014-MKGMH,46,101.1,One year,No,No,0.08,Low Risk,🎯 Assign dedicated support agent
5628-FCGYG,21,84.1,Month-to-month,No,No,0.73,High Risk,🎯 Assign dedicated support agent
2560-WBWXF,68,24.15,Two year,No internet service,No internet service,0.0,,✅ Monitor
0248-IPDFW,1,50.1,Month-to-month,No,No,0.24,Low Risk,📧 Send re-engagement email
7978-DKUQH,25,74.6,Month-to-month,No,No,0.15,Low Risk,🔒 Offer OnlineSecurity add-on
4335-UPJSI,24,19.75,Two year,No internet service,No internet service,0.02,Low Risk,✅ Monitor
1784-EZDKJ,51,106.8,One year,No,No,0.11,Low Risk,🎯 Assign dedicated support agent
9297-FVVDH,57,84.5,Two year,Yes,Yes,0.01,Low Risk,✅ Monitor
8007-YYPWD,15,25.05,Two year,No internet service,No internet service,0.0,,✅ Monitor
7101-HRBLJ,72,83.7,Two year,Yes,Yes,0.0,,✅ Monitor
6635-CPNUN,28,96.6,Month-to-month,No,No,0.13,Low Risk,🎯 Assign dedicated support agent
5453-YBTWV,70,101.1,Two year,Yes,Yes,0.0,,✅ Monitor
5039-LZRQT,13,20.2,One year,No internet service,No internet service,0.0,,✅ Monitor
2931-VUVJN,59,94.05,One year,Yes,Yes,0.01,Low Risk,✅ Monitor
6418-PIQSP,62,81.0,Two year,Yes,Yes,0.01,Low Risk,✅ Monitor
8220-OCUFY,21,60.25,One year,Yes,Yes,0.02,Low Risk,✅ Monitor
3995-WFCSM,2,60.85,Month-to-month,No,No,0.23,Low Risk,📧 Send re-engagement email
1895-QTKDO,1,43.95,Month-to-month,No,No,0.24,Low Risk,📧 Send re-engagement email
2038-OEQZH,4,86.05,Month-to-month,No,No,0.23,Low Risk,🎯 Assign dedicated support agent
1178-PZGAB,19,20.25,One year,No internet service,No internet service,0.02,Low Risk,✅ Monitor
2626-VEEWG,67,19.4,Two year,No internet service,No internet service,0.01,Low Risk,✅ Monitor
2878-RMWXY,72,102.65,Two year,No,Yes,0.04,Low Risk,🎯 Assign dedicated support agent
1657-DYMBM,53,19.9,Two year,No internet service,No internet service,0.0,,✅ Monitor
7311-MQJCH,5,19.55,One year,No internet service,No internet service,0.08,Low Risk,✅ Monitor
7375-WMVMT,71,95.5,Two year,Yes,No,0.06,Low Risk,🔒 Offer OnlineSecurity add-on
1136-XGEQU,50,84.15,One year,Yes,No,0.07,Low Risk,🔒 Offer OnlineSecurity add-on
2530-FMFXO,56,103.2,Two year,Yes,No,0.08,Low Risk,🔒 Offer OnlineSecurity add-on
6844-DZKRF,2,50.2,Month-to-month,Yes,No,0.12,Low Risk,📧 Send re-engagement email
5970-GHJAW,46,19.95,Two year,No internet service,No internet service,0.0,,✅ Monitor
8879-XUAHX,71,116.25,Two year,Yes,Yes,0.0,,✅ Monitor
3689-MOZGR,29,31.2,Month-to-month,Yes,No,0.1,Low Risk,🔒 Offer OnlineSecurity add-on
4195-PNGZS,69,24.45,Two year,No internet service,No internet service,0.0,,✅ Monitor
5003-XZWWO,71,84.2,Two year,Yes,No,0.0,,🔒 Offer OnlineSecurity add-on
7622-FWGEW,56,85.65,Two year,Yes,Yes,0.01,Low Risk,✅ Monitor
6922-NCEDI,56,21.2,One year,No internet service,No internet service,0.0,,✅ Monitor
9891-NQDBD,28,25.55,One year,No internet service,No internet service,0.02,Low Risk,✅ Monitor
6131-IUNXN,19,20.2,Month-to-month,No internet service,No internet service,0.0,,💰 Offer annual plan discount
8548-AWOFC,66,63.85,Month-to-month,Yes,No,0.04,Low Risk,🔒 Offer OnlineSecurity add-on
9798-DRYDS,17,61.95,One year,Yes,No,0.11,Low Risk,🔒 Offer OnlineSecurity add-on
8532-UEFWH,52,25.75,Two year,No internet service,No internet service,0.03,Low Risk,✅ Monitor
6296-DDOOR,19,58.2,One year,No,No,0.04,Low Risk,🔒 Offer OnlineSecurity add-on
7951-VRDVK,36,85.85,One year,Yes,Yes,0.15,Low Risk,✅ Monitor
4815-YOSUK,72,104.9,One year,Yes,Yes,0.03,Low Risk,✅ Monitor
0380-NEAVX,34,99.85,One year,No,No,0.1,Low Risk,🎯 Assign dedicated support agent
4365-MSDYN,8,19.55,Month-to-month,No internet service,No internet service,0.01,Low Risk,✅ Monitor
7036-TYDEC,69,104.0,Two year,Yes,No,0.28,Low Risk,🔒 Offer OnlineSecurity add-on
5802-ADBRC,50,104.4,One year,No,Yes,0.18,Low Risk,🎯 Assign dedicated support agent
8076-FEZKJ,10,19.5,One year,No internet service,No internet service,0.0,,✅ Monitor
5197-YPYBZ,12,25.25,Two year,No internet service,No internet service,0.0,,✅ Monitor
4312-GVYNH,70,49.85,Two year,Yes,Yes,0.0,,✅ Monitor
8495-LJDFO,64,108.95,Month-to-month,Yes,Yes,0.06,Low Risk,💰 Offer annual plan discount
0839-JTCUD,66,89.9,Two year,Yes,Yes,0.02,Low Risk,✅ Monitor
5494-WOZRZ,71,82.0,Two year,Yes,Yes,0.0,,✅ Monitor
1302-UHBDD,20,89.95,Month-to-month,No,No,0.38,Medium Risk,🎯 Assign dedicated support agent
2234-EOFPT,72,79.35,Two year,Yes,Yes,0.0,,✅ Monitor
8619-IJNDK,71,64.05,Two year,Yes,Yes,0.05,Low Risk,✅ Monitor
8378-LKJAF,38,101.15,Month-to-month,No,No,0.53,Medium Risk,🎯 Assign dedicated support agent
1153-GNOLC,33,39.1,One year,No,No,0.05,Low Risk,🔒 Offer OnlineSecurity add-on
3298-QEICA,23,34.6,Two year,Yes,Yes,0.0,,✅ Monitor
0788-DXBFY,58,19.55,One year,No internet service,No internet service,0.01,Low Risk,✅ Monitor
3597-YASZG,70,104.45,Two year,Yes,No,0.05,Low Risk,🔒 Offer OnlineSecurity add-on
3496-LFSZU,4,70.5,Month-to-month,No,No,0.3,Low Risk,🔒 Offer OnlineSecurity add-on
5242-UOWHD,45,20.35,Two year,No internet service,No internet service,0.0,,✅ Monitor
6479-SZPLM,36,19.45,Two year,No internet service,No internet service,0.0,,✅ Monitor
8097-VBQTZ,54,69.9,Month-to-month,Yes,Yes,0.02,Low Risk,💰 Offer annual plan discount
4500-HKANN,23,59.7,Two year,Yes,No,0.04,Low Risk,🔒 Offer OnlineSecurity add-on
9917-KWRBE,41,78.35,One year,No,Yes,0.01,Low Risk,✅ Monitor
3420-ZDBMA,5,71.45,Month-to-month,No,No,0.18,Low Risk,🔒 Offer OnlineSecurity add-on
2212-LYASK,27,45.85,One year,No,No,0.08,Low Risk,🔒 Offer OnlineSecurity add-on
1393-IMKZG,1,95.85,Month-to-month,Yes,No,0.33,Medium Risk,📧 Send re-engagement email
8069-RHUXK,67,35.7,Two year,Yes,Yes,0.0,,✅ Monitor
3398-GCPMU,72,89.55,Two year,Yes,Yes,0.0,,✅ Monitor
2908-WGAXL,56,24.95,Two year,No internet service,No internet service,0.02,Low Risk,✅ Monitor
3378-AJRAO,44,24.85,One year,No internet service,No internet service,0.0,,✅ Monitor
1013-QCWAM,66,100.8,Month-to-month,No,No,0.24,Low Risk,🎯 Assign dedicated support agent
6050-FFXES,69,105.35,Two year,Yes,No,0.02,Low Risk,🔒 Offer OnlineSecurity add-on
0362-RAOQO,40,19.65,Two year,No internet service,No internet service,0.0,,✅ Monitor
9554-DFKIC,30,54.45,Month-to-month,No,Yes,0.0,,💰 Offer annual plan discount
5527-ACHSO,11,70.5,Month-to-month,Yes,No,0.1,Low Risk,🔒 Offer OnlineSecurity add-on
0829-DDVLK,15,20.1,One year,No internet service,No internet service,0.02,Low Risk,✅ Monitor
1399-UBQIU,11,69.35,Month-to-month,No,No,0.13,Low Risk,🔒 Offer OnlineSecurity add-on
1813-JLKWR,64,19.8,One year,No internet service,No internet service,0.01,Low Risk,✅ Monitor
0336-PIKEI,72,74.4,Two year,Yes,Yes,0.04,Low Risk,✅ Monitor
7322-OCWHC,72,93.05,Two year,Yes,Yes,0.0,,✅ Monitor
9537-VHDTA,1,51.2,Month-to-month,No,Yes,0.21,Low Risk,📧 Send re-engagement email
4957-TIALW,15,65.6,One year,Yes,Yes,0.01,Low Risk,✅ Monitor
2054-PJOCK,60,80.55,One year,Yes,No,0.07,Low Risk,🔒 Offer OnlineSecurity add-on
9150-HEPMB,56,52.7,One year,No,Yes,0.03,Low Risk,✅ Monitor
9030-QGZNL,8,20.85,Two year,No internet service,No internet service,0.03,Low Risk,✅ Monitor
3126-WQMGH,49,52.15,Month-to-month,No,No,0.05,Low Risk,🔒 Offer OnlineSecurity add-on
7176-WRTNX,70,114.95,Two year,Yes,Yes,0.11,Low Risk,✅ Monitor
5732-IKGQH,52,104.45,One year,Yes,Yes,0.14,Low Risk,✅ Monitor
9239-GZHZE,72,113.65,Two year,Yes,Yes,0.01,Low Risk,✅ Monitor
7205-BAIAD,40,20.6,Two year,No internet service,No internet service,0.0,,✅ Monitor
0093-EXYQL,40,91.55,Month-to-month,No,No,0.17,Low Risk,🎯 Assign dedicated support agent
8064-RAVOH,1,49.85,Month-to-month,No,No,0.32,Medium Risk,📧 Send re-engagement email
0219-QAERP,30,19.8,One year,No internet service,No internet service,0.02,Low Risk,✅ Monitor
9168-INPSZ,44,104.15,Month-to-month,Yes,No,0.2,Low Risk,🔒 Offer OnlineSecurity add-on
0015-UOCOJ,7,48.2,Month-to-month,No,Yes,0.47,Medium Risk,✅ Monitor
5334-AFQJB,72,25.1,Two year,No internet service,No internet service,0.01,Low Risk,✅ Monitor
2754-SDJRD,8,100.15,Month-to-month,Yes,No,0.72,High Risk,🔒 Offer OnlineSecurity add-on
8963-JLGJT,3,55.9,Month-to-month,No,Yes,0.07,Low Risk,📧 Send re-engagement email
1465-LNTLJ,8,64.4,Month-to-month,Yes,No,0.2,Low Risk,🔒 Offer OnlineSecurity add-on
2135-DQWAQ,5,85.3,Month-to-month,No,No,0.21,Low Risk,🎯 Assign dedicated support agent
4056-QHXHZ,72,107.45,Two year,Yes,Yes,0.01,Low Risk,✅ Monitor
7401-JIXNM,54,91.3,Two year,Yes,Yes,0.02,Low Risk,✅ Monitor
9339-FIIJL,72,85.95,Two year,Yes,No,0.0,,🔒 Offer OnlineSecurity add-on
4706-DGAHW,1,45.2,Month-to-month,No,No,0.51,Medium Risk,📧 Send re-engagement email
6670-MFRPK,69,79.2,Two year,No,No,0.04,Low Risk,🔒 Offer OnlineSecurity add-on
6177-PEVRA,48,55.5,Two year,No,Yes,0.01,Low Risk,✅ Monitor
4813-HQMGZ,8,90.25,Month-to-month,Yes,No,0.24,Low Risk,🔒 Offer OnlineSecurity add-on
7579-KKLOE,71,91.25,Two year,Yes,Yes,0.0,,✅ Monitor
8402-EIVQS,67,100.9,One year,No,Yes,0.09,Low Risk,🎯 Assign dedicated support agent
4947-DSMXK,34,97.7,Month-to-month,No,No,0.43,Medium Risk,🎯 Assign dedicated support agent
7245-NIIWQ,3,69.85,Month-to-month,No,No,0.16,Low Risk,📧 Send re-engagement email
0002-ORFBO,9,65.6,One year,Yes,No,0.05,Low Risk,🔒 Offer OnlineSecurity add-on
3324-OIRTO,71,104.65,One year,No,Yes,0.11,Low Risk,🎯 Assign dedicated support agent
5414-OFQCB,57,90.45,Two year,Yes,No,0.04,Low Risk,🔒 Offer OnlineSecurity add-on
4967-WPNCF,72,63.7,Two year,Yes,Yes,0.0,,✅ Monitor
8552-OBVRU,48,104.5,Month-to-month,Yes,Yes,0.15,Low Risk,💰 Offer annual plan discount
8499-BRXTD,18,20.1,One year,No internet service,No internet service,0.0,,✅ Monitor
9154-QDGTH,43,104.3,One year,Yes,No,0.14,Low Risk,🔒 Offer OnlineSecurity add-on
8197-BFWVU,72,93.25,Two year,Yes,Yes,0.01,Low Risk,✅ Monitor
2577-GVSIL,35,73.45,One year,Yes,No,0.04,Low Risk,🔒 Offer OnlineSecurity add-on
9367-OIUXP,4,20.7,Month-to-month,No internet service,No internet service,0.04,Low Risk,✅ Monitor
6770-UAYGJ,49,25.25,Two year,No internet service,No internet service,0.0,,✅ Monitor
6463-HHXJR,71,100.5,Two year,No,Yes,0.01,Low Risk,🎯 Assign dedicated support agent
7928-VJYAB,11,90.6,Month-to-month,No,No,0.53,Medium Risk,🎯 Assign dedicated support agent
1187-WILMM,63,89.4,Two year,Yes,Yes,0.0,,✅ Monitor
9776-OJUZI,65,95.45,Month-to-month,No,No,0.09,Low Risk,🎯 Assign dedicated support agent
1306-RPWXZ,49,20.45,Two year,No internet service,No internet service,0.01,Low Risk,✅ Monitor
3097-PYWXL,4,19.95,Month-to-month,No internet service,No internet service,0.08,Low Risk,✅ Monitor
2266-SJNAT,72,109.15,One year,Yes,No,0.06,Low Risk,🔒 Offer OnlineSecurity add-on
0869-PAPRP,26,85.7,Month-to-month,No,No,0.16,Low Risk,🎯 Assign dedicated support agent
4238-JSSWH,35,102.05,Month-to-month,No,No,0.28,Low Risk,🎯 Assign dedicated support agent
2972-YDYUW,57,94.7,One year,Yes,No,0.14,Low Risk,🔒 Offer OnlineSecurity add-on
1104-FEJAM,28,64.4,Month-to-month,No,No,0.03,Low Risk,🔒 Offer OnlineSecurity add-on
2809-ILCYT,25,26.8,One year,No internet service,No internet service,0.04,Low Risk,✅ Monitor
5499-ECUTN,47,66.05,One year,No,Yes,0.0,,✅ Monitor
4981-FLTMF,57,65.2,Month-to-month,Yes,Yes,0.06,Low Risk,💰 Offer annual plan discount
9121-PHQSR,16,85.05,Month-to-month,No,No,0.21,Low Risk,🎯 Assign dedicated support agent
3113-IWHLC,5,55.8,Month-to-month,No,Yes,0.13,Low Risk,✅ Monitor
4277-BWBML,72,19.95,Two year,No internet service,No internet service,0.01,Low Risk,✅ Monitor
0234-TEVTT,48,45.0,One year,No,Yes,0.01,Low Risk,✅ Monitor
4304-TSPVK,68,114.9,Two year,Yes,Yes,0.09,Low Risk,✅ Monitor
1552-AAGRX,30,106.4,Month-to-month,Yes,Yes,0.21,Low Risk,💰 Offer annual plan discount
2637-FKFSY,3,46.1,Month-to-month,No,No,0.24,Low Risk,📧 Send re-engagement email
9796-MVYXX,14,39.7,Two year,Yes,Yes,0.02,Low Risk,✅ Monitor
7874-ECPQJ,4,20.05,Month-to-month,No internet service,No internet service,0.06,Low Risk,✅ Monitor
0020-INWCK,71,95.75,Two year,No,No,0.03,Low Risk,🎯 Assign dedicated support agent
7089-RKVSZ,8,24.4,One year,No internet service,No internet service,0.0,,✅ Monitor
2683-JXWQQ,61,33.6,Month-to-month,No,Yes,0.09,Low Risk,💰 Offer annual plan discount
9548-ZMVTX,72,90.45,Two year,Yes,No,0.03,Low Risk,🔒 Offer OnlineSecurity add-on
8739-XNIKG,5,84.0,Month-to-month,No,No,0.87,High Risk,🎯 Assign dedicated support agent
9755-JHNMN,49,67.4,Two year,Yes,Yes,0.04,Low Risk,✅ Monitor
3981-QSVQI,8,19.7,Month-to-month,No internet service,No internet service,0.01,Low Risk,✅ Monitor
2789-HQBOU,3,80.35,Month-to-month,No,No,0.31,Medium Risk,📧 Send re-engagement email
9424-CMPOG,9,19.6,Two year,No internet service,No internet service,0.0,,✅ Monitor
5067-WJEUN,67,54.2,Two year,No,Yes,0.0,,✅ Monitor
3450-WXOAT,46,45.2,Month-to-month,No,No,0.02,Low Risk,🔒 Offer OnlineSecurity add-on
9251-WNSOD,67,75.1,One year,No,Yes,0.04,Low Risk,✅ Monitor
6974-DAFLI,55,19.7,One year,No internet service,No internet service,0.0,,✅ Monitor
2616-UUTFK,33,72.75,Month-to-month,No,Yes,0.04,Low Risk,💰 Offer annual plan discount
7064-JHXCE,62,20.05,Two year,No internet service,No internet service,0.0,,✅ Monitor
7989-AWGEH,49,39.2,Month-to-month,No,Yes,0.01,Low Risk,💰 Offer annual plan discount
4373-VVHQL,1,44.75,Month-to-month,No,No,0.09,Low Risk,📧 Send re-engagement email
4559-UWIHT,14,82.65,Month-to-month,No,No,0.26,Low Risk,🎯 Assign dedicated support agent
7268-IGMFD,18,93.9,Month-to-month,Yes,No,0.08,Low Risk,🔒 Offer OnlineSecurity add-on
6650-BWFRT,72,117.15,Two year,Yes,Yes,0.0,,✅ Monitor
9570-KYEUA,64,99.25,Two year,Yes,Yes,0.04,Low Risk,✅ Monitor
6993-YGFJV,69,112.55,Two year,Yes,Yes,0.04,Low Risk,✅ Monitor
2712-SYWAY,1,25.7,Month-to-month,No internet service,No internet service,0.06,Low Risk,📧 Send re-engagement email
0730-BGQGF,71,90.3,Two year,Yes,Yes,0.0,,✅ Monitor
5498-IBWPI,66,49.4,One year,Yes,No,0.08,Low Risk,🔒 Offer OnlineSecurity add-on
9101-NTIXF,2,19.4,Month-to-month,No internet service,No internet service,0.01,Low Risk,📧 Send re-engagement email
0013-SMEOE,71,109.7,Two year,Yes,Yes,0.04,Low Risk,✅ Monitor
9314-QDMDW,11,61.25,One year,No,No,0.13,Low Risk,🔒 Offer OnlineSecurity add-on
9308-ANMVE,47,55.3,Month-to-month,No,Yes,0.16,Low Risk,💰 Offer annual plan discount
3413-DHLPB,60,103.75,Month-to-month,Yes,No,0.11,Low Risk,🔒 Offer OnlineSecurity add-on
7649-PHJVR,11,19.5,One year,No internet service,No internet service,0.0,,✅ Monitor
6114-TCFID,29,39.5,One year,Yes,Yes,0.02,Low Risk,✅ Monitor
3787-TRIAL,21,26.05,Month-to-month,No,No,0.27,Low Risk,🔒 Offer OnlineSecurity add-on
2573-GYRUU,48,91.05,Month-to-month,No,No,0.16,Low Risk,🎯 Assign dedicated support agent
5156-UMKOW,3,29.65,Month-to-month,No,No,0.09,Low Risk,📧 Send re-engagement email
1247-QBVSH,43,50.2,Month-to-month,No,No,0.08,Low Risk,🔒 Offer OnlineSecurity add-on
6734-GMPVK,5,105.3,Month-to-month,No,No,0.18,Low Risk,🎯 Assign dedicated support agent
9822-OAOVB,1,55.45,Month-to-month,No,No,0.28,Low Risk,📧 Send re-engagement email
6161-ERDGD,71,85.45,One year,Yes,Yes,0.06,Low Risk,✅ Monitor
1226-JZNKR,8,19.8,One year,No internet service,No internet service,0.07,Low Risk,✅ Monitor
7318-EIVKO,8,59.25,Month-to-month,No,No,0.1,Low Risk,🔒 Offer OnlineSecurity add-on
3771-PZOBW,20,90.7,Month-to-month,No,No,0.13,Low Risk,🎯 Assign dedicated support agent
8231-BSWXX,71,79.05,One year,No,No,0.0,,🔒 Offer OnlineSecurity add-on
6486-LHTMA,31,90.7,One year,No,No,0.14,Low Risk,🎯 Assign dedicated support agent
4083-BFNYK,38,95.0,One year,No,Yes,0.06,Low Risk,🎯 Assign dedicated support agent
7389-KBFIT,2,30.25,Month-to-month,No,No,0.15,Low Risk,📧 Send re-engagement email
7176-WIONM,12,49.85,Month-to-month,No,No,0.18,Low Risk,🔒 Offer OnlineSecurity add-on
5141-ZUVBH,9,93.0,Month-to-month,Yes,Yes,0.17,Low Risk,✅ Monitor
1089-HDMKP,11,54.55,Month-to-month,Yes,No,0.07,Low Risk,🔒 Offer OnlineSecurity add-on
7623-HKYRK,6,19.7,Month-to-month,No internet service,No internet service,0.0,,✅ Monitor
0310-SUCIN,71,84.8,One year,Yes,Yes,0.02,Low Risk,✅ Monitor
5197-PYEPU,42,94.45,One year,No,Yes,0.03,Low Risk,🎯 Assign dedicated support agent
6619-RPLQZ,45,20.85,Two year,No internet service,No internet service,0.0,,✅ Monitor
3275-RHRNE,28,60.0,One year,Yes,No,0.03,Low Risk,🔒 Offer OnlineSecurity add-on
3503-TYDAY,43,80.45,Month-to-month,No,No,0.06,Low Risk,🎯 Assign dedicated support agent
6901-GOGZG,60,84.95,Two year,Yes,Yes,0.01,Low Risk,✅ Monitor
7021-XSNYE,7,49.65,Two year,Yes,Yes,0.03,Low Risk,✅ Monitor
9621-OUPYD,25,20.2,One year,No internet service,No internet service,0.0,,✅ Monitor
8982-NHAVY,27,100.5,One year,No,No,0.15,Low Risk,🎯 Assign dedicated support agent
4307-KWMXE,10,35.75,Month-to-month,Yes,No,0.02,Low Risk,🔒 Offer OnlineSecurity add-on
0141-YEAYS,27,86.45,Month-to-month,No,No,0.15,Low Risk,🎯 Assign dedicated support agent
2450-ZKEED,11,53.8,One year,Yes,No,0.09,Low Risk,🔒 Offer OnlineSecurity add-on
3694-DELSO,4,38.55,Month-to-month,No,Yes,0.15,Low Risk,✅ Monitor
3893-JRNFS,68,39.9,Month-to-month,No,No,0.36,Medium Risk,🔒 Offer OnlineSecurity add-on
9603-OAIHC,1,70.05,Month-to-month,No,No,0.34,Medium Risk,📧 Send re-engagement email
1133-KXCGE,18,20.1,One year,No internet service,No internet service,0.02,Low Risk,✅ Monitor
0142-GVYSN,26,20.3,Month-to-month,No internet service,No internet service,0.0,,💰 Offer annual plan discount
1049-FYSYG,17,35.65,Month-to-month,No,No,0.17,Low Risk,🔒 Offer OnlineSecurity add-on
8406-LNMHF,59,82.95,One year,No,Yes,0.02,Low Risk,🎯 Assign dedicated support agent
1821-BUCWY,30,55.65,Two year,No,Yes,0.0,,✅ Monitor
0023-UYUPN,50,25.2,One year,No internet service,No internet service,0.01,Low Risk,✅ Monitor
8314-DPQHL,9,50.8,One year,Yes,Yes,0.04,Low Risk,✅ Monitor
1465-WCZVT,3,19.65,Month-to-month,No internet service,No internet service,0.01,Low Risk,📧 Send re-engagement email
9481-SFCQY,14,59.8,Month-to-month,No,No,0.21,Low Risk,🔒 Offer OnlineSecurity add-on
6360-SVNWV,31,73.55,Month-to-month,No,Yes,0.18,Low Risk,💰 Offer annual plan discount
0567-GGCAC,7,61.4,Month-to-month,No,Yes,0.12,Low Risk,✅ Monitor
8884-MRNSU,17,19.9,One year,No internet service,No internet service,0.01,Low Risk,✅ Monitor
2171-UDMFD,32,19.45,Month-to-month,No internet service,No internet service,0.19,Low Risk,💰 Offer annual plan discount
9050-IKDZA,2,81.5,Month-to-month,No,No,0.3,Low Risk,📧 Send re-engagement email
9802-CAQUT,72,109.55,Two year,No,Yes,0.0,,🎯 Assign dedicated support agent
0187-WZNAB,27,74.4,Month-to-month,No,Yes,0.08,Low Risk,💰 Offer annual plan discount
1475-VWVDO,7,74.9,Month-to-month,No,No,0.34,Medium Risk,🔒 Offer OnlineSecurity add-on
1357-MVDOZ,11,59.65,Month-to-month,No,No,0.05,Low Risk,🔒 Offer OnlineSecurity add-on
7602-MVRMB,72,110.45,Two year,Yes,Yes,0.01,Low Risk,✅ Monitor
1197-BVMVG,4,74.45,Month-to-month,No,No,0.27,Low Risk,🔒 Offer OnlineSecurity add-on
5406-KGRMX,71,24.55,Two year,No internet service,No internet service,0.0,,✅ Monitor
5968-HYJRZ,47,24.55,Two year,No internet service,No internet service,0.0,,✅ Monitor
5198-EFNBM,57,90.65,One year,No,No,0.15,Low Risk,🎯 Assign dedicated support agent
7516-GMHUV,50,105.05,Two year,No,Yes,0.14,Low Risk,🎯 Assign dedicated support agent
7140-ADSMJ,8,20.45,Month-to-month,No internet service,No internet service,0.01,Low Risk,✅ Monitor
2230-XTUWL,48,19.55,Two year,No internet service,No internet service,0.0,,✅ Monitor
7706-YLMQA,70,19.7,One year,No internet service,No internet service,0.02,Low Risk,✅ Monitor
2585-KTFRE,1,70.45,Month-to-month,Yes,Yes,0.15,Low Risk,📧 Send re-engagement email
7994-UYIVZ,8,85.65,Month-to-month,No,No,0.33,Medium Risk,🎯 Assign dedicated support agent
7717-BICXI,60,20.55,Two year,No internet service,No internet service,0.0,,✅ Monitor
6559-RAKOZ,49,97.95,One year,Yes,No,0.21,Low Risk,🔒 Offer OnlineSecurity add-on
4716-MRVEN,29,20.0,One year,No internet service,No internet service,0.0,,✅ Monitor
2143-LJULT,67,25.25,Two year,No internet service,No internet service,0.01,Low Risk,✅ Monitor
3200-MNQTF,67,70.9,Two year,Yes,Yes,0.03,Low Risk,✅ Monitor
6164-HXUGH,6,19.85,Month-to-month,No internet service,No internet service,0.07,Low Risk,✅ Monitor
5630-IXDXV,47,106.35,Month-to-month,No,No,0.3,Low Risk,🎯 Assign dedicated support agent
0320-DWVTU,53,99.5,Two year,Yes,Yes,0.02,Low Risk,✅ Monitor
9135-MGVPY,69,84.7,Two year,Yes,Yes,0.0,,✅ Monitor
1212-GLHMD,3,86.05,Month-to-month,No,Yes,0.17,Low Risk,📧 Send re-engagement email
7878-JGDKK,4,44.55,Month-to-month,No,No,0.11,Low Risk,🔒 Offer OnlineSecurity add-on
1088-AUUZZ,56,75.85,Two year,Yes,Yes,0.01,Low Risk,✅ Monitor
6614-YWYSC,61,25.0,Two year,No internet service,No internet service,0.0,,✅ Monitor
9588-OZDMQ,2,45.0,Month-to-month,No,No,0.18,Low Risk,📧 Send re-engagement email
6476-EPYZR,12,20.5,Month-to-month,No internet service,No internet service,0.0,,✅ Monitor
1174-FGIFN,28,90.45,One year,Yes,No,0.26,Low Risk,🔒 Offer OnlineSecurity add-on
6620-HVDUJ,24,60.45,Month-to-month,Yes,Yes,0.03,Low Risk,💰 Offer annual plan discount
1032-MAELW,68,78.45,One year,Yes,Yes,0.1,Low Risk,✅ Monitor
7641-TQFHN,39,100.55,Two year,Yes,No,0.17,Low Risk,🔒 Offer OnlineSecurity add-on
1552-TKMXS,42,20.35,Month-to-month,No internet service,No internet service,0.02,Low Risk,💰 Offer annual plan discount
8622-ZLFKO,6,90.75,Month-to-month,No,No,0.85,High Risk,🎯 Assign dedicated support agent
6188-UXBBR,38,20.25,One year,No internet service,No internet service,0.0,,✅ Monitor
2333-KWEWW,18,20.05,Two year,No internet service,No internet service,0.0,,✅ Monitor
5702-SKUOB,4,19.6,Month-to-month,No internet service,No internet service,0.06,Low Risk,✅ Monitor
1134-YWTYF,27,53.8,Month-to-month,Yes,No,0.06,Low Risk,🔒 Offer OnlineSecurity add-on
6061-GWWAV,41,70.2,One year,No,Yes,0.1,Low Risk,✅ Monitor
0679-TDGAK,50,75.5,One year,Yes,Yes,0.05,Low Risk,✅ Monitor
6585-WCEWR,72,20.35,Two year,No internet service,No internet service,0.01,Low Risk,✅ Monitor
9067-YGSCA,70,26.05,One year,No internet service,No internet service,0.0,,✅ Monitor
9067-SQTNS,44,20.6,One year,No internet service,No internet service,0.0,,✅ Monitor
1776-SPBWV,34,20.1,One year,No internet service,No internet service,0.0,,✅ Monitor
8735-SDUFN,72,24.3,Two year,No internet service,No internet service,0.0,,✅ Monitor
9668-PUGNU,71,24.5,Two year,No internet service,No internet service,0.04,Low Risk,✅ Monitor
9405-GPBBG,64,110.5,Two year,Yes,No,0.09,Low Risk,🔒 Offer OnlineSecurity add-on
1926-QUZNN,72,25.25,Two year,No internet service,No internet service,0.0,,✅ Monitor
7016-NVRIC,29,90.1,One year,No,Yes,0.03,Low Risk,🎯 Assign dedicated support agent
5829-NVSQN,23,68.75,One year,Yes,Yes,0.02,Low Risk,✅ Monitor
9565-AXSMR,52,19.2,Two year,No internet service,No internet service,0.0,,✅ Monitor
8869-LIHMK,64,115.1,Two year,Yes,Yes,0.07,Low Risk,✅ Monitor
0447-RXSGD,24,99.65,Month-to-month,No,No,0.21,Low Risk,🎯 Assign dedicated support agent
4927-WWOOZ,2,91.45,Month-to-month,No,No,0.87,High Risk,📧 Send re-engagement email
5788-YPOEG,34,84.75,Two year,Yes,Yes,0.0,,✅ Monitor
0661-KBKPA,53,78.75,One year,Yes,No,0.13,Low Risk,🔒 Offer OnlineSecurity add-on
9081-WWXKP,47,20.25,Two year,No internet service,No internet service,0.0,,✅ Monitor
0784-ZQJZX,72,19.9,Two year,No internet service,No internet service,0.0,,✅ Monitor
3133-PZNSR,72,97.75,Two year,Yes,Yes,0.02,Low Risk,✅ Monitor
0722-SVSFK,7,100.4,Month-to-month,Yes,No,0.31,Medium Risk,🔒 Offer OnlineSecurity add-on
3612-YVGSJ,71,24.45,Two year,No internet service,No internet service,0.01,Low Risk,✅ Monitor
9825-YCXWZ,41,101.1,One year,Yes,No,0.03,Low Risk,🔒 Offer OnlineSecurity add-on
5397-NSKQG,67,50.9,Two year,No,Yes,0.02,Low Risk,✅ Monitor
8565-HBFNN,69,107.2,One year,Yes,Yes,0.06,Low Risk,✅ Monitor
2000-DHJUY,70,92.2,Two year,Yes,Yes,0.0,,✅ Monitor
8670-ERCJH,72,113.4,Two year,Yes,Yes,0.01,Low Risk,✅ Monitor
7758-UJWYS,34,40.55,Two year,Yes,No,0.04,Low Risk,🔒 Offer OnlineSecurity add-on
2050-ONYDQ,65,26.0,Two year,No internet service,No internet service,0.0,,✅ Monitor
7055-JCGNI,70,111.95,Two year,Yes,Yes,0.04,Low Risk,✅ Monitor
0739-UUAJR,72,53.8,Two year,No,Yes,0.03,Low Risk,✅ Monitor
4826-DXMUP,35,72.1,One year,Yes,No,0.27,Low Risk,🔒 Offer OnlineSecurity add-on
7285-KLOTR,12,78.85,One year,No,Yes,0.08,Low Risk,✅ Monitor
0654-PQKDW,62,70.75,One year,Yes,Yes,0.01,Low Risk,✅ Monitor
7175-NTIXE,25,76.15,Month-to-month,Yes,Yes,0.06,Low Risk,💰 Offer annual plan discount
7963-SHNDT,52,39.1,Two year,Yes,Yes,0.0,,✅ Monitor
9796-BPKIW,8,69.95,Month-to-month,No,No,0.2,Low Risk,🔒 Offer OnlineSecurity add-on
0188-GWFLE,2,20.05,Month-to-month,No internet service,No internet service,0.05,Low Risk,📧 Send re-engagement email
8129-GMVGI,56,20.05,Two year,No internet service,No internet service,0.0,,✅ Monitor
2882-DDZPG,12,19.45,Month-to-month,No internet service,No internet service,0.05,Low Risk,✅ Monitor
3547-LQRIK,47,26.9,One year,No internet service,No internet service,0.0,,✅ Monitor
9137-NOQKA,2,19.2,Month-to-month,No internet service,No internet service,0.11,Low Risk,📧 Send re-engagement email
5843-TTHGI,18,50.0,Month-to-month,No,No,0.09,Low Risk,🔒 Offer OnlineSecurity add-on
1849-RJYIG,8,60.0,Month-to-month,No,Yes,0.12,Low Risk,✅ Monitor
8868-GAGIO,45,84.55,Month-to-month,No,Yes,0.09,Low Risk,🎯 Assign dedicated support agent
4061-UKJWL,3,45.45,Month-to-month,No,No,0.22,Low Risk,📧 Send re-engagement email
5380-XPJNZ,38,20.05,One year,No internet service,No internet service,0.0,,✅ Monitor
8263-QMNTJ,72,115.55,Two year,Yes,Yes,0.0,,✅ Monitor
3230-JCNZS,71,99.0,Two year,No,Yes,0.0,,🎯 Assign dedicated support agent
0277-ORXQS,66,50.55,Two year,Yes,No,0.02,Low Risk,🔒 Offer OnlineSecurity add-on
7996-BPXHY,13,25.0,Two year,No internet service,No internet service,0.02,Low Risk,✅ Monitor
3227-WLKLI,65,91.55,Two year,Yes,Yes,0.0,,✅ Monitor
2266-FUBDZ,15,19.35,Two year,No internet service,No internet service,0.01,Low Risk,✅ Monitor
8237-ULIXL,72,24.85,Two year,No internet service,No internet service,0.0,,✅ Monitor
8216-AZUUZ,42,100.4,Two year,Yes,No,0.03,Low Risk,🔒 Offer OnlineSecurity add-on
9153-BTBVV,71,25.0,Two year,No internet service,No internet service,0.0,,✅ Monitor
5186-PEIZU,35,19.25,Month-to-month,No internet service,No internet service,0.05,Low Risk,💰 Offer annual plan discount
1074-AMIOH,53,108.25,Month-to-month,Yes,No,0.21,Low Risk,🔒 Offer OnlineSecurity add-on
4361-FEBGN,48,20.15,Two year,No internet service,No internet service,0.0,,✅ Monitor
7748-UMTRK,30,101.3,Month-to-month,Yes,No,0.68,High Risk,🔒 Offer OnlineSecurity add-on
0380-ZCSBI,10,20.0,Month-to-month,No internet service,No internet service,0.02,Low Risk,✅ Monitor
7145-FEJWU,12,105.3,Month-to-month,No,No,0.17,Low Risk,🎯 Assign dedicated support agent
6463-MVYRY,57,69.85,Two year,Yes,Yes,0.02,Low Risk,✅ Monitor
3969-JQABI,58,65.25,Month-to-month,No,Yes,0.05,Low Risk,💰 Offer annual plan discount
9624-EGDEQ,37,19.8,Two year,No internet service,No internet service,0.0,,✅ Monitor
1051-EQPZR,44,19.6,Month-to-month,No internet service,No internet service,0.08,Low Risk,💰 Offer annual plan discount
5849-ASHZJ,27,20.05,One year,No internet service,No internet service,0.0,,✅ Monitor
5780-INQIK,8,49.4,Month-to-month,Yes,No,0.19,Low Risk,🔒 Offer OnlineSecurity add-on
4526-ZJJTM,25,88.4,Month-to-month,No,No,0.34,Medium Risk,🎯 Assign dedicated support agent
8384-FZBJK,57,100.6,Month-to-month,No,No,0.18,Low Risk,🎯 Assign dedicated support agent
3750-RNQKR,12,19.45,Month-to-month,No internet service,No internet service,0.0,,✅ Monitor
0962-CQPWQ,62,20.3,Two year,No internet service,No internet service,0.0,,✅ Monitor
3096-YXENJ,65,107.65,Two year,Yes,No,0.01,Low Risk,🔒 Offer OnlineSecurity add-on
1265-BCFEO,71,80.45,Two year,Yes,No,0.01,Low Risk,🔒 Offer OnlineSecurity add-on
5837-LXSDN,21,58.85,One year,No,No,0.08,Low Risk,🔒 Offer OnlineSecurity add-on
5945-AZYHT,71,109.6,One year,No,Yes,0.04,Low Risk,🎯 Assign dedicated support agent
8325-QRPZR,7,75.15,Month-to-month,No,No,0.24,Low Risk,🔒 Offer OnlineSecurity add-on
6384-VMJHP,72,73.0,Two year,Yes,Yes,0.0,,✅ Monitor
2262-SLNVK,1,70.1,Month-to-month,No,No,0.39,Medium Risk,📧 Send re-engagement email
7730-CLDSV,72,98.65,Two year,Yes,No,0.01,Low Risk,🔒 Offer OnlineSecurity add-on
1135-HIORI,64,111.45,One year,Yes,No,0.05,Low Risk,🔒 Offer OnlineSecurity add-on
0164-APGRB,72,114.9,Two year,Yes,Yes,0.0,,✅ Monitor
6481-ESCNL,29,100.55,Month-to-month,No,No,0.34,Medium Risk,🎯 Assign dedicated support agent
1790-NESIO,13,20.4,Two year,No internet service,No internet service,0.0,,✅ Monitor
1550-EENBN,31,104.35,Month-to-month,No,Yes,0.12,Low Risk,🎯 Assign dedicated support agent
8198-RKSZG,14,80.45,Month-to-month,Yes,No,0.08,Low Risk,🔒 Offer OnlineSecurity add-on
9297-EONCV,72,91.35,Two year,Yes,Yes,0.0,,✅ Monitor
1069-QJOEE,25,19.9,One year,No internet service,No internet service,0.0,,✅ Monitor
7799-DSEWS,18,68.35,Month-to-month,Yes,Yes,0.08,Low Risk,💰 Offer annual plan discount
8766-PAFNE,71,79.1,Two year,Yes,No,0.0,,🔒 Offer OnlineSecurity add-on
5315-CKEQK,28,51.0,One year,No,No,0.04,Low Risk,🔒 Offer OnlineSecurity add-on
3130-ICDUP,2,80.55,Month-to-month,No,Yes,0.14,Low Risk,📧 Send re-engagement email
0820-FNRNX,17,66.7,Month-to-month,Yes,No,0.11,Low Risk,🔒 Offer OnlineSecurity add-on
0880-FVFWF,56,86.4,Month-to-month,No,Yes,0.08,Low Risk,🎯 Assign dedicated support agent
4611-ANLQC,60,50.05,One year,No,Yes,0.08,Low Risk,✅ Monitor
4213-HKBJO,33,25.7,Two year,No internet service,No internet service,0.05,Low Risk,✅ Monitor
2792-LSHWX,1,83.4,Month-to-month,Yes,Yes,0.24,Low Risk,📧 Send re-engagement email
0014-BMAQU,63,84.65,Two year,Yes,Yes,0.0,,✅ Monitor
9018-PCIOK,55,64.75,Two year,No,No,0.01,Low Risk,🔒 Offer OnlineSecurity add-on
4837-QUSFT,65,100.15,One year,Yes,Yes,0.01,Low Risk,✅ Monitor
9953-ZMKSM,63,25.25,Two year,No internet service,No internet service,0.01,Low Risk,✅ Monitor
0907-HQNTS,70,113.0,Two year,Yes,Yes,0.01,Low Risk,✅ Monitor
7665-NKLAV,36,40.65,Two year,Yes,Yes,0.0,,✅ Monitor
4391-LNRXK,22,94.95,Month-to-month,Yes,No,0.03,Low Risk,🔒 Offer OnlineSecurity add-on
8250-ZNGGW,5,59.9,Month-to-month,Yes,Yes,0.09,Low Risk,✅ Monitor
8562-GHPPI,1,19.8,Month-to-month,No internet service,No internet service,0.01,Low Risk,📧 Send re-engagement email
5893-PYOLZ,56,81.8,Two year,Yes,No,0.02,Low Risk,🔒 Offer OnlineSecurity add-on
4986-MXSFP,2,20.0,Month-to-month,No internet service,No internet service,0.01,Low Risk,📧 Send re-engagement email
6131-FOYAS,35,59.6,Month-to-month,No,Yes,0.05,Low Risk,💰 Offer annual plan discount
3027-YNWZU,64,25.0,Two year,No internet service,No internet service,0.0,,✅ Monitor
5609-IMCGG,15,84.35,Month-to-month,No,Yes,0.25,Low Risk,🎯 Assign dedicated support agent
4727-MCYZG,1,55.55,Month-to-month,No,No,0.18,Low Risk,📧 Send re-engagement email
9481-WHGWY,70,75.35,Two year,Yes,Yes,0.01,Low Risk,✅ Monitor
4328-VUFWD,39,59.3,One year,Yes,No,0.01,Low Risk,🔒 Offer OnlineSecurity add-on
3301-LSLWQ,29,66.1,Month-to-month,No,Yes,0.04,Low Risk,💰 Offer annual plan discount
7473-ZBDSN,14,18.8,Two year,No internet service,No internet service,0.0,,✅ Monitor
3166-PNEOF,61,86.45,Two year,Yes,Yes,0.0,,✅ Monitor
5639-NTUPK,13,52.1,Month-to-month,No,Yes,0.07,Low Risk,💰 Offer annual plan discount
8780-YRMTT,66,47.4,Two year,Yes,Yes,0.01,Low Risk,✅ Monitor
5140-FOMCQ,59,109.15,One year,No,Yes,0.21,Low Risk,🎯 Assign dedicated support agent
6242-SGYTS,62,94.95,One year,No,Yes,0.06,Low Risk,🎯 Assign dedicated support agent
8166-ORCHU,33,93.55,One year,Yes,Yes,0.2,Low Risk,✅ Monitor
8414-OOEEL,66,79.5,Two year,Yes,No,0.02,Low Risk,🔒 Offer OnlineSecurity add-on
8454-AATJP,72,115.05,Two year,Yes,Yes,0.02,Low Risk,✅ Monitor
4531-AUZNK,51,95.15,One year,Yes,Yes,0.06,Low Risk,✅ Monitor
4191-XOVOM,63,105.4,Month-to-month,Yes,No,0.16,Low Risk,🔒 Offer OnlineSecurity add-on
2150-OEGBV,27,20.1,One year,No internet service,No internet service,0.02,Low Risk,✅ Monitor
1855-CFULU,4,20.05,Month-to-month,No internet service,No internet service,0.18,Low Risk,✅ Monitor
4878-BUNFV,42,20.7,Two year,No internet service,No internet service,0.0,,✅ Monitor
1872-EBWSC,29,20.35,One year,No internet service,No internet service,0.0,,✅ Monitor
7026-YMSBE,30,19.7,One year,No internet service,No internet service,0.01,Low Risk,✅ Monitor
6997-UVGOX,71,85.45,Two year,Yes,Yes,0.0,,✅ Monitor
9674-EHPPG,46,40.4,Two year,Yes,Yes,0.02,Low Risk,✅ Monitor
5440-VHLUL,69,105.2,One year,Yes,No,0.6,Medium Risk,🔒 Offer OnlineSecurity add-on
5781-BKHOP,72,100.65,Two year,No,Yes,0.0,,🎯 Assign dedicated support agent
5213-TWWJU,28,91.0,Month-to-month,Yes,No,0.19,Low Risk,🔒 Offer OnlineSecurity add-on
8628-MFKAX,72,116.75,Two year,Yes,Yes,0.0,,✅ Monitor
7629-WIXZF,7,59.1,One year,No,Yes,0.29,Low Risk,✅ Monitor
5445-GLVOT,22,49.8,Month-to-month,No,Yes,0.28,Low Risk,💰 Offer annual plan discount
3976-HXHCE,72,19.3,Two year,No internet service,No internet service,0.02,Low Risk,✅ Monitor
2466-NEJOJ,8,19.65,Month-to-month,No internet service,No internet service,0.01,Low Risk,✅ Monitor
0254-KCJGT,52,81.4,One year,Yes,Yes,0.06,Low Risk,✅ Monitor
5472-CVMDX,68,38.9,Two year,Yes,Yes,0.03,Low Risk,✅ Monitor
6461-SZMCV,71,87.95,Two year,Yes,Yes,0.0,,✅ Monitor
8150-QUDFX,2,19.85,Month-to-month,No internet service,No internet service,0.03,Low Risk,📧 Send re-engagement email
9508-ILZDG,34,96.35,Month-to-month,Yes,No,0.59,Medium Risk,🔒 Offer OnlineSecurity add-on
2346-DJQTB,35,24.15,Month-to-month,No,No,0.06,Low Risk,🔒 Offer OnlineSecurity add-on
1697-LYYYX,61,19.1,One year,No internet service,No internet service,0.0,,✅ Monitor
1942-OQFRW,1,44.0,Month-to-month,No,No,0.35,Medium Risk,📧 Send re-engagement email
9640-ZSLDC,53,60.6,One year,No,No,0.06,Low Risk,🔒 Offer OnlineSecurity add-on
4231-LZUYM,72,25.65,Two year,No internet service,No internet service,0.0,,✅ Monitor
6128-AQBMT,41,53.95,Month-to-month,No,No,0.5,Medium Risk,🔒 Offer OnlineSecurity add-on
3594-BDSOA,24,20.4,One year,No internet service,No internet service,0.0,,✅ Monitor
5133-VRSAB,8,29.35,Month-to-month,No,Yes,0.16,Low Risk,✅ Monitor
5996-DAOQL,1,20.45,Month-to-month,No internet service,No internet service,0.03,Low Risk,📧 Send re-engagement email
6838-YAUVY,54,95.1,Two year,Yes,No,0.08,Low Risk,🔒 Offer OnlineSecurity add-on
0484-JPBRU,41,25.25,Month-to-month,No internet service,No internet service,0.02,Low Risk,💰 Offer annual plan discount
7883-ROJOC,19,44.9,Month-to-month,No,No,0.05,Low Risk,🔒 Offer OnlineSecurity add-on
0244-LGNFY,72,92.65,Two year,Yes,Yes,0.01,Low Risk,✅ Monitor
7274-CGTOD,62,43.7,Two year,Yes,Yes,0.0,,✅ Monitor
4295-YURET,56,72.6,Two year,Yes,Yes,0.04,Low Risk,✅ Monitor
4635-EJYPD,32,18.95,Two year,No internet service,No internet service,0.0,,✅ Monitor
1866-ZSLJM,21,20.5,Month-to-month,No internet service,No internet service,0.0,,💰 Offer annual plan discount
4636-TVXVG,62,19.95,One year,No internet service,No internet service,0.0,,✅ Monitor
4236-UJPWO,2,24.5,Month-to-month,No,No,0.23,Low Risk,📧 Send re-engagement email
9392-XBGTD,27,20.6,Two year,No internet service,No internet service,0.0,,✅ Monitor
6402-SSEJG,25,61.05,One year,No,Yes,0.07,Low Risk,✅ Monitor
1169-SAOCL,49,106.65,One year,Yes,No,0.19,Low Risk,🔒 Offer OnlineSecurity add-on
1110-KYLGQ,63,108.25,Month-to-month,No,Yes,0.06,Low Risk,🎯 Assign dedicated support agent
9929-PLVPA,4,20.4,Month-to-month,No internet service,No internet service,0.06,Low Risk,✅ Monitor
3518-PZXZQ,1,55.3,Month-to-month,No,No,0.25,Low Risk,📧 Send re-engagement email
2371-JUNGC,11,20.25,Month-to-month,No internet service,No internet service,0.07,Low Risk,✅ Monitor
7693-QPEFS,52,72.95,Month-to-month,No,No,0.05,Low Risk,🔒 Offer OnlineSecurity add-on
0924-BJCRC,60,89.45,Month-to-month,No,No,0.14,Low Risk,🎯 Assign dedicated support agent
5074-FBGHB,64,104.65,One year,Yes,No,0.28,Low Risk,🔒 Offer OnlineSecurity add-on
2351-BKRZW,43,75.2,Two year,No,Yes,0.03,Low Risk,✅ Monitor
4455-BFSPD,61,101.15,One year,Yes,No,0.04,Low Risk,🔒 Offer OnlineSecurity add-on
3948-KXDUF,66,68.75,Two year,Yes,Yes,0.02,Low Risk,✅ Monitor
2323-ARSVR,67,111.05,Two year,Yes,Yes,0.1,Low Risk,✅ Monitor
0815-MFZGM,42,99.0,Two year,Yes,No,0.02,Low Risk,🔒 Offer OnlineSecurity add-on
5480-XTFFL,31,21.0,Two year,No internet service,No internet service,0.0,,✅ Monitor
8295-FHIVV,7,19.4,Month-to-month,No internet service,No internet service,0.04,Low Risk,✅ Monitor
9086-YJYXS,34,77.2,One year,No,No,0.03,Low Risk,🔒 Offer OnlineSecurity add-on
1179-INLAT,3,19.45,One year,No internet service,No internet service,0.02,Low Risk,✅ Monitor
7909-FIOIY,19,24.85,Month-to-month,No,No,0.08,Low Risk,🔒 Offer OnlineSecurity add-on
6351-SCJKT,3,41.35,Month-to-month,Yes,Yes,0.17,Low Risk,📧 Send re-engagement email
5468-BPMMO,46,19.6,Month-to-month,No internet service,No internet service,0.1,Low Risk,💰 Offer annual plan discount
0197-PNKNK,69,84.45,One year,No,Yes,0.03,Low Risk,🎯 Assign dedicated support agent
2439-QKJUL,5,20.25,Month-to-month,No internet service,No internet service,0.04,Low Risk,✅ Monitor
1194-SPVSP,1,19.65,Month-to-month,No internet service,No internet service,0.09315233124857183,Low Risk,📧 Send re-engagement email
9534-NSXEM,26,20.65,One year,No internet service,No internet service,0.0,,✅ Monitor
8929-KSWIH,25,99.3,Two year,Yes,No,0.0,,🔒 Offer OnlineSecurity add-on
2250-IVBWA,64,81.05,Month-to-month,No,Yes,0.12,Low Risk,🎯 Assign dedicated support agent
1810-MVMAI,30,67.6,Month-to-month,Yes,Yes,0.05,Low Risk,💰 Offer annual plan discount
9506-UXUSK,13,70.15,Month-to-month,No,No,0.13,Low Risk,🔒 Offer OnlineSecurity add-on
1229-RCALF,64,115.0,One year,Yes,Yes,0.01,Low Risk,✅ Monitor
3572-UOLYZ,46,84.8,Month-to-month,Yes,No,0.11,Low Risk,🔒 Offer OnlineSecurity add-on
1429-UYJSV,12,19.7,One year,No internet service,No internet service,0.0,,✅ Monitor
6366-XIVKZ,13,63.15,Month-to-month,No,Yes,0.17,Low Risk,💰 Offer annual plan discount
3470-OBUET,67,74.0,Two year,Yes,Yes,0.02,Low Risk,✅ Monitor
2770-NSVDG,24,29.1,Month-to-month,No,No,0.38,Medium Risk,🔒 Offer OnlineSecurity add-on
9375-MHRRS,6,50.05,Month-to-month,Yes,No,0.07,Low Risk,🔒 Offer OnlineSecurity add-on
4860-YZGZM,10,20.0,Month-to-month,No internet service,No internet service,0.01,Low Risk,✅ Monitor
6599-GZWCM,13,74.65,One year,No,No,0.07,Low Risk,🔒 Offer OnlineSecurity add-on
5533-NHFRF,7,44.4,Month-to-month,Yes,No,0.16,Low Risk,🔒 Offer OnlineSecurity add-on
7037-MTYVW,38,85.4,Two year,Yes,Yes,0.05,Low Risk,✅ Monitor
4760-THGOT,43,94.1,Month-to-month,No,Yes,0.28,Low Risk,🎯 Assign dedicated support agent
4016-BJKTZ,25,108.9,Two year,Yes,No,0.11,Low Risk,🔒 Offer OnlineSecurity add-on
6584-VQMYT,27,56.2,One year,No,Yes,0.0,,✅ Monitor
9838-BFCQT,72,26.1,Two year,No internet service,No internet service,0.0,,✅ Monitor
2790-XUYMV,71,85.45,One year,No,Yes,0.02,Low Risk,🎯 Assign dedicated support agent
0581-MDMPW,24,88.95,Month-to-month,No,No,0.48,Medium Risk,🎯 Assign dedicated support agent
1023-BQXZE,57,74.35,Two year,No,Yes,0.01,Low Risk,✅ Monitor
9163-GHAYE,15,48.85,Month-to-month,No,No,0.08,Low Risk,🔒 Offer OnlineSecurity add-on
3904-UKFRE,4,80.1,Month-to-month,No,Yes,0.14,Low Risk,🎯 Assign dedicated support agent
5353-WILCI,28,56.05,Month-to-month,No,Yes,0.04,Low Risk,💰 Offer annual plan discount
0058-EVZWM,55,89.8,Month-to-month,No,Yes,0.24,Low Risk,🎯 Assign dedicated support agent
7009-PCARS,55,19.1,One year,No internet service,No internet service,0.06,Low Risk,✅ Monitor
0519-DRGTI,20,20.35,Month-to-month,No internet service,No internet service,0.01,Low Risk,💰 Offer annual plan discount
1017-FBQMM,62,106.05,One year,Yes,No,0.03,Low Risk,🔒 Offer OnlineSecurity add-on
1985-MBRYP,43,19.65,Two year,No internet service,No internet service,0.0,,✅ Monitor
9372-TXXPS,60,59.85,Two year,Yes,Yes,0.0,,✅ Monitor
3259-QMXUN,58,86.1,Two year,No,Yes,0.04,Low Risk,🎯 Assign dedicated support agent
1015-JPFYW,7,19.45,One year,No internet service,No internet service,0.01,Low Risk,✅ Monitor
6645-MXQJT,2,97.1,Month-to-month,No,Yes,0.15,Low Risk,📧 Send re-engagement email
4360-QRAVE,37,36.65,Month-to-month,No,No,0.12,Low Risk,🔒 Offer OnlineSecurity add-on
8433-WPJTV,65,103.9,One year,Yes,No,0.14,Low Risk,🔒 Offer OnlineSecurity add-on
5804-JMYIO,39,19.75,Two year,No internet service,No internet service,0.0,,✅ Monitor
6484-LATFU,68,24.55,Two year,No internet service,No internet service,0.0,,✅ Monitor
7599-NTMDP,62,48.7,Two year,Yes,Yes,0.01,Low Risk,✅ Monitor
0536-ACXIP,72,109.55,Two year,No,Yes,0.0,,🎯 Assign dedicated support agent
0936-NQLJU,41,20.65,Two year,No internet service,No internet service,0.0,,✅ Monitor
1575-KRZZE,4,55.2,Month-to-month,No,Yes,0.56,Medium Risk,✅ Monitor
3251-YMVWZ,53,24.05,One year,No internet service,No internet service,0.13,Low Risk,✅ Monitor
4884-LEVMQ,39,20.45,Two year,No internet service,No internet service,0.0,,✅ Monitor
8857-CUPFQ,63,19.25,Two year,No internet service,No internet service,0.01,Low Risk,✅ Monitor
7610-TVOPG,15,26.35,Month-to-month,No internet service,No internet service,0.09,Low Risk,💰 Offer annual plan discount
3638-DIMPH,13,43.8,One year,No,No,0.02,Low Risk,🔒 Offer OnlineSecurity add-on
1845-ZLLIG,1,50.15,Month-to-month,No,No,0.19,Low Risk,📧 Send re-engagement email
8559-WNQZS,1,20.45,Two year,No internet service,No internet service,0.01,Low Risk,✅ Monitor
1699-UOTXU,60,61.4,Two year,No,Yes,0.02,Low Risk,✅ Monitor
0635-WKOLD,40,70.75,One year,Yes,No,0.02,Low Risk,🔒 Offer OnlineSecurity add-on
5993-JSUWV,66,61.15,Two year,No,Yes,0.0,,✅ Monitor
4518-FZBSX,42,20.25,One year,No internet service,No internet service,0.0,,✅ Monitor
5387-ASZNZ,66,63.85,One year,Yes,Yes,0.02,Low Risk,✅ Monitor
6988-CJEYV,49,98.7,Month-to-month,No,No,0.13,Low Risk,🎯 Assign dedicated support agent
3097-FQTVJ,41,20.0,Two year,No internet service,No internet service,0.0,,✅ Monitor
5465-BUBFA,41,19.3,Two year,No internet service,No internet service,0.0,,✅ Monitor
7299-GNVPL,23,84.4,Month-to-month,Yes,Yes,0.1,Low Risk,💰 Offer annual plan discount
9743-DQKQW,3,25.1,Month-to-month,No,No,0.22,Low Risk,📧 Send re-engagement email
1215-VFYVK,4,48.25,Month-to-month,Yes,Yes,0.11,Low Risk,✅ Monitor
9371-BITHB,52,19.85,Two year,No internet service,No internet service,0.0,,✅ Monitor
9093-FPDLG,11,94.2,Month-to-month,Yes,No,0.24,Low Risk,🔒 Offer OnlineSecurity add-on
0541-FITGH,2,62.15,Month-to-month,No,Yes,0.2,Low Risk,📧 Send re-engagement email
6985-HAYWX,26,79.3,Month-to-month,No,No,0.13,Low Risk,🔒 Offer OnlineSecurity add-on
7508-KBIMB,24,56.25,One year,No,Yes,0.04,Low Risk,✅ Monitor
6838-HVLXG,12,20.3,Month-to-month,No internet service,No internet service,0.0,,✅ Monitor
2277-DJJDL,60,99.0,Month-to-month,Yes,No,0.48,Medium Risk,🔒 Offer OnlineSecurity add-on
1897-OKVMW,64,90.6,Two year,Yes,Yes,0.0,,✅ Monitor
5485-ITNPC,66,85.9,Two year,Yes,Yes,0.0,,✅ Monitor
0233-FTHAV,60,79.2,One year,No,No,0.02,Low Risk,🔒 Offer OnlineSecurity add-on
4644-PIZRT,17,70.35,One year,No,Yes,0.02,Low Risk,✅ Monitor
8922-NPKBJ,42,19.35,Two year,No internet service,No internet service,0.0,,✅ Monitor
2740-TVLFN,1,50.15,Month-to-month,No,No,0.27,Low Risk,📧 Send re-engagement email
7771-CFQRQ,47,63.8,Two year,Yes,No,0.06,Low Risk,🔒 Offer OnlineSecurity add-on
9512-PHSMG,10,20.55,Month-to-month,No internet service,No internet service,0.01,Low Risk,✅ Monitor
6963-EZQEE,70,88.55,Two year,Yes,Yes,0.01,Low Risk,✅ Monitor
2452-KDRRH,67,101.4,Month-to-month,No,No,0.36,Medium Risk,🎯 Assign dedicated support agent
4146-SVFUD,1,44.6,Month-to-month,No,No,0.15,Low Risk,📧 Send re-engagement email
1564-HJUVY,4,63.75,Month-to-month,Yes,No,0.05,Low Risk,🔒 Offer OnlineSecurity add-on
3617-XLSGQ,66,109.25,Two year,No,Yes,0.02,Low Risk,🎯 Assign dedicated support agent
7517-LDMPS,12,84.6,Month-to-month,No,No,0.15,Low Risk,🎯 Assign dedicated support agent
7244-KXYZN,24,20.45,One year,No internet service,No internet service,0.0,,✅ Monitor
5226-NOZFC,26,85.75,Month-to-month,No,No,0.56,Medium Risk,🎯 Assign dedicated support agent
1400-WIVLL,57,107.95,Two year,Yes,No,0.1,Low Risk,🔒 Offer OnlineSecurity add-on
8148-NLEGT,42,22.95,Two year,No internet service,No internet service,0.0,,✅ Monitor
8347-GDTMP,64,19.45,Two year,No internet service,No internet service,0.0,,✅ Monitor
6746-WAUWT,19,19.7,One year,No internet service,No internet service,0.01,Low Risk,✅ Monitor
0428-IKYCP,22,87.0,Month-to-month,No,No,0.09,Low Risk,🎯 Assign dedicated support agent
2187-PKZAY,12,79.95,Month-to-month,No,No,0.33,Medium Risk,🔒 Offer OnlineSecurity add-on
4003-OCTMP,31,64.0,One year,Yes,Yes,0.01,Low Risk,✅ Monitor
6652-YFFJO,11,64.9,Month-to-month,No,No,0.09,Low Risk,🔒 Offer OnlineSecurity add-on
7225-IILWY,68,25.75,Two year,No internet service,No internet service,0.0,,✅ Monitor
5248-RPYWW,72,90.15,Two year,Yes,Yes,0.0,,✅ Monitor
7923-IYJWY,67,116.1,Two year,Yes,Yes,0.08,Low Risk,✅ Monitor
3170-GWYKC,60,104.95,Month-to-month,Yes,Yes,0.07,Low Risk,💰 Offer annual plan discount
9830-ECLEN,58,50.0,One year,No,Yes,0.06,Low Risk,✅ Monitor
2668-TZSPS,1,20.45,Month-to-month,No internet service,No internet service,0.12,Low Risk,📧 Send re-engagement email
7446-SFAOA,37,19.85,One year,No internet service,No internet service,0.0,,✅ Monitor
9522-ZSINC,13,19.95,One year,No internet service,No internet service,0.0,,✅ Monitor
8234-GSZYK,43,26.45,Two year,No internet service,No internet service,0.01,Low Risk,✅ Monitor
6505-OZNPG,6,63.4,Two year,Yes,Yes,0.02,Low Risk,✅ Monitor
6164-HAQTX,71,53.95,Two year,Yes,Yes,0.0,,✅ Monitor
7765-LWVVH,72,95.1,Two year,No,Yes,0.05,Low Risk,🎯 Assign dedicated support agent
1658-TJVOA,6,74.1,Month-to-month,No,Yes,0.47,Medium Risk,✅ Monitor
0953-LGOVU,12,35.5,Month-to-month,Yes,No,0.03,Low Risk,🔒 Offer OnlineSecurity add-on
4692-NNQRU,21,79.2,One year,Yes,No,0.07,Low Risk,🔒 Offer OnlineSecurity add-on
7742-MYPGI,6,48.8,Month-to-month,Yes,No,0.18,Low Risk,🔒 Offer OnlineSecurity add-on
9619-GSATL,43,55.45,One year,Yes,No,0.1,Low Risk,🔒 Offer OnlineSecurity add-on
5622-UEJFI,35,25.4,Two year,No internet service,No internet service,0.02,Low Risk,✅ Monitor
0674-DGMAQ,32,93.5,Month-to-month,No,No,0.1,Low Risk,🎯 Assign dedicated support agent
6203-HBZPA,52,63.9,Two year,Yes,Yes,0.02,Low Risk,✅ Monitor
0484-FFVBJ,32,64.85,One year,No,No,0.14,Low Risk,🔒 Offer OnlineSecurity add-on
0301-FIDRB,72,63.8,Two year,Yes,Yes,0.0,,✅ Monitor
4139-JPIAM,51,44.45,Month-to-month,Yes,Yes,0.03,Low Risk,💰 Offer annual plan discount
2181-TIDSV,68,19.95,Two year,No internet service,No internet service,0.0,,✅ Monitor
2761-XECQW,8,43.35,Month-to-month,No,No,0.19,Low Risk,🔒 Offer OnlineSecurity add-on
1936-CZAKF,49,49.65,Two year,No,No,0.22,Low Risk,🔒 Offer OnlineSecurity add-on
9453-PATOS,72,85.1,Two year,Yes,Yes,0.0,,✅ Monitor
4402-FTBXC,54,89.8,Month-to-month,No,Yes,0.26,Low Risk,🎯 Assign dedicated support agent
2931-XIQBR,50,103.05,One year,Yes,No,0.03,Low Risk,🔒 Offer OnlineSecurity add-on
0106-UGRDO,69,116.0,Two year,Yes,Yes,0.03,Low Risk,✅ Monitor
5542-TBBWB,1,69.9,Month-to-month,No,No,0.99,High Risk,📧 Send re-engagement email
1930-QPBVZ,68,95.1,Two year,Yes,Yes,0.04,Low Risk,✅ Monitor
2606-PKWJB,40,40.25,One year,Yes,Yes,0.01,Low Risk,✅ Monitor
5322-ZSMZY,31,25.75,Two year,No internet service,No internet service,0.01,Low Risk,✅ Monitor
8059-UDZFY,33,105.35,Month-to-month,No,No,0.54,Medium Risk,🎯 Assign dedicated support agent
7740-BTPUX,55,113.6,Two year,Yes,No,0.07,Low Risk,🔒 Offer OnlineSecurity add-on
5220-AGAAX,68,24.0,Two year,No internet service,No internet service,0.0,,✅ Monitor
0208-BPQEJ,12,19.4,Month-to-month,No internet service,No internet service,0.06,Low Risk,✅ Monitor
9435-JMLSX,71,86.1,Two year,Yes,Yes,0.0,,✅ Monitor
3352-ALMCK,40,102.65,Month-to-month,No,No,0.26,Low Risk,🎯 Assign dedicated support agent
5312-IRCFR,64,92.85,One year,No,No,0.05,Low Risk,🎯 Assign dedicated support agent
5294-IMHHT,53,97.75,One year,Yes,No,0.08,Low Risk,🔒 Offer OnlineSecurity add-on
6176-YJWAS,72,97.95,Two year,No,Yes,0.0,,🎯 Assign dedicated support agent
5310-NOOVA,46,19.95,Two year,No internet service,No internet service,0.0,,✅ Monitor
4526-EXKKN,40,24.6,Two year,No internet service,No internet service,0.02,Low Risk,✅ Monitor
5311-IHLEI,12,50.95,Month-to-month,Yes,Yes,0.07,Low Risk,✅ Monitor
3987-KQDDU,9,75.6,Month-to-month,No,Yes,0.08,Low Risk,✅ Monitor
3404-JNXAX,51,80.75,Month-to-month,Yes,No,0.13,Low Risk,🔒 Offer OnlineSecurity add-on
5131-PONJI,49,90.4,Month-to-month,No,No,0.06,Low Risk,🎯 Assign dedicated support agent
3489-VSFRD,56,60.25,One year,Yes,Yes,0.03,Low Risk,✅ Monitor
3345-JHUEO,4,20.2,Month-to-month,No internet service,No internet service,0.02,Low Risk,✅ Monitor
5815-HGGHV,20,64.15,One year,Yes,Yes,0.02,Low Risk,✅ Monitor
5260-UMPWX,26,20.25,Month-to-month,No internet service,No internet service,0.0,,💰 Offer annual plan discount
5649-RXQTV,51,99.0,Month-to-month,No,No,0.07,Low Risk,🎯 Assign dedicated support agent
2674-MIAHT,4,80.3,Month-to-month,No,No,0.29,Low Risk,🎯 Assign dedicated support agent
2576-HXMPA,1,19.55,Month-to-month,No internet service,No internet service,0.01,Low Risk,📧 Send re-engagement email
7587-AOVVU,27,100.75,Month-to-month,Yes,Yes,0.09,Low Risk,💰 Offer annual plan discount
6898-MDLZW,12,53.75,Month-to-month,Yes,No,0.25,Low Risk,🔒 Offer OnlineSecurity add-on
4707-YNOQA,34,25.6,One year,No internet service,No internet service,0.01,Low Risk,✅ Monitor
9357-UJRUN,24,58.35,One year,Yes,Yes,0.09,Low Risk,✅ Monitor
8648-PFRMP,14,46.35,Month-to-month,No,No,0.26,Low Risk,🔒 Offer OnlineSecurity add-on
7663-CUXZB,59,113.75,Two year,Yes,Yes,0.09,Low Risk,✅ Monitor
0258-NOKBL,3,90.4,Month-to-month,No,No,0.34,Medium Risk,📧 Send re-engagement email
1163-VIPRI,65,109.3,Two year,Yes,Yes,0.04,Low Risk,✅ Monitor
9348-ROUAI,59,90.3,Two year,Yes,Yes,0.0,,✅ Monitor
9443-JUBUO,72,65.25,Two year,Yes,Yes,0.0,,✅ Monitor
3043-TYBNO,3,60.65,Month-to-month,Yes,No,0.05,Low Risk,📧 Send re-engagement email
4830-FAXFM,19,24.1,Month-to-month,No internet service,No internet service,0.08,Low Risk,💰 Offer annual plan discount
5906-BFOZT,1,19.5,Month-to-month,No internet service,No internet service,0.18,Low Risk,📧 Send re-engagement email
2960-NKRSO,24,85.95,Month-to-month,Yes,No,0.33,Medium Risk,🔒 Offer OnlineSecurity add-on
8996-ZROXE,57,53.5,One year,Yes,No,0.05,Low Risk,🔒 Offer OnlineSecurity add-on
5598-IKHQQ,72,25.45,Two year,No internet service,No internet service,0.0,,✅ Monitor
0397-ZXWQF,67,20.5,Two year,No internet service,No internet service,0.0,,✅ Monitor
5266-PFRQK,52,20.85,One year,No internet service,No internet service,0.02,Low Risk,✅ Monitor
4674-HGNUA,71,89.9,Two year,Yes,Yes,0.0,,✅ Monitor
6765-MBQNU,26,26.0,One year,No internet service,No internet service,0.01,Low Risk,✅ Monitor
9786-IJYDL,35,113.2,Two year,Yes,Yes,0.06,Low Risk,✅ Monitor
1303-SRDOK,55,69.05,Two year,No,No,0.0,,🔒 Offer OnlineSecurity add-on
3769-MHZNV,33,20.1,Two year,No internet service,No internet service,0.0,,✅ Monitor
6295-OSINB,72,109.65,Two year,No,Yes,0.0,,🎯 Assign dedicated support agent
3308-MHOOC,1,19.2,Month-to-month,No internet service,No internet service,0.11,Low Risk,📧 Send re-engagement email
2207-QPJED,37,90.0,Month-to-month,Yes,No,0.09,Low Risk,🔒 Offer OnlineSecurity add-on
4177-JPDFU,12,34.0,Month-to-month,Yes,No,0.03,Low Risk,🔒 Offer OnlineSecurity add-on
2239-CFOUJ,1,20.4,One year,No internet service,No internet service,0.08,Low Risk,✅ Monitor
8046-DNVTL,62,38.6,Two year,Yes,Yes,0.01,Low Risk,✅ Monitor
2209-XADXF,1,25.25,Month-to-month,No,No,0.11,Low Risk,📧 Send re-engagement email
6620-JDYNW,18,60.6,Month-to-month,No,Yes,0.05,Low Risk,💰 Offer annual plan discount
4770-UEZOX,2,74.75,Month-to-month,No,No,0.13,Low Risk,📧 Send re-engagement email
1038-RQOST,19,20.6,Month-to-month,No internet service,No internet service,0.01,Low Risk,💰 Offer annual plan discount
4568-TTZRT,9,20.4,Month-to-month,No internet service,No internet service,0.11,Low Risk,✅ Monitor
9513-DXHDA,27,81.7,One year,Yes,Yes,0.02,Low Risk,✅ Monitor
0516-QREYC,24,20.3,Month-to-month,No internet service,No internet service,0.06,Low Risk,💰 Offer annual plan discount
8084-OIVBS,11,20.0,One year,No internet service,No internet service,0.0,,✅ Monitor
8896-BQTTI,1,25.0,Month-to-month,No internet service,No internet service,0.15,Low Risk,📧 Send re-engagement email
3865-QBWSJ,38,80.45,Month-to-month,No,Yes,0.12,Low Risk,🎯 Assign dedicated support agent
3352-RICWQ,9,19.75,Two year,No internet service,No internet service,0.02,Low Risk,✅ Monitor
2160-GPFXD,54,65.65,Two year,Yes,Yes,0.0,,✅ Monitor
2065-MMKGR,29,71.0,One year,No,No,0.04,Low Risk,🔒 Offer OnlineSecurity add-on
5857-TYBCJ,44,89.2,Month-to-month,No,No,0.15,Low Risk,🎯 Assign dedicated support agent
1498-NHTLT,59,86.75,Two year,Yes,Yes,0.0,,✅ Monitor
1402-PTHGN,18,61.5,One year,Yes,Yes,0.01,Low Risk,✅ Monitor
4176-RELJR,67,25.1,Two year,No internet service,No internet service,0.0,,✅ Monitor
5199-FPUSP,33,34.05,One year,Yes,Yes,0.02,Low Risk,✅ Monitor
6377-KSLXC,5,19.95,Month-to-month,No internet service,No internet service,0.04,Low Risk,✅ Monitor
1796-JANOW,2,19.95,Month-to-month,No internet service,No internet service,0.01,Low Risk,📧 Send re-engagement email
0238-WHBIQ,72,89.7,Two year,Yes,Yes,0.0,,✅ Monitor
8735-NBLWT,9,20.4,Month-to-month,No internet service,No internet service,0.01,Low Risk,✅ Monitor
6651-RLGGM,67,26.3,Two year,No internet service,No internet service,0.0,,✅ Monitor
1614-JBEBI,8,20.7,Month-to-month,No internet service,No internet service,0.0,,✅ Monitor
5696-EXCYS,17,19.45,Two year,No internet service,No internet service,0.0,,✅ Monitor
5795-KTGUD,68,110.8,Two year,No,Yes,0.04,Low Risk,🎯 Assign dedicated support agent
7924-GJZFI,25,69.3,Month-to-month,No,No,0.12,Low Risk,🔒 Offer OnlineSecurity add-on
4702-HDRKD,67,49.35,One year,Yes,Yes,0.01,Low Risk,✅ Monitor
8512-WIWYV,32,20.35,One year,No internet service,No internet service,0.0,,✅ Monitor
5897-ZYEKH,67,105.6,One year,No,Yes,0.11,Low Risk,🎯 Assign dedicated support agent
5456-ITGIC,72,64.45,Two year,Yes,Yes,0.0,,✅ Monitor
1406-PUQVY,1,49.9,Month-to-month,No,No,0.14,Low Risk,📧 Send re-engagement email
9114-AAFQH,48,65.65,One year,No,No,0.02,Low Risk,🔒 Offer OnlineSecurity add-on
8715-KKTFG,61,103.3,One year,Yes,No,0.05,Low Risk,🔒 Offer OnlineSecurity add-on
1728-BQDMA,2,44.45,Month-to-month,No,No,0.16,Low Risk,📧 Send re-engagement email
5117-ZSMHQ,71,89.9,Two year,Yes,Yes,0.0,,✅ Monitor
5151-HQRDG,37,55.05,Month-to-month,No,Yes,0.02,Low Risk,💰 Offer annual plan discount
0960-HUWBM,65,104.1,Two year,Yes,No,0.08,Low Risk,🔒 Offer OnlineSecurity add-on
6465-GSRCL,67,106.6,One year,Yes,No,0.09,Low Risk,🔒 Offer OnlineSecurity add-on
0263-FJTQO,50,70.5,Two year,Yes,Yes,0.01,Low Risk,✅ Monitor
7319-ZNRTR,25,19.6,One year,No internet service,No internet service,0.0,,✅ Monitor
7503-EPSZW,64,24.05,Two year,No internet service,No internet service,0.0,,✅ Monitor
7089-XXAYG,25,38.1,One year,No,No,0.02,Low Risk,🔒 Offer OnlineSecurity add-on
8070-AAWZP,24,34.25,Month-to-month,Yes,No,0.07,Low Risk,🔒 Offer OnlineSecurity add-on
1666-JXLKU,37,100.05,Month-to-month,No,No,0.28,Low Risk,🎯 Assign dedicated support agent
7855-DIWPO,21,68.65,Month-to-month,No,No,0.35,Medium Risk,🔒 Offer OnlineSecurity add-on
5133-POWUA,1,45.8,Month-to-month,No,No,0.83,High Risk,📧 Send re-engagement email
5652-MSDEY,10,75.75,Month-to-month,No,No,0.37,Medium Risk,🔒 Offer OnlineSecurity add-on
1810-BOHSY,51,96.4,One year,No,Yes,0.09,Low Risk,🎯 Assign dedicated support agent
1784-BXEFA,10,20.55,Month-to-month,No internet service,No internet service,0.0,,✅ Monitor
7351-MHQVU,6,50.95,Month-to-month,Yes,Yes,0.11,Low Risk,✅ Monitor
9224-VTYID,47,90.5,Two year,Yes,Yes,0.03,Low Risk,✅ Monitor
9500-IWPXQ,61,79.4,One year,Yes,Yes,0.01,Low Risk,✅ Monitor
5762-TJXGK,52,58.75,Two year,No,Yes,0.03,Low Risk,✅ Monitor
4504-YOULA,35,59.45,Month-to-month,No,Yes,0.08,Low Risk,💰 Offer annual plan discount
5569-IDSEY,71,105.7,One year,No,No,0.04,Low Risk,🎯 Assign dedicated support agent
7284-ZZLOH,45,53.3,Two year,No,Yes,0.02,Low Risk,✅ Monitor
1777-JYQPJ,2,24.3,Month-to-month,No,No,0.23,Low Risk,📧 Send re-engagement email
3401-URHDA,51,59.9,One year,Yes,Yes,0.02,Low Risk,✅ Monitor
1599-EAHXY,60,23.95,One year,No internet service,No internet service,0.0,,✅ Monitor
8631-XVRZL,9,20.15,One year,No internet service,No internet service,0.01,Low Risk,✅ Monitor
3853-LYGAM,17,95.65,Month-to-month,Yes,No,0.08,Low Risk,🔒 Offer OnlineSecurity add-on
5751-USDBL,46,81.0,Two year,Yes,Yes,0.04,Low Risk,✅ Monitor
5680-LQOGP,68,82.45,Two year,Yes,Yes,0.0,,✅ Monitor
8189-DUKMV,4,20.5,One year,No internet service,No internet service,0.04,Low Risk,✅ Monitor
9931-DCEZH,28,54.4,One year,Yes,No,0.06,Low Risk,🔒 Offer OnlineSecurity add-on
1898-JSNDC,39,58.6,One year,No,No,0.08,Low Risk,🔒 Offer OnlineSecurity add-on
0315-LVCRK,11,84.8,Month-to-month,No,No,0.17,Low Risk,🎯 Assign dedicated support agent
3911-RSNHI,71,61.4,Two year,Yes,No,0.0,,🔒 Offer OnlineSecurity add-on
2410-CIYFZ,2,20.4,Month-to-month,No internet service,No internet service,0.02,Low Risk,📧 Send re-engagement email
5505-OVWQW,17,20.15,One year,No internet service,No internet service,0.02,Low Risk,✅ Monitor
7271-AJDTL,55,94.45,Month-to-month,No,No,0.1,Low Risk,🎯 Assign dedicated support agent
1867-TJHTS,58,79.8,Month-to-month,No,Yes,0.03,Low Risk,💰 Offer annual plan discount
6860-YRJZP,9,74.05,Month-to-month,No,No,0.29,Low Risk,🔒 Offer OnlineSecurity add-on
4429-WYGFR,26,49.15,Month-to-month,Yes,No,0.02,Low Risk,🔒 Offer OnlineSecurity add-on
2817-LVCPP,50,19.4,Two year,No internet service,No internet service,0.01,Low Risk,✅ Monitor
5038-ETMLM,72,113.65,Two year,Yes,Yes,0.0,,✅ Monitor
5056-FIMPT,43,106.0,One year,Yes,Yes,0.13,Low Risk,✅ Monitor
4521-WFJAI,56,25.95,Two year,No internet service,No internet service,0.09,Low Risk,✅ Monitor
6569-KTMDU,1,19.1,Month-to-month,No internet service,No internet service,0.09315233124857183,Low Risk,📧 Send re-engagement email
8809-XKHMD,72,100.55,Two year,Yes,Yes,0.02,Low Risk,✅ Monitor
0396-YCHWO,36,95.4,Month-to-month,No,No,0.23,Low Risk,🎯 Assign dedicated support agent
0867-LDTTC,5,75.15,Month-to-month,Yes,No,0.1,Low Risk,🔒 Offer OnlineSecurity add-on
9391-DXGGG,44,89.15,One year,No,No,0.06,Low Risk,🎯 Assign dedicated support agent
9844-FELAJ,70,107.9,One year,Yes,No,0.11,Low Risk,🔒 Offer OnlineSecurity add-on
2122-SZZZD,44,19.5,One year,No internet service,No internet service,0.0,,✅ Monitor
3148-AOIQT,69,24.95,Two year,No internet service,No internet service,0.0,,✅ Monitor
8395-ETZKQ,68,19.5,One year,No internet service,No internet service,0.0,,✅ Monitor
6692-YQHXC,16,69.95,Month-to-month,No,No,0.12,Low Risk,🔒 Offer OnlineSecurity add-on
3889-VWBID,68,82.85,Two year,Yes,Yes,0.0,,✅ Monitor
5222-JCXZT,4,19.0,Month-to-month,No internet service,No internet service,0.03,Low Risk,✅ Monitor
9754-CLVZW,26,38.85,Month-to-month,Yes,Yes,0.14,Low Risk,💰 Offer annual plan discount
2739-CCZMB,5,20.35,Month-to-month,No internet service,No internet service,0.03,Low Risk,✅ Monitor
7080-TNUWP,70,95.0,One year,No,No,0.04,Low Risk,🎯 Assign dedicated support agent
0496-AHOOK,24,74.4,One year,Yes,Yes,0.06,Low Risk,✅ Monitor
8336-TAVKX,72,78.45,Two year,Yes,Yes,0.0,,✅ Monitor
2468-SJFLM,1,74.3,Month-to-month,Yes,No,0.2,Low Risk,📧 Send re-engagement email
3181-VTHOE,70,51.05,One year,Yes,No,0.02,Low Risk,🔒 Offer OnlineSecurity add-on
7168-HDQHG,36,19.2,Month-to-month,No internet service,No internet service,0.04,Low Risk,💰 Offer annual plan discount
4567-AKPIA,41,109.1,One year,Yes,No,0.08,Low Risk,🔒 Offer OnlineSecurity add-on
7901-HXJVA,14,76.45,Month-to-month,No,No,0.19,Low Risk,🔒 Offer OnlineSecurity add-on
5924-IFQTT,13,72.8,Month-to-month,Yes,No,0.08,Low Risk,🔒 Offer OnlineSecurity add-on
7968-QUXNS,6,18.95,Month-to-month,No internet service,No internet service,0.01,Low Risk,✅ Monitor
8903-WMRNW,15,101.75,Month-to-month,No,Yes,0.26,Low Risk,🎯 Assign dedicated support agent
2452-SNHFZ,47,75.45,Month-to-month,No,Yes,0.1,Low Risk,💰 Offer annual plan discount
3629-WEAAM,8,64.1,Month-to-month,Yes,No,0.07,Low Risk,🔒 Offer OnlineSecurity add-on
6029-CSMJE,17,25.65,Month-to-month,No,No,0.08,Low Risk,🔒 Offer OnlineSecurity add-on
7993-NQLJE,15,75.1,Month-to-month,No,Yes,0.11,Low Risk,💰 Offer annual plan discount
9909-DFRJA,26,95.85,One year,Yes,Yes,0.2,Low Risk,✅ Monitor
9099-FTUHS,23,54.4,Month-to-month,No,Yes,0.09,Low Risk,💰 Offer annual plan discount
0581-BXBUB,4,72.75,Month-to-month,No,No,0.43,Medium Risk,🔒 Offer OnlineSecurity add-on
4962-CHQPW,29,19.85,One year,No internet service,No internet service,0.0,,✅ Monitor
9467-ROOLM,25,19.05,Month-to-month,No internet service,No internet service,0.0,,💰 Offer annual plan discount
5150-ITWWB,3,94.85,Month-to-month,No,No,0.28,Low Risk,📧 Send re-engagement email
2253-KPMNB,69,46.25,Two year,Yes,Yes,0.0,,✅ Monitor
1345-ZUKID,14,19.35,One year,No internet service,No internet service,0.0,,✅ Monitor
6429-SHBCB,19,69.6,Month-to-month,No,No,0.18,Low Risk,🔒 Offer OnlineSecurity add-on
9281-OFDMF,39,90.7,Month-to-month,No,No,0.13,Low Risk,🎯 Assign dedicated support agent
2603-HVKCG,31,101.4,Month-to-month,No,No,0.11,Low Risk,🎯 Assign dedicated support agent
1834-WULEG,24,20.25,One year,No internet service,No internet service,0.0,,✅ Monitor
9097-ZUBYC,14,48.8,Month-to-month,Yes,No,0.32,Medium Risk,🔒 Offer OnlineSecurity add-on
5148-ORICT,64,74.35,Two year,Yes,Yes,0.01,Low Risk,✅ Monitor
4893-GYUJU,50,19.35,One year,No internet service,No internet service,0.01,Low Risk,✅ Monitor
4578-PHJYZ,52,68.75,One year,Yes,No,0.02,Low Risk,🔒 Offer OnlineSecurity add-on
7272-QDCKA,28,100.2,One year,No,No,0.11,Low Risk,🎯 Assign dedicated support agent
8908-SLFCJ,21,20.85,Two year,No internet service,No internet service,0.02,Low Risk,✅ Monitor
9766-HGEDE,17,19.35,One year,No internet service,No internet service,0.0,,✅ Monitor
6968-MHOMU,58,45.0,One year,No,No,0.19,Low Risk,🔒 Offer OnlineSecurity add-on
5044-XDPYX,51,25.5,Two year,No internet service,No internet service,0.0,,✅ Monitor
1814-WFGVS,72,48.9,Two year,Yes,Yes,0.01,Low Risk,✅ Monitor
3721-WKIIL,27,19.6,Two year,No internet service,No internet service,0.01,Low Risk,✅ Monitor
6734-CKRSM,3,20.0,Month-to-month,No internet service,No internet service,0.07,Low Risk,📧 Send re-engagement email
1265-ZFOSD,64,81.3,Two year,Yes,Yes,0.0,,✅ Monitor
6568-POCUI,45,95.2,Two year,Yes,No,0.03,Low Risk,🔒 Offer OnlineSecurity add-on
5197-LQXXH,71,83.3,Two year,Yes,No,0.0,,🔒 Offer OnlineSecurity add-on
3457-PQBYH,58,20.3,Two year,No internet service,No internet service,0.0,,✅ Monitor
7682-AZNDK,34,89.85,Month-to-month,No,No,0.12,Low Risk,🎯 Assign dedicated support agent
5384-ZTTWP,15,19.8,Month-to-month,No internet service,No internet service,0.01,Low Risk,💰 Offer annual plan discount
3745-HRPHI,66,54.65,Two year,Yes,No,0.01,Low Risk,🔒 Offer OnlineSecurity add-on
7636-OWBPG,12,29.35,Month-to-month,No,No,0.08,Low Risk,🔒 Offer OnlineSecurity add-on
1231-YNDEK,58,19.15,Two year,No internet service,No internet service,0.04,Low Risk,✅ Monitor
1407-DIGZV,3,19.1,Two year,No internet service,No internet service,0.0,,✅ Monitor
0570-BFQHT,9,80.55,Month-to-month,No,No,0.11,Low Risk,🎯 Assign dedicated support agent
4393-OBCRR,3,20.25,One year,No internet service,No internet service,0.01,Low Risk,✅ Monitor
8564-LDKFL,40,106.0,One year,No,No,0.1,Low Risk,🎯 Assign dedicated support agent
3696-DFHHB,68,25.5,Two year,No internet service,No internet service,0.0,,✅ Monitor
4717-GHADL,50,79.6,Two year,Yes,No,0.02,Low Risk,🔒 Offer OnlineSecurity add-on
5501-TVMGM,1,55.25,Month-to-month,No,No,0.68,High Risk,📧 Send re-engagement email
5879-HMFFH,72,88.05,Two year,Yes,Yes,0.0,,✅ Monitor
6772-WFQRD,40,20.4,One year,No internet service,No internet service,0.0,,✅ Monitor
3810-DVDQQ,72,117.6,Two year,Yes,Yes,0.02,Low Risk,✅ Monitor
6972-SNKKW,6,20.0,Month-to-month,No internet service,No internet service,0.01,Low Risk,✅ Monitor
3694-GLTJM,5,19.65,Month-to-month,No internet service,No internet service,0.12,Low Risk,✅ Monitor
8550-XSXUQ,48,70.55,One year,No,No,0.03,Low Risk,🔒 Offer OnlineSecurity add-on
9055-MOJJJ,64,65.8,One year,Yes,Yes,0.01,Low Risk,✅ Monitor
4359-INNWN,17,20.05,One year,No internet service,No internet service,0.0,,✅ Monitor
0585-EGDDA,40,80.0,Month-to-month,No,No,0.09,Low Risk,🔒 Offer OnlineSecurity add-on
4032-RMHCI,41,35.4,One year,No,Yes,0.03,Low Risk,✅ Monitor
0549-CYCQN,51,79.6,One year,No,No,0.02,Low Risk,🔒 Offer OnlineSecurity add-on
3481-JHUZH,41,80.25,Month-to-month,No,No,0.12,Low Risk,🎯 Assign dedicated support agent
3594-IVHJZ,2,20.45,Month-to-month,No internet service,No internet service,0.02,Low Risk,📧 Send re-engagement email
6869-FGJJC,68,79.6,One year,No,No,0.02,Low Risk,🔒 Offer OnlineSecurity add-on
3896-ZVNET,24,24.7,Two year,No internet service,No internet service,0.03,Low Risk,✅ Monitor
8205-VSLRB,70,77.3,Two year,Yes,Yes,0.03,Low Risk,✅ Monitor
5960-MVTUK,3,29.75,Month-to-month,Yes,No,0.26,Low Risk,📧 Send re-engagement email
6817-WTYHE,2,44.9,Month-to-month,No,No,0.3,Low Risk,📧 Send re-engagement email
3082-VQXNH,3,29.8,Month-to-month,No,No,0.21,Low Risk,📧 Send re-engagement email
4931-TRZWN,13,71.95,Month-to-month,No,Yes,0.19,Low Risk,💰 Offer annual plan discount
0750-EKNGL,7,20.75,Month-to-month,No internet service,No internet service,0.03,Low Risk,✅ Monitor
7669-LCRSD,12,56.3,Month-to-month,No,No,0.11,Low Risk,🔒 Offer OnlineSecurity add-on
3567-PQTSO,53,105.25,One year,No,No,0.15,Low Risk,🎯 Assign dedicated support agent
8043-PNYSD,63,19.55,Two year,No internet service,No internet service,0.0,,✅ Monitor
9938-EKRGF,15,84.45,Month-to-month,Yes,Yes,0.13,Low Risk,💰 Offer annual plan discount
2703-AMTUL,36,53.65,One year,No,Yes,0.0,,✅ Monitor
0928-JMXNP,4,29.9,Month-to-month,No,No,0.33,Medium Risk,🔒 Offer OnlineSecurity add-on
8173-RXAYP,24,19.7,Two year,No internet service,No internet service,0.0,,✅ Monitor
4825-XJGDM,61,43.7,One year,Yes,Yes,0.02,Low Risk,✅ Monitor
5402-HTOTQ,16,55.3,Month-to-month,No,No,0.3,Low Risk,🔒 Offer OnlineSecurity add-on
6734-JDTTV,65,19.85,Two year,No internet service,No internet service,0.0,,✅ Monitor
7850-THJMU,26,19.65,Two year,No internet service,No internet service,0.0,,✅ Monitor
3890-RTCMS,16,49.45,Month-to-month,Yes,No,0.1,Low Risk,🔒 Offer OnlineSecurity add-on
3717-FDJFU,5,20.45,Two year,No internet service,No internet service,0.01,Low Risk,✅ Monitor
3665-JATSN,19,39.7,Month-to-month,No,No,0.17,Low Risk,🔒 Offer OnlineSecurity add-on
7966-YOTQW,10,54.5,Month-to-month,No,Yes,0.14,Low Risk,✅ Monitor
8853-TZDGH,72,111.6,Two year,Yes,No,0.0,,🔒 Offer OnlineSecurity add-on
4324-BZCKL,10,55.55,Month-to-month,No,No,0.14,Low Risk,🔒 Offer OnlineSecurity add-on
6924-TDGMT,11,20.55,One year,No internet service,No internet service,0.0,,✅ Monitor
1536-YHDOE,17,62.1,One year,Yes,Yes,0.01,Low Risk,✅ Monitor
8123-QBNAZ,36,104.5,Month-to-month,No,Yes,0.13,Low Risk,🎯 Assign dedicated support agent
3629-ZNKXA,17,101.8,Month-to-month,No,No,0.15,Low Risk,🎯 Assign dedicated support agent
4827-LTQRJ,66,110.6,One year,Yes,Yes,0.05,Low Risk,✅ Monitor
7711-YIJWC,61,84.9,One year,Yes,Yes,0.05,Low Risk,✅ Monitor
5482-VXSXJ,22,93.2,Month-to-month,No,No,0.21,Low Risk,🎯 Assign dedicated support agent
7365-BVCJH,1,24.4,Month-to-month,No,No,0.28,Low Risk,📧 Send re-engagement email
9620-ENEJV,6,70.55,Month-to-month,No,No,0.22,Low Risk,🔒 Offer OnlineSecurity add-on
2378-YIZKA,68,85.0,Two year,Yes,Yes,0.0,,✅ Monitor
0689-DSXGL,52,85.8,Month-to-month,Yes,No,0.0,,🔒 Offer OnlineSecurity add-on
6818-DJXAA,10,91.1,Month-to-month,Yes,No,0.26,Low Risk,🔒 Offer OnlineSecurity add-on
0464-WJTKO,72,20.1,Two year,No internet service,No internet service,0.0,,✅ Monitor
8902-ZEOVF,47,20.05,One year,No internet service,No internet service,0.0,,✅ Monitor
6778-EICRF,24,74.8,One year,No,Yes,0.02,Low Risk,✅ Monitor
2662-NNTDK,65,24.8,One year,No internet service,No internet service,0.02,Low Risk,✅ Monitor
4132-KALRO,4,100.85,Month-to-month,Yes,No,0.34,Medium Risk,🔒 Offer OnlineSecurity add-on
2874-YXVVA,34,105.1,Month-to-month,Yes,No,0.08,Low Risk,🔒 Offer OnlineSecurity add-on
1245-HARPS,14,20.4,Two year,No internet service,No internet service,0.0,,✅ Monitor
4323-ELYYB,13,20.0,One year,No internet service,No internet service,0.01,Low Risk,✅ Monitor
4293-ETKAP,65,79.4,Two year,Yes,No,0.04,Low Risk,🔒 Offer OnlineSecurity add-on
6064-PUPMC,23,57.2,One year,Yes,Yes,0.01,Low Risk,✅ Monitor
6504-VBLFL,55,58.6,Two year,No,Yes,0.06,Low Risk,✅ Monitor
6322-PJJDJ,49,94.8,Two year,No,No,0.09,Low Risk,🎯 Assign dedicated support agent
0330-BGYZE,60,102.5,One year,No,No,0.1,Low Risk,🎯 Assign dedicated support agent
1085-LDWAM,69,20.35,One year,No internet service,No internet service,0.01,Low Risk,✅ Monitor
7586-ZATGZ,40,84.9,Month-to-month,No,No,0.21,Low Risk,🎯 Assign dedicated support agent
7197-VOJMM,67,69.2,Two year,Yes,Yes,0.02,Low Risk,✅ Monitor
1843-TLSGD,13,20.85,Two year,No internet service,No internet service,0.0,,✅ Monitor
9626-VFRGG,41,88.5,Month-to-month,No,No,0.2,Low Risk,🎯 Assign dedicated support agent
7075-BNDVQ,4,35.0,Month-to-month,No,Yes,0.1,Low Risk,✅ Monitor
9143-CANJF,24,55.15,Month-to-month,Yes,Yes,0.13,Low Risk,💰 Offer annual plan discount
7284-BUYEC,5,50.95,Month-to-month,No,No,0.24,Low Risk,🔒 Offer OnlineSecurity add-on
2041-JIJCI,5,64.0,Month-to-month,No,No,0.29,Low Risk,🔒 Offer OnlineSecurity add-on
4900-MSOMT,72,80.2,Two year,Yes,Yes,0.0,,✅ Monitor
2229-VWQJH,24,49.3,Month-to-month,No,No,0.09,Low Risk,🔒 Offer OnlineSecurity add-on
9194-GFVOI,42,84.35,Two year,Yes,Yes,0.02,Low Risk,✅ Monitor
1336-EZFZY,4,20.05,Month-to-month,No internet service,No internet service,0.08,Low Risk,✅ Monitor
4282-MSACW,68,117.2,One year,Yes,Yes,0.22,Low Risk,✅ Monitor
1403-LKLIK,33,20.1,One year,No internet service,No internet service,0.0,,✅ Monitor
0136-IFMYD,69,109.95,Two year,Yes,No,0.12,Low Risk,🔒 Offer OnlineSecurity add-on
5144-TVGLP,38,94.75,Month-to-month,No,No,0.5,Medium Risk,🎯 Assign dedicated support agent
9643-AVVWI,3,80.0,Month-to-month,Yes,No,0.7,High Risk,📧 Send re-engagement email
0253-ZTEOB,48,79.65,Two year,Yes,No,0.02,Low Risk,🔒 Offer OnlineSecurity add-on
2706-QZIHY,15,25.2,Two year,No internet service,No internet service,0.0,,✅ Monitor
6061-PQHMK,25,19.9,One year,No internet service,No internet service,0.01,Low Risk,✅ Monitor
6137-MFAJN,48,44.8,Month-to-month,No,Yes,0.09,Low Risk,💰 Offer annual plan discount
9122-UMROB,1,20.3,Month-to-month,No internet service,No internet service,0.004799397031539889,Low Risk,📧 Send re-engagement email
4232-JGKIY,1,19.2,Month-to-month,No internet service,No internet service,0.04,Low Risk,📧 Send re-engagement email
2402-TAIRZ,37,80.05,One year,No,No,0.01,Low Risk,🎯 Assign dedicated support agent
9659-ZTWSM,66,107.35,One year,Yes,No,0.06,Low Risk,🔒 Offer OnlineSecurity add-on
9139-TWBAS,26,47.85,One year,No,Yes,0.04,Low Risk,✅ Monitor
6685-GBWJZ,63,70.8,One year,Yes,Yes,0.04,Low Risk,✅ Monitor
2195-VVRJF,18,59.1,Month-to-month,No,Yes,0.22,Low Risk,💰 Offer annual plan discount
3913-RDSJZ,64,25.55,Two year,No internet service,No internet service,0.0,,✅ Monitor
4203-QGNZA,28,20.25,Month-to-month,No internet service,No internet service,0.0,,💰 Offer annual plan discount
5043-TRZWM,1,75.55,Month-to-month,No,No,0.39734646787362443,Medium Risk,📧 Send re-engagement email
9494-BDNNC,66,95.3,One year,No,No,0.13,Low Risk,🎯 Assign dedicated support agent
1640-PLFMP,1,70.25,Month-to-month,No,No,0.32,Medium Risk,📧 Send re-engagement email
5366-OBVMR,18,50.3,Month-to-month,Yes,No,0.13,Low Risk,🔒 Offer OnlineSecurity add-on
7644-OMVMY,0,19.85,Two year,No internet service,No internet service,0.01,Low Risk,✅ Monitor
4573-JKNAE,12,19.35,Two year,No internet service,No internet service,0.03,Low Risk,✅ Monitor
9817-APLHW,12,25.0,Month-to-month,No internet service,No internet service,0.08,Low Risk,✅ Monitor
8380-MQINP,55,20.3,Two year,No internet service,No internet service,0.0,,✅ Monitor
0840-DFEZH,7,75.35,Month-to-month,No,No,0.24,Low Risk,🔒 Offer OnlineSecurity add-on
8690-ZVLCL,68,88.0,Two year,Yes,Yes,0.0,,✅ Monitor
1125-SNVCK,49,43.8,Month-to-month,No,No,0.04,Low Risk,🔒 Offer OnlineSecurity add-on
0384-LPITE,40,62.05,One year,No,Yes,0.07,Low Risk,✅ Monitor
4616-EWBNJ,16,20.1,One year,No internet service,No internet service,0.05,Low Risk,✅ Monitor
1335-HQMKX,72,101.35,One year,No,No,0.06,Low Risk,🎯 Assign dedicated support agent
2545-EBUPK,2,84.05,Month-to-month,No,No,0.97,High Risk,📧 Send re-engagement email
6923-AQONU,23,20.9,Two year,No internet service,No internet service,0.0,,✅ Monitor
2172-EJXVF,71,105.9,One year,No,No,0.06,Low Risk,🎯 Assign dedicated support agent
4536-PLEQY,12,85.05,Month-to-month,No,No,0.22,Low Risk,🎯 Assign dedicated support agent
7029-IJEJK,54,44.1,One year,Yes,Yes,0.03,Low Risk,✅ Monitor
8871-JLMHM,68,90.2,Two year,Yes,No,0.03,Low Risk,🔒 Offer OnlineSecurity add-on
5447-VYTKW,27,53.45,Month-to-month,Yes,Yes,0.01,Low Risk,💰 Offer annual plan discount
3623-FQBOX,21,19.95,Month-to-month,No internet service,No internet service,0.07,Low Risk,💰 Offer annual plan discount
8659-HDIYE,64,74.65,Month-to-month,Yes,No,0.05,Low Risk,🔒 Offer OnlineSecurity add-on
3474-BAFSJ,57,57.5,Two year,Yes,No,0.0,,🔒 Offer OnlineSecurity add-on
3865-ZFZIB,19,19.65,Two year,No internet service,No internet service,0.0,,✅ Monitor
1855-AGAWH,31,93.8,One year,No,No,0.23,Low Risk,🎯 Assign dedicated support agent
7109-CQYUZ,52,89.25,Two year,Yes,Yes,0.0,,✅ Monitor
1370-GGAWX,46,94.15,One year,No,No,0.05,Low Risk,🎯 Assign dedicated support agent
4680-KUTAJ,11,55.6,Month-to-month,No,Yes,0.17,Low Risk,✅ Monitor
5307-UVGNB,53,48.7,Month-to-month,No,Yes,0.05,Low Risk,💰 Offer annual plan discount
2883-ILGWO,57,104.9,Month-to-month,Yes,No,0.06,Low Risk,🔒 Offer OnlineSecurity add-on
3642-BYHDO,71,19.9,Two year,No internet service,No internet service,0.0,,✅ Monitor
9629-NHXFW,1,19.4,Month-to-month,No internet service,No internet service,0.5073464678736245,Medium Risk,📧 Send re-engagement email
2696-RZVZW,68,25.05,Two year,No internet service,No internet service,0.0,,✅ Monitor
5766-FTRTS,72,84.45,Two year,Yes,Yes,0.0,,✅ Monitor
0396-HUJBP,2,19.3,Month-to-month,No internet service,No internet service,0.05,Low Risk,📧 Send re-engagement email
8879-ZKJOF,41,79.85,One year,Yes,Yes,0.03,Low Risk,✅ Monitor
6285-FTQBF,72,25.55,Two year,No internet service,No internet service,0.0,,✅ Monitor
1474-JUWSM,58,68.4,One year,Yes,Yes,0.04,Low Risk,✅ Monitor
3530-CRZSB,7,20.65,Month-to-month,No internet service,No internet service,0.03,Low Risk,✅ Monitor
8498-XXGWA,65,55.15,Month-to-month,No,Yes,0.02,Low Risk,💰 Offer annual plan discount
9617-INGJY,1,70.6,Month-to-month,No,No,0.3,Low Risk,📧 Send re-engagement email
0621-TSSMU,56,19.95,One year,No internet service,No internet service,0.01,Low Risk,✅ Monitor
7234-KMNRQ,4,19.0,Month-to-month,No internet service,No internet service,0.04,Low Risk,✅ Monitor
7636-PEPNS,58,44.1,One year,No,No,0.08,Low Risk,🔒 Offer OnlineSecurity add-on
4683-WYDOU,62,107.6,Two year,Yes,No,0.13,Low Risk,🔒 Offer OnlineSecurity add-on
9052-DHNKM,26,61.55,One year,No,Yes,0.07,Low Risk,✅ Monitor
6794-HKIAJ,62,90.7,Month-to-month,No,Yes,0.04,Low Risk,🎯 Assign dedicated support agent
5578-NKCXI,58,99.25,One year,No,Yes,0.06,Low Risk,🎯 Assign dedicated support agent
1642-HMARX,68,91.7,Two year,Yes,Yes,0.0,,✅ Monitor
3096-WPXBT,61,100.7,One year,No,Yes,0.16,Low Risk,🎯 Assign dedicated support agent
8434-PNQZX,42,78.45,Two year,Yes,No,0.0,,🔒 Offer OnlineSecurity add-on
5950-AAAGJ,18,84.3,Month-to-month,No,No,0.18,Low Risk,🎯 Assign dedicated support agent
4299-OPXEJ,56,19.55,Two year,No internet service,No internet service,0.02,Low Risk,✅ Monitor
9618-LFJRU,4,20.45,Month-to-month,No internet service,No internet service,0.02,Low Risk,✅ Monitor
6693-DJWTY,35,55.6,One year,No,Yes,0.02,Low Risk,✅ Monitor
0744-GKNGE,64,86.8,Month-to-month,Yes,Yes,0.02,Low Risk,💰 Offer annual plan discount
6447-EGDIV,31,20.95,One year,No internet service,No internet service,0.0,,✅ Monitor
1167-OYZJF,67,20.05,Two year,No internet service,No internet service,0.0,,✅ Monitor
4806-DXQCE,70,113.65,Two year,Yes,Yes,0.02,Low Risk,✅ Monitor
4854-SSLTN,2,59.5,Two year,Yes,Yes,0.05,Low Risk,✅ Monitor
5294-DMSFH,29,87.8,Month-to-month,No,No,0.26,Low Risk,🎯 Assign dedicated support agent
4837-PZTIC,47,41.9,Two year,Yes,Yes,0.0,,✅ Monitor
0603-OLQDC,12,69.85,Month-to-month,No,Yes,0.02,Low Risk,✅ Monitor
3272-VUHPV,8,56.3,Month-to-month,Yes,No,0.08,Low Risk,🔒 Offer OnlineSecurity add-on
4176-FXYBO,54,109.55,Month-to-month,No,Yes,0.08,Low Risk,🎯 Assign dedicated support agent
1063-DHQJF,69,92.15,Two year,Yes,No,0.04,Low Risk,🔒 Offer OnlineSecurity add-on
8663-UPDGF,26,69.5,Month-to-month,No,Yes,0.04,Low Risk,💰 Offer annual plan discount
6719-FGEDO,72,97.0,Two year,Yes,Yes,0.0,,✅ Monitor
1837-YQUCE,70,58.35,Two year,Yes,Yes,0.0,,✅ Monitor
0369-ZGOVK,28,70.4,One year,No,No,0.04,Low Risk,🔒 Offer OnlineSecurity add-on
9919-KNPOO,21,94.3,Month-to-month,No,No,0.19,Low Risk,🎯 Assign dedicated support agent
7872-BAAZR,53,19.55,One year,No internet service,No internet service,0.03,Low Risk,✅ Monitor
9391-LMANN,53,95.95,One year,No,Yes,0.04,Low Risk,🎯 Assign dedicated support agent
8174-TBVCF,70,94.8,Two year,Yes,Yes,0.02,Low Risk,✅ Monitor
1698-XFZCI,61,107.75,One year,No,Yes,0.04,Low Risk,🎯 Assign dedicated support agent
1877-HKBQX,11,54.6,One year,Yes,Yes,0.02,Low Risk,✅ Monitor
4450-DLLMH,2,71.3,Month-to-month,No,No,0.22,Low Risk,📧 Send re-engagement email
0428-AXXLJ,25,19.5,One year,No internet service,No internet service,0.0,,✅ Monitor
2746-DIJLO,41,56.3,One year,No,No,0.09,Low Risk,🔒 Offer OnlineSecurity add-on
3508-VLHCZ,71,90.55,Two year,Yes,Yes,0.0,,✅ Monitor
4086-ATNFV,34,60.8,One year,No,Yes,0.02,Low Risk,✅ Monitor
0468-YRPXN,29,98.8,Month-to-month,Yes,No,0.13,Low Risk,🔒 Offer OnlineSecurity add-on
5996-NRVXR,40,98.15,One year,Yes,Yes,0.06,Low Risk,✅ Monitor
3739-YBWAB,36,35.35,One year,No,Yes,0.04,Low Risk,✅ Monitor
7047-FWEYA,46,103.15,One year,Yes,No,0.11,Low Risk,🔒 Offer OnlineSecurity add-on
2000-MPKCA,58,107.75,One year,No,Yes,0.13,Low Risk,🎯 Assign dedicated support agent
9762-YAQAA,39,81.4,One year,No,No,0.02,Low Risk,🎯 Assign dedicated support agent
5473-KHBPS,52,95.7,One year,No,No,0.07,Low Risk,🎯 Assign dedicated support agent
0100-DUVFC,70,104.8,One year,No,No,0.04,Low Risk,🎯 Assign dedicated support agent
5397-TUPSH,65,70.95,One year,No,No,0.0,,🔒 Offer OnlineSecurity add-on
8950-MTZNV,1,44.95,Month-to-month,No,No,0.16,Low Risk,📧 Send re-engagement email
0326-VDYXE,70,97.65,One year,No,No,0.1,Low Risk,🎯 Assign dedicated support agent
6773-LQTVT,29,35.65,Month-to-month,No,No,0.2,Low Risk,🔒 Offer OnlineSecurity add-on
0436-TWFFZ,67,85.25,Two year,Yes,Yes,0.02,Low Risk,✅ Monitor
8566-YPRGL,1,19.5,Month-to-month,No internet service,No internet service,0.22734646787362445,Low Risk,📧 Send re-engagement email
6609-MXJHJ,30,25.1,Two year,No internet service,No internet service,0.07,Low Risk,✅ Monitor
2669-OIDSD,48,100.05,Month-to-month,Yes,No,0.1,Low Risk,🔒 Offer OnlineSecurity add-on
8400-WZICQ,55,55.7,Month-to-month,No,Yes,0.1,Low Risk,💰 Offer annual plan discount
9576-SYUHJ,37,91.15,Month-to-month,No,Yes,0.26,Low Risk,🎯 Assign dedicated support agent
0410-IPFTY,31,83.85,Month-to-month,No,No,0.3,Low Risk,🎯 Assign dedicated support agent
2831-EBWRN,4,45.9,Month-to-month,No,No,0.27,Low Risk,🔒 Offer OnlineSecurity add-on
9430-NKQLY,72,25.1,Two year,No internet service,No internet service,0.01,Low Risk,✅ Monitor
0247-SLUJI,1,19.7,Month-to-month,No internet service,No internet service,0.19,Low Risk,📧 Send re-engagement email
9402-ORRAH,15,91.5,Month-to-month,No,No,0.16,Low Risk,🎯 Assign dedicated support agent
6483-OATDN,8,51.3,Month-to-month,No,Yes,0.23,Low Risk,✅ Monitor
1293-HHSHJ,35,21.1,One year,No internet service,No internet service,0.02,Low Risk,✅ Monitor
4840-ORQXB,56,104.75,Month-to-month,No,No,0.39,Medium Risk,🎯 Assign dedicated support agent
3982-DQLUS,65,85.75,Month-to-month,No,Yes,0.02,Low Risk,🎯 Assign dedicated support agent
8610-ZIKJJ,2,20.3,One year,No internet service,No internet service,0.06,Low Risk,✅ Monitor
3756-VNWDH,65,100.75,One year,No,Yes,0.13,Low Risk,🎯 Assign dedicated support agent
7801-KICAO,18,74.15,Month-to-month,No,No,0.19,Low Risk,🔒 Offer OnlineSecurity add-on
7673-LPRNY,23,78.55,One year,No,Yes,0.03,Low Risk,✅ Monitor
6060-QBMGV,70,19.85,Two year,No internet service,No internet service,0.0,,✅ Monitor
7339-POGZN,4,50.7,Month-to-month,No,No,0.25,Low Risk,🔒 Offer OnlineSecurity add-on
2828-SLQPF,19,45.0,Month-to-month,No,No,0.28,Low Risk,🔒 Offer OnlineSecurity add-on
4465-VDKIQ,18,77.8,Month-to-month,No,No,0.12,Low Risk,🔒 Offer OnlineSecurity add-on
2921-XWDJH,38,83.45,Month-to-month,No,Yes,0.14,Low Risk,🎯 Assign dedicated support agent
2558-BUOZZ,47,94.8,One year,No,Yes,0.03,Low Risk,🎯 Assign dedicated support agent
9257-AZMTZ,52,20.1,Two year,No internet service,No internet service,0.0,,✅ Monitor
0003-MKNFE,9,59.9,Month-to-month,No,No,0.1,Low Risk,🔒 Offer OnlineSecurity add-on
0975-UYDTX,26,90.1,One year,Yes,Yes,0.04,Low Risk,✅ Monitor
4682-BLBUC,44,70.95,One year,Yes,No,0.04,Low Risk,🔒 Offer OnlineSecurity add-on
0975-VOOVL,3,29.2,Month-to-month,No,No,0.08,Low Risk,📧 Send re-engagement email
5968-VXZLG,2,46.6,Month-to-month,No,No,0.28,Low Risk,📧 Send re-engagement email
5201-FRKKS,25,74.3,Month-to-month,No,Yes,0.12,Low Risk,💰 Offer annual plan discount
9799-CAYJJ,2,69.3,Month-to-month,No,No,0.13,Low Risk,📧 Send re-engagement email
5443-SCMKX,58,94.3,One year,No,No,0.03,Low Risk,🎯 Assign dedicated support agent
8295-KMENE,59,76.45,Two year,Yes,Yes,0.01,Low Risk,✅ Monitor
6738-ISCBM,44,54.0,One year,No,Yes,0.05,Low Risk,✅ Monitor
9821-BESNZ,66,104.25,One year,Yes,No,0.16,Low Risk,🔒 Offer OnlineSecurity add-on
3678-MNGZX,68,19.95,Two year,No internet service,No internet service,0.0,,✅ Monitor
1335-NTIUC,9,24.95,Month-to-month,No,No,0.53,Medium Risk,🔒 Offer OnlineSecurity add-on
2916-BQZLN,19,84.75,Month-to-month,No,Yes,0.11,Low Risk,🎯 Assign dedicated support agent
4558-CGYCZ,4,19.75,Month-to-month,No internet service,No internet service,0.06,Low Risk,✅ Monitor
2368-GAKKQ,70,113.65,Two year,Yes,Yes,0.08,Low Risk,✅ Monitor
8710-YGLWG,1,44.9,Month-to-month,No,No,0.14,Low Risk,📧 Send re-engagement email
3199-XGZCY,8,75.25,Month-to-month,No,No,0.27,Low Risk,🔒 Offer OnlineSecurity add-on
3785-KTYSH,53,24.6,Two year,No internet service,No internet service,0.03,Low Risk,✅ Monitor
6814-ZPWFQ,51,25.0,One year,No internet service,No internet service,0.11,Low Risk,✅ Monitor
4063-EIKNQ,11,20.95,Month-to-month,No internet service,No internet service,0.07,Low Risk,✅ Monitor
6993-YCOBK,60,110.6,Two year,Yes,Yes,0.14,Low Risk,✅ Monitor
5206-HPJKM,17,55.5,Month-to-month,No,Yes,0.09,Low Risk,💰 Offer annual plan discount
8393-JMVMB,1,19.45,Month-to-month,No internet service,No internet service,0.1616579014908276,Low Risk,📧 Send re-engagement email
5019-GQVCR,43,84.85,Month-to-month,No,No,0.24,Low Risk,🎯 Assign dedicated support agent
6036-TTFYU,16,19.6,Month-to-month,No internet service,No internet service,0.02,Low Risk,💰 Offer annual plan discount
2550-AEVRU,57,53.45,One year,No,Yes,0.06,Low Risk,✅ Monitor
0969-RGKCU,37,19.8,One year,No internet service,No internet service,0.0,,✅ Monitor
0378-CJKPV,72,112.1,Two year,Yes,Yes,0.01,Low Risk,✅ Monitor
2880-FPNAE,2,74.2,Month-to-month,No,No,0.21,Low Risk,📧 Send re-engagement email
1703-MGIAB,17,69.0,Month-to-month,Yes,No,0.08,Low Risk,🔒 Offer OnlineSecurity add-on
4311-QTTAI,16,19.35,One year,No internet service,No internet service,0.02,Low Risk,✅ Monitor
4318-RAJVY,10,19.8,One year,No internet service,No internet service,0.02,Low Risk,✅ Monitor
3612-YUNGG,64,109.2,Two year,Yes,No,0.02,Low Risk,🔒 Offer OnlineSecurity add-on
2254-DLXRI,1,79.15,Month-to-month,No,No,0.9,High Risk,📧 Send re-engagement email
5062-CJJKH,25,53.65,One year,No,No,0.11,Low Risk,🔒 Offer OnlineSecurity add-on
9028-LIHRP,71,100.2,Two year,Yes,Yes,0.01,Low Risk,✅ Monitor
1053-MXTTK,72,108.65,Two year,Yes,Yes,0.03,Low Risk,✅ Monitor
1530-ZTDOZ,49,40.65,Month-to-month,No,Yes,0.16,Low Risk,💰 Offer annual plan discount
1301-LOPVR,29,55.35,One year,Yes,Yes,0.0,,✅ Monitor
0853-TWRVK,72,105.6,Two year,Yes,Yes,0.02,Low Risk,✅ Monitor
6212-ATMLK,50,95.7,Month-to-month,No,No,0.2,Low Risk,🎯 Assign dedicated support agent
8200-LGKSR,71,83.2,Two year,Yes,Yes,0.02,Low Risk,✅ Monitor
1568-BEKZM,70,90.05,Two year,Yes,Yes,0.03,Low Risk,✅ Monitor
0670-ANMUU,71,97.65,One year,Yes,Yes,0.07,Low Risk,✅ Monitor
6897-RWMUB,61,68.05,Two year,Yes,Yes,0.0,,✅ Monitor
6999-CHVCF,68,102.1,Two year,No,Yes,0.01,Low Risk,🎯 Assign dedicated support agent
6134-KWTBV,62,23.4,Two year,No internet service,No internet service,0.01,Low Risk,✅ Monitor
1077-HUUJM,7,71.05,Month-to-month,No,No,0.64,High Risk,🔒 Offer OnlineSecurity add-on
0895-LNKRC,6,19.45,One year,No internet service,No internet service,0.0,,✅ Monitor
2045-BMBTJ,33,59.45,Month-to-month,No,Yes,0.13,Low Risk,💰 Offer annual plan discount
8417-GSODA,28,92.2,One year,No,No,0.04,Low Risk,🎯 Assign dedicated support agent
5171-EPLKN,27,19.85,Two year,No internet service,No internet service,0.0,,✅ Monitor
4452-QIIEB,7,43.9,Month-to-month,No,No,0.11,Low Risk,🔒 Offer OnlineSecurity add-on
6741-EGCBI,30,90.5,Month-to-month,No,Yes,0.12,Low Risk,🎯 Assign dedicated support agent
7820-ZYGNY,63,90.45,One year,No,No,0.07,Low Risk,🎯 Assign dedicated support agent
9677-AVKED,53,84.6,One year,Yes,No,0.04,Low Risk,🔒 Offer OnlineSecurity add-on
2227-JRSJX,21,99.15,Month-to-month,Yes,No,0.41,Medium Risk,🔒 Offer OnlineSecurity add-on
9847-HNVGP,17,19.95,One year,No internet service,No internet service,0.0,,✅ Monitor
6696-YDAYZ,16,20.5,Two year,No internet service,No internet service,0.01,Low Risk,✅ Monitor
8980-WQFWL,35,62.1,Month-to-month,No,No,0.09,Low Risk,🔒 Offer OnlineSecurity add-on
1730-ZMAME,32,79.5,Month-to-month,No,No,0.12,Low Risk,🔒 Offer OnlineSecurity add-on
6506-EYCNH,28,19.55,Month-to-month,No internet service,No internet service,0.04,Low Risk,💰 Offer annual plan discount
4634-JLRJT,1,20.35,Month-to-month,No internet service,No internet service,0.270671204434523,Low Risk,📧 Send re-engagement email
9501-UKKNL,59,51.7,Month-to-month,Yes,No,0.07,Low Risk,🔒 Offer OnlineSecurity add-on
2560-QTSBS,72,23.3,One year,No internet service,No internet service,0.0,,✅ Monitor
4795-WRNVT,40,65.1,Month-to-month,No,Yes,0.03,Low Risk,💰 Offer annual plan discount
6080-TCMYC,40,81.2,Month-to-month,No,No,0.45,Medium Risk,🎯 Assign dedicated support agent
7860-UXCRM,63,74.5,Two year,Yes,Yes,0.03,Low Risk,✅ Monitor
6357-JJPQT,3,80.5,Month-to-month,No,No,0.34,Medium Risk,📧 Send re-engagement email
2292-XQWSV,40,60.3,One year,Yes,No,0.1,Low Risk,🔒 Offer OnlineSecurity add-on
9552-TGUZV,8,75.0,Month-to-month,No,Yes,0.24,Low Risk,✅ Monitor
5913-INRQV,34,90.15,One year,Yes,Yes,0.1,Low Risk,✅ Monitor
9643-YBLUR,9,69.05,Month-to-month,No,No,0.03,Low Risk,🔒 Offer OnlineSecurity add-on
8734-FNWVH,31,59.7,Month-to-month,No,No,0.02,Low Risk,🔒 Offer OnlineSecurity add-on
9447-YPTBX,50,19.85,One year,No internet service,No internet service,0.0,,✅ Monitor
9026-LHEVG,9,40.75,Month-to-month,No,No,0.09,Low Risk,🔒 Offer OnlineSecurity add-on
7011-CVEUC,25,95.7,Month-to-month,Yes,No,0.12,Low Risk,🔒 Offer OnlineSecurity add-on
6185-TASNN,1,46.3,Month-to-month,No,No,0.3,Low Risk,📧 Send re-engagement email
7925-PNRGI,45,81.3,Month-to-month,Yes,Yes,0.06,Low Risk,💰 Offer annual plan discount
1552-CZCLL,55,20.0,Month-to-month,No internet service,No internet service,0.08,Low Risk,💰 Offer annual plan discount
3038-PQIUY,38,66.15,Month-to-month,No,Yes,0.09,Low Risk,💰 Offer annual plan discount
9313-CDOGY,38,19.6,Month-to-month,No internet service,No internet service,0.07,Low Risk,💰 Offer annual plan discount
8148-BPLZQ,34,49.8,Month-to-month,No,No,0.01,Low Risk,🔒 Offer OnlineSecurity add-on
2623-DRYAM,70,101.75,One year,No,No,0.05,Low Risk,🎯 Assign dedicated support agent
9987-LUTYD,13,55.15,One year,Yes,Yes,0.01,Low Risk,✅ Monitor
4488-KQFDT,61,103.95,One year,No,No,0.24,Low Risk,🎯 Assign dedicated support agent
5693-PIPCS,41,99.65,Two year,Yes,No,0.03,Low Risk,🔒 Offer OnlineSecurity add-on
0491-KAPQG,21,73.7,Month-to-month,No,No,0.14,Low Risk,🔒 Offer OnlineSecurity add-on
1925-LFCZZ,55,50.05,One year,No,No,0.05,Low Risk,🔒 Offer OnlineSecurity add-on
8039-EQPIM,69,60.25,Two year,Yes,Yes,0.0,,✅ Monitor
8707-RMEZH,69,87.3,One year,No,Yes,0.08,Low Risk,🎯 Assign dedicated support agent
3209-ZPKFI,47,54.25,Month-to-month,No,No,0.05,Low Risk,🔒 Offer OnlineSecurity add-on
6479-VDGRK,72,85.3,Two year,Yes,Yes,0.0,,✅ Monitor
9373-WSLOY,33,50.0,Month-to-month,Yes,No,0.05,Low Risk,🔒 Offer OnlineSecurity add-on
3569-JFODW,72,90.95,Two year,Yes,Yes,0.0,,✅ Monitor
9819-FBNSV,37,72.25,Month-to-month,No,No,0.35,Medium Risk,🔒 Offer OnlineSecurity add-on
9544-PYPSJ,62,96.1,Month-to-month,No,No,0.16,Low Risk,🎯 Assign dedicated support agent
1591-XWLGB,71,19.85,Two year,No internet service,No internet service,0.0,,✅ Monitor
0396-UKGAI,23,55.3,Month-to-month,Yes,No,0.01,Low Risk,🔒 Offer OnlineSecurity add-on
3243-ZHOHY,16,20.1,One year,No internet service,No internet service,0.01,Low Risk,✅ Monitor
5186-EJEGL,9,69.5,Month-to-month,Yes,Yes,0.23,Low Risk,✅ Monitor
7527-QNRUS,17,25.15,Two year,No internet service,No internet service,0.05,Low Risk,✅ Monitor
2203-GHNWN,24,79.65,Month-to-month,No,No,0.31,Medium Risk,🔒 Offer OnlineSecurity add-on
3878-AVSOQ,1,71.25,Month-to-month,No,No,0.36,Medium Risk,📧 Send re-engagement email
3258-SYSWS,72,113.8,Two year,Yes,Yes,0.01,Low Risk,✅ Monitor
5296-PSYVW,72,24.55,Two year,No internet service,No internet service,0.0,,✅ Monitor
6319-QSUSR,11,19.7,Month-to-month,No internet service,No internet service,0.12,Low Risk,✅ Monitor
0512-FLFDW,60,100.5,One year,No,No,0.13,Low Risk,🎯 Assign dedicated support agent
0487-CRLZF,49,74.45,Two year,Yes,No,0.0,,🔒 Offer OnlineSecurity add-on
2107-FBPTK,30,104.1,Month-to-month,No,No,0.29,Low Risk,🎯 Assign dedicated support agent
9451-WLYRI,53,19.05,One year,No internet service,No internet service,0.05,Low Risk,✅ Monitor
8219-VYBVI,39,25.0,Two year,No internet service,No internet service,0.03,Low Risk,✅ Monitor
1991-VOPLL,9,19.05,Month-to-month,No internet service,No internet service,0.0,,✅ Monitor
9738-QLWTP,39,81.9,One year,Yes,No,0.02,Low Risk,🔒 Offer OnlineSecurity add-on
1016-DJTSV,8,69.7,Month-to-month,No,No,0.63,High Risk,🔒 Offer OnlineSecurity add-on
9419-IPPBE,51,90.15,One year,No,No,0.06,Low Risk,🎯 Assign dedicated support agent
0174-QRVVY,71,25.35,Two year,No internet service,No internet service,0.0,,✅ Monitor
5699-BNCAS,71,24.65,Two year,No internet service,No internet service,0.0,,✅ Monitor
2900-PHPLN,70,19.55,Two year,No internet service,No internet service,0.0,,✅ Monitor
8106-GWQOK,38,60.0,Two year,Yes,Yes,0.01,Low Risk,✅ Monitor
8751-EDEKA,28,89.9,Month-to-month,No,No,0.18,Low Risk,🎯 Assign dedicated support agent
6878-GGDWG,32,19.4,Month-to-month,No internet service,No internet service,0.18,Low Risk,💰 Offer annual plan discount
4039-PIMHX,49,49.8,Two year,No,No,0.14,Low Risk,🔒 Offer OnlineSecurity add-on
8450-LUGUK,37,24.1,Two year,No internet service,No internet service,0.0,,✅ Monitor
3604-WLABM,10,54.25,Month-to-month,Yes,No,0.2,Low Risk,🔒 Offer OnlineSecurity add-on
0795-GMVQO,67,109.9,One year,No,Yes,0.05,Low Risk,🎯 Assign dedicated support agent
2259-OUUSZ,7,35.5,One year,Yes,No,0.06,Low Risk,🔒 Offer OnlineSecurity add-on
1142-IHLOO,51,87.55,One year,No,No,0.07,Low Risk,🎯 Assign dedicated support agent
4633-MKHYU,9,88.4,Month-to-month,No,No,0.27,Low Risk,🎯 Assign dedicated support agent
6257-RJOHI,4,50.8,Month-to-month,Yes,No,0.28,Low Risk,🔒 Offer OnlineSecurity add-on
1545-JFUML,71,99.0,Two year,No,Yes,0.02,Low Risk,🎯 Assign dedicated support agent
7826-VVKWT,24,96.55,Two year,No,No,0.09,Low Risk,🎯 Assign dedicated support agent
1353-GHZOS,22,59.75,One year,No,Yes,0.02,Low Risk,✅ Monitor
2587-EKXTS,44,111.5,Month-to-month,No,Yes,0.17,Low Risk,🎯 Assign dedicated support agent
5442-BXVND,33,24.25,Month-to-month,No internet service,No internet service,0.07,Low Risk,💰 Offer annual plan discount
9753-OYLBX,1,20.5,Month-to-month,No internet service,No internet service,0.49154316750799565,Medium Risk,📧 Send re-engagement email
2364-UFROM,30,70.4,One year,Yes,Yes,0.02,Low Risk,✅ Monitor
6656-JWRQX,1,30.55,Month-to-month,Yes,No,0.19,Low Risk,📧 Send re-engagement email
6473-ULUHT,16,84.9,Month-to-month,Yes,Yes,0.22,Low Risk,💰 Offer annual plan discount
7688-AWMDX,71,54.5,Two year,Yes,Yes,0.0,,✅ Monitor
2842-BCQGE,43,75.35,Month-to-month,No,No,0.12,Low Risk,🔒 Offer OnlineSecurity add-on
7244-QWYHG,50,44.45,One year,Yes,Yes,0.02,Low Risk,✅ Monitor
5312-UXESG,41,98.05,Month-to-month,No,No,0.13,Low Risk,🎯 Assign dedicated support agent
2150-WLKUW,40,63.9,One year,No,No,0.02,Low Risk,🔒 Offer OnlineSecurity add-on
7159-FVYPK,3,69.15,Month-to-month,No,No,0.22,Low Risk,📧 Send re-engagement email
7032-LMBHI,37,64.65,One year,No,Yes,0.01,Low Risk,✅ Monitor
6088-BXMRG,32,98.85,Month-to-month,No,No,0.21,Low Risk,🎯 Assign dedicated support agent
4821-SJHJV,32,89.6,Month-to-month,No,Yes,0.16,Low Risk,🎯 Assign dedicated support agent
7346-MEDWM,59,83.25,Month-to-month,No,No,0.15,Low Risk,🎯 Assign dedicated support agent
1137-DGOWI,30,70.25,One year,Yes,No,0.02,Low Risk,🔒 Offer OnlineSecurity add-on
3812-LRZIR,27,24.5,Two year,No internet service,No internet service,0.14,Low Risk,✅ Monitor
9483-GCPWE,9,20.1,One year,No internet service,No internet service,0.03,Low Risk,✅ Monitor
4227-OJHAL,68,73.0,One year,No,Yes,0.09,Low Risk,✅ Monitor
9220-CXRSC,69,61.4,Two year,Yes,Yes,0.0,,✅ Monitor
4993-JCRGJ,26,84.3,Month-to-month,Yes,No,0.41,Medium Risk,🔒 Offer OnlineSecurity add-on
9537-JALFH,69,19.9,Two year,No internet service,No internet service,0.0,,✅ Monitor
6698-OXETB,11,20.4,Two year,No internet service,No internet service,0.01,Low Risk,✅ Monitor
2103-ZRXFN,1,50.75,Month-to-month,No,No,0.27,Low Risk,📧 Send re-engagement email
3724-BSCVH,10,20.45,One year,No internet service,No internet service,0.0,,✅ Monitor
4877-TSOFF,55,75.75,One year,Yes,Yes,0.04,Low Risk,✅ Monitor
9209-NWPGU,44,65.4,One year,Yes,Yes,0.05,Low Risk,✅ Monitor
7306-YDSOI,69,59.75,Two year,No,Yes,0.0,,✅ Monitor
5288-AHOUP,11,78.5,Month-to-month,No,No,0.21,Low Risk,🔒 Offer OnlineSecurity add-on
0655-YDGFJ,29,48.95,Month-to-month,No,No,0.04,Low Risk,🔒 Offer OnlineSecurity add-on
8468-EHYJA,57,99.65,Month-to-month,No,Yes,0.13,Low Risk,🎯 Assign dedicated support agent
6823-SIDFQ,28,18.25,One year,No internet service,No internet service,0.0,,✅ Monitor
1097-FSPVW,42,54.55,Month-to-month,No,Yes,0.09,Low Risk,💰 Offer annual plan discount
8328-SKJNO,23,40.65,One year,Yes,Yes,0.02,Low Risk,✅ Monitor
7010-ZMVBF,18,20.45,Month-to-month,No internet service,No internet service,0.01,Low Risk,💰 Offer annual plan discount
5201-CBWYG,62,24.8,One year,No internet service,No internet service,0.0,,✅ Monitor
6352-GIGGQ,67,88.8,One year,Yes,Yes,0.06,Low Risk,✅ Monitor
3635-QQRQD,62,20.05,Two year,No internet service,No internet service,0.0,,✅ Monitor
2897-DOVND,2,69.8,Month-to-month,No,No,0.26,Low Risk,📧 Send re-engagement email
3082-YVEKW,23,77.15,Two year,Yes,Yes,0.01,Low Risk,✅ Monitor
0191-EQUUH,25,35.05,Two year,Yes,Yes,0.01,Low Risk,✅ Monitor
7134-HBPBS,72,108.1,Two year,Yes,No,0.03,Low Risk,🔒 Offer OnlineSecurity add-on
3489-HHPFY,2,84.05,Month-to-month,No,No,0.34,Medium Risk,📧 Send re-engagement email
2926-JEJJC,8,20.2,One year,No internet service,No internet service,0.07,Low Risk,✅ Monitor
4950-BDEUX,35,49.2,Month-to-month,No,No,0.1,Low Risk,🔒 Offer OnlineSecurity add-on
5789-LDFXO,24,24.6,One year,No internet service,No internet service,0.0,,✅ Monitor
0508-OOLTO,2,71.65,Month-to-month,No,No,0.21,Low Risk,📧 Send re-engagement email
2984-TBYKU,72,104.9,Two year,Yes,Yes,0.02,Low Risk,✅ Monitor
9822-WMWVG,41,106.5,Month-to-month,Yes,Yes,0.32,Medium Risk,💰 Offer annual plan discount
9040-KZVWO,26,75.5,One year,No,No,0.05,Low Risk,🔒 Offer OnlineSecurity add-on
1548-ARAGG,4,58.5,Month-to-month,Yes,No,0.17,Low Risk,🔒 Offer OnlineSecurity add-on
6339-RZCBJ,48,78.9,Two year,Yes,No,0.0,,🔒 Offer OnlineSecurity add-on
4415-WNGVR,12,79.2,One year,Yes,Yes,0.08,Low Risk,✅ Monitor
2522-AHJXR,60,109.45,Month-to-month,Yes,Yes,0.18,Low Risk,💰 Offer annual plan discount
0412-UCCNP,55,59.2,Two year,Yes,Yes,0.01,Low Risk,✅ Monitor
1816-FLZDK,1,29.15,Month-to-month,Yes,No,0.35,Medium Risk,📧 Send re-engagement email
7096-UCLNH,1,20.05,Month-to-month,No internet service,No internet service,0.06316321099538146,Low Risk,📧 Send re-engagement email
4615-PIVVU,42,66.5,Two year,Yes,No,0.04,Low Risk,🔒 Offer OnlineSecurity add-on
8885-QSQBX,1,49.55,Month-to-month,No,Yes,0.1,Low Risk,📧 Send re-engagement email
8617-ENBDS,3,73.6,Month-to-month,No,No,0.21,Low Risk,📧 Send re-engagement email
9385-NXKDA,72,82.65,Two year,No,Yes,0.02,Low Risk,🎯 Assign dedicated support agent
0430-IHCDJ,15,49.0,Month-to-month,No,No,0.7,High Risk,🔒 Offer OnlineSecurity add-on
6674-KVJHG,11,25.2,One year,No internet service,No internet service,0.02,Low Risk,✅ Monitor
1814-DKOLC,5,25.45,Month-to-month,No internet service,No internet service,0.04,Low Risk,✅ Monitor
9351-HXDMR,72,110.9,Two year,Yes,Yes,0.08,Low Risk,✅ Monitor
3537-HPKQT,55,77.75,Month-to-month,No,No,0.07,Low Risk,🔒 Offer OnlineSecurity add-on
2129-ALKBS,40,26.2,Month-to-month,No internet service,No internet service,0.07,Low Risk,💰 Offer annual plan discount
5821-MMEIL,57,19.9,Two year,No internet service,No internet service,0.0,,✅ Monitor
1309-XGFSN,52,80.85,One year,No,No,0.11,Low Risk,🎯 Assign dedicated support agent
6968-URWQU,43,56.35,One year,No,No,0.26,Low Risk,🔒 Offer OnlineSecurity add-on
4742-TXUEX,47,19.3,Two year,No internet service,No internet service,0.0,,✅ Monitor
9631-XEYKE,3,50.4,Month-to-month,No,No,0.25,Low Risk,📧 Send re-engagement email
1335-MXCSE,55,55.25,Two year,Yes,No,0.01,Low Risk,🔒 Offer OnlineSecurity add-on
8873-TMKGR,29,19.1,One year,No internet service,No internet service,0.0,,✅ Monitor
8800-JOOCF,12,84.05,Month-to-month,No,No,0.14,Low Risk,🎯 Assign dedicated support agent
1469-LBJQJ,66,105.2,Month-to-month,No,No,0.32,Medium Risk,🎯 Assign dedicated support agent
0064-YIJGF,27,75.75,Month-to-month,No,No,0.1,Low Risk,🔒 Offer OnlineSecurity add-on
2386-OWURY,58,95.3,Month-to-month,Yes,No,0.22,Low Risk,🔒 Offer OnlineSecurity add-on
0310-VQXAM,9,19.85,Month-to-month,No internet service,No internet service,0.12,Low Risk,✅ Monitor
3453-RTHJQ,6,69.1,Month-to-month,No,No,0.19,Low Risk,🔒 Offer OnlineSecurity add-on
6278-FEPBZ,9,20.25,Month-to-month,No internet service,No internet service,0.09,Low Risk,✅ Monitor
4280-DLSHD,8,54.75,Month-to-month,No,No,0.06,Low Risk,🔒 Offer OnlineSecurity add-on
1508-DFXCU,12,81.45,Month-to-month,No,No,0.2,Low Risk,🎯 Assign dedicated support agent
7868-BGSZA,43,80.2,One year,No,Yes,0.08,Low Risk,🎯 Assign dedicated support agent
2800-QQUSO,42,100.3,Month-to-month,Yes,No,0.67,High Risk,🔒 Offer OnlineSecurity add-on
7973-DZRKH,66,90.95,Two year,Yes,Yes,0.02,Low Risk,✅ Monitor
7698-YFGEZ,1,20.0,Month-to-month,No internet service,No internet service,0.5922496303083049,Medium Risk,📧 Send re-engagement email
9773-PEQBZ,10,79.85,Month-to-month,No,No,0.24,Low Risk,🔒 Offer OnlineSecurity add-on
0650-BWOZN,18,73.55,Month-to-month,No,No,0.11,Low Risk,🔒 Offer OnlineSecurity add-on
7785-RDVIG,3,19.3,Month-to-month,No internet service,No internet service,0.02,Low Risk,📧 Send re-engagement email
9602-WCXPI,50,20.15,One year,No internet service,No internet service,0.0,,✅ Monitor
2903-YYTBW,1,44.55,Month-to-month,No,No,0.21,Low Risk,📧 Send re-engagement email
3620-MWJNE,2,54.45,Month-to-month,Yes,Yes,0.12,Low Risk,📧 Send re-engagement email
8573-JGCZW,17,19.65,One year,No internet service,No internet service,0.01,Low Risk,✅ Monitor
6837-HAEVO,69,105.0,Two year,No,No,0.06,Low Risk,🎯 Assign dedicated support agent
6701-YVNQG,72,88.7,Two year,Yes,Yes,0.0,,✅ Monitor
4304-XUMGI,50,75.15,Two year,No,Yes,0.03,Low Risk,✅ Monitor
9504-YAZWB,53,20.25,Two year,No internet service,No internet service,0.01,Low Risk,✅ Monitor
8819-ZBYNA,58,109.1,Two year,Yes,Yes,0.22,Low Risk,✅ Monitor
6174-NRBTZ,46,30.75,One year,No,Yes,0.02,Low Risk,✅ Monitor
9481-IEBZY,72,112.9,Month-to-month,Yes,Yes,0.07,Low Risk,💰 Offer annual plan discount
6137-NICCO,6,94.05,Month-to-month,No,No,0.75,High Risk,🎯 Assign dedicated support agent
9065-ZCPQX,72,78.85,Two year,Yes,Yes,0.0,,✅ Monitor
6402-EJMWF,4,55.3,Month-to-month,No,No,0.37,Medium Risk,🔒 Offer OnlineSecurity add-on
3620-EHIMZ,52,19.35,Two year,No internet service,No internet service,0.0,,✅ Monitor
3213-VVOLG,0,25.35,Two year,No internet service,No internet service,0.0,,✅ Monitor
6870-ECSHE,2,20.45,One year,No internet service,No internet service,0.0,,✅ Monitor
8747-UDCOI,65,19.35,Two year,No internet service,No internet service,0.01,Low Risk,✅ Monitor
4626-OZDTJ,51,78.65,One year,Yes,No,0.02,Low Risk,🔒 Offer OnlineSecurity add-on
9169-BSVIN,12,74.75,Month-to-month,No,No,0.18,Low Risk,🔒 Offer OnlineSecurity add-on
8194-PEEBY,24,19.9,One year,No internet service,No internet service,0.0,,✅ Monitor
6872-HXFNF,64,58.35,One year,Yes,No,0.0,,🔒 Offer OnlineSecurity add-on
7714-YXSMB,26,100.5,Month-to-month,No,No,0.23,Low Risk,🎯 Assign dedicated support agent
8387-UGUSU,15,20.05,Month-to-month,No internet service,No internet service,0.0,,💰 Offer annual plan discount
1080-BWSYE,64,25.65,Two year,No internet service,No internet service,0.0,,✅ Monitor
1194-HVAIF,27,95.0,Month-to-month,No,No,0.15,Low Risk,🎯 Assign dedicated support agent
1767-TGTKO,8,45.45,Month-to-month,No,No,0.16,Low Risk,🔒 Offer OnlineSecurity add-on
8439-LTUGF,10,20.0,Month-to-month,No internet service,No internet service,0.01,Low Risk,✅ Monitor
8805-JNRAZ,2,49.2,Month-to-month,No,No,0.19,Low Risk,📧 Send re-engagement email
6418-HNFED,51,83.25,Two year,Yes,Yes,0.0,,✅ Monitor
0206-OYVOC,46,19.25,Two year,No internet service,No internet service,0.0,,✅ Monitor
7291-CDTMJ,1,19.65,Month-to-month,No internet service,No internet service,0.1,Low Risk,📧 Send re-engagement email
7128-GGCNO,46,72.8,Month-to-month,No,No,0.11,Low Risk,🔒 Offer OnlineSecurity add-on
0237-YFUTL,50,109.65,Month-to-month,Yes,Yes,0.09,Low Risk,💰 Offer annual plan discount
7691-KGKGP,53,65.0,Month-to-month,Yes,No,0.05,Low Risk,🔒 Offer OnlineSecurity add-on
6710-HSJRD,61,114.1,Month-to-month,Yes,No,0.26,Low Risk,🔒 Offer OnlineSecurity add-on
3675-EQOZA,5,20.65,Month-to-month,No internet service,No internet service,0.09,Low Risk,✅ Monitor
0840-DCNZE,47,86.95,One year,Yes,Yes,0.03,Low Risk,✅ Monitor
1732-FEKLD,54,94.75,One year,No,No,0.1,Low Risk,🎯 Assign dedicated support agent
9862-KJTYK,19,25.35,Month-to-month,No,No,0.08,Low Risk,🔒 Offer OnlineSecurity add-on
0479-HMSWA,26,105.45,Two year,Yes,No,0.04,Low Risk,🔒 Offer OnlineSecurity add-on
5854-KSRBJ,70,25.4,Two year,No internet service,No internet service,0.0,,✅ Monitor
0365-BZUWY,17,102.55,Month-to-month,No,No,0.22,Low Risk,🎯 Assign dedicated support agent
5701-SVCWR,1,24.0,Month-to-month,No internet service,No internet service,0.09581674312175703,Low Risk,📧 Send re-engagement email
3129-AAQOU,19,25.6,Two year,No internet service,No internet service,0.0,,✅ Monitor
4922-CVPDX,26,73.5,Two year,No,No,0.01,Low Risk,🔒 Offer OnlineSecurity add-on
1357-BIJKI,50,98.25,One year,No,No,0.23,Low Risk,🎯 Assign dedicated support agent
1099-BTKWT,68,54.4,One year,No,Yes,0.02,Low Risk,✅ Monitor
2018-PZKMU,9,103.1,Month-to-month,Yes,No,0.23,Low Risk,🔒 Offer OnlineSecurity add-on
7340-KEFQE,51,34.2,Two year,Yes,Yes,0.0,,✅ Monitor
4570-QHXHL,9,43.75,Month-to-month,No,No,0.59,Medium Risk,🔒 Offer OnlineSecurity add-on
7392-YYPYJ,22,100.65,Month-to-month,No,No,0.23,Low Risk,🎯 Assign dedicated support agent
2223-GDSHL,71,116.05,Two year,Yes,Yes,0.01,Low Risk,✅ Monitor
9470-RTWDV,26,82.0,One year,Yes,No,0.07,Low Risk,🔒 Offer OnlineSecurity add-on
2176-OSJUV,71,65.15,Two year,Yes,Yes,0.0,,✅ Monitor
9348-YVOMK,4,44.8,Month-to-month,No,No,0.17,Low Risk,🔒 Offer OnlineSecurity add-on
8104-OSKWT,12,79.8,Month-to-month,No,Yes,0.24,Low Risk,✅ Monitor
4521-YEEHE,18,88.85,Month-to-month,Yes,No,0.22,Low Risk,🔒 Offer OnlineSecurity add-on
4090-KPJIP,3,74.95,Month-to-month,No,No,0.95,High Risk,📧 Send re-engagement email
3786-WOVKF,72,106.85,One year,No,Yes,0.05,Low Risk,🎯 Assign dedicated support agent
2592-HODOV,13,19.3,One year,No internet service,No internet service,0.0,,✅ Monitor
7995-ZHHNZ,42,56.1,One year,No,Yes,0.01,Low Risk,✅ Monitor
3824-RHKVR,17,19.7,Month-to-month,No internet service,No internet service,0.08,Low Risk,💰 Offer annual plan discount
5816-SCGFC,7,51.3,Month-to-month,No,No,0.1,Low Risk,🔒 Offer OnlineSecurity add-on
5989-AXPUC,68,118.6,Two year,Yes,Yes,0.08,Low Risk,✅ Monitor
4979-HPRFL,56,24.15,Two year,No internet service,No internet service,0.01,Low Risk,✅ Monitor
8590-OHDIW,38,20.3,One year,No internet service,No internet service,0.0,,✅ Monitor
8015-IHCGW,72,115.5,Two year,Yes,Yes,0.0,,✅ Monitor
2332-TODQS,48,25.05,One year,No internet service,No internet service,0.03,Low Risk,✅ Monitor
9278-VZKCD,52,109.1,Month-to-month,No,Yes,0.2,Low Risk,🎯 Assign dedicated support agent
8008-OTEZX,35,19.65,One year,No internet service,No internet service,0.0,,✅ Monitor
2773-OVBPK,67,111.3,Two year,Yes,No,0.17,Low Risk,🔒 Offer OnlineSecurity add-on
5999-LCXAO,1,29.9,Month-to-month,No,Yes,0.21,Low Risk,📧 Send re-engagement email
5206-XZZQI,53,80.6,Month-to-month,Yes,No,0.08,Low Risk,🔒 Offer OnlineSecurity add-on
4803-LBYPN,34,20.8,Month-to-month,No internet service,No internet service,0.01,Low Risk,💰 Offer annual plan discount
2139-FQHLM,19,89.95,Month-to-month,Yes,No,0.33,Medium Risk,🔒 Offer OnlineSecurity add-on
8261-GWDBQ,60,116.05,Two year,Yes,Yes,0.04,Low Risk,✅ Monitor
1093-YSWCA,11,19.55,Two year,No internet service,No internet service,0.0,,✅ Monitor
3882-IYOIJ,60,115.25,Two year,Yes,Yes,0.0,,✅ Monitor
8749-TZYEC,72,24.8,Two year,No internet service,No internet service,0.0,,✅ Monitor
1755-FZQEC,39,19.9,One year,No internet service,No internet service,0.0,,✅ Monitor
3115-JPJDD,59,81.25,One year,No,Yes,0.0,,🎯 Assign dedicated support agent
5600-KTXFM,2,69.95,Month-to-month,No,No,0.18,Low Risk,📧 Send re-engagement email
6339-TBELP,71,86.4,Two year,Yes,No,0.02,Low Risk,🔒 Offer OnlineSecurity add-on
7964-YESJC,24,66.3,Month-to-month,No,Yes,0.1,Low Risk,💰 Offer annual plan discount
6173-GOLSU,67,94.65,Month-to-month,No,No,0.58,Medium Risk,🎯 Assign dedicated support agent
9938-ZREHM,37,72.1,One year,Yes,No,0.04,Low Risk,🔒 Offer OnlineSecurity add-on
7950-XWOVN,11,34.7,Month-to-month,No,No,0.07,Low Risk,🔒 Offer OnlineSecurity add-on
4647-MUZON,18,95.95,Month-to-month,No,No,0.53,Medium Risk,🎯 Assign dedicated support agent
9702-AIUJO,50,44.8,One year,No,No,0.07,Low Risk,🔒 Offer OnlineSecurity add-on
8849-PRIQJ,67,109.4,One year,Yes,Yes,0.01,Low Risk,✅ Monitor
8851-RAGOV,25,71.05,Month-to-month,Yes,Yes,0.01,Low Risk,💰 Offer annual plan discount
5396-IZEPB,9,19.7,Month-to-month,No internet service,No internet service,0.01,Low Risk,✅ Monitor
1729-VLAZJ,10,40.25,One year,Yes,Yes,0.01,Low Risk,✅ Monitor
8285-ABVLB,70,19.85,Two year,No internet service,No internet service,0.01,Low Risk,✅ Monitor
0701-TJSEF,9,68.25,Month-to-month,Yes,Yes,0.11,Low Risk,✅ Monitor
5712-VBOXD,4,20.15,Month-to-month,No internet service,No internet service,0.04,Low Risk,✅ Monitor
6629-LADHQ,2,50.95,Month-to-month,No,Yes,0.1,Low Risk,📧 Send re-engagement email
1559-DTODC,19,25.15,Month-to-month,No,No,0.18,Low Risk,🔒 Offer OnlineSecurity add-on
4797-MIWUM,7,20.25,Month-to-month,No internet service,No internet service,0.03,Low Risk,✅ Monitor
8720-RQSBJ,1,44.0,Month-to-month,No,No,0.12,Low Risk,📧 Send re-engagement email
4537-CIBHB,9,20.25,One year,No internet service,No internet service,0.01,Low Risk,✅ Monitor
4324-AHJKS,5,55.8,Month-to-month,No,Yes,0.07,Low Risk,✅ Monitor
4355-CVPVS,56,88.9,One year,No,No,0.09,Low Risk,🎯 Assign dedicated support agent
4495-LHSSK,18,57.65,Month-to-month,No,Yes,0.04,Low Risk,💰 Offer annual plan discount
5915-ANOEI,70,79.15,Two year,Yes,Yes,0.0,,✅ Monitor
9861-PDSZP,72,108.05,Two year,Yes,No,0.04,Low Risk,🔒 Offer OnlineSecurity add-on
7225-CBZPL,17,94.8,Month-to-month,No,No,0.13,Low Risk,🎯 Assign dedicated support agent
6704-UTUKK,29,45.9,Month-to-month,No,No,0.21,Low Risk,🔒 Offer OnlineSecurity add-on
2019-HDCZY,63,102.6,Two year,No,No,0.13,Low Risk,🎯 Assign dedicated support agent
8788-DOXSU,59,61.35,One year,No,No,0.06,Low Risk,🔒 Offer OnlineSecurity add-on
7404-JLKQG,3,57.55,Month-to-month,No,No,0.46,Medium Risk,📧 Send re-engagement email
7421-ZLUPA,8,29.25,Month-to-month,No,No,0.05,Low Risk,🔒 Offer OnlineSecurity add-on
3274-NSDWE,68,19.6,Two year,No internet service,No internet service,0.0,,✅ Monitor
2632-IVXVF,68,111.75,Two year,Yes,Yes,0.04,Low Risk,✅ Monitor
3692-JHONH,52,106.5,One year,No,No,0.18,Low Risk,🎯 Assign dedicated support agent
8915-NNTRC,72,107.7,Two year,Yes,Yes,0.02,Low Risk,✅ Monitor
5914-GXMDA,32,19.3,One year,No internet service,No internet service,0.0,,✅ Monitor
7463-IFMQU,72,20.05,Two year,No internet service,No internet service,0.0,,✅ Monitor
2920-RNCEZ,1,69.95,Month-to-month,No,No,0.31,Medium Risk,📧 Send re-engagement email
2541-YGPKE,42,63.7,One year,Yes,Yes,0.15,Low Risk,✅ Monitor
5382-TEMLV,45,50.9,Month-to-month,No,Yes,0.04,Low Risk,💰 Offer annual plan discount
3441-CGZJH,43,60.4,One year,Yes,Yes,0.0,,✅ Monitor
9592-ERDKV,37,79.25,One year,No,Yes,0.04,Low Risk,✅ Monitor
4778-IZARL,63,110.1,Two year,Yes,Yes,0.05,Low Risk,✅ Monitor
0432-CAJZV,3,90.7,Month-to-month,No,No,0.54,Medium Risk,📧 Send re-engagement email
7008-LZVOZ,66,25.3,Two year,No internet service,No internet service,0.01,Low Risk,✅ Monitor
1200-TUZHR,8,85.2,Month-to-month,No,No,0.26,Low Risk,🎯 Assign dedicated support agent
9365-CSLBQ,71,24.35,Two year,No internet service,No internet service,0.0,,✅ Monitor
5884-FBCTL,72,25.1,Two year,No internet service,No internet service,0.0,,✅ Monitor
7130-CTCUS,16,54.55,Month-to-month,No,Yes,0.15,Low Risk,💰 Offer annual plan discount
6242-FEGFD,66,96.6,Two year,Yes,Yes,0.03,Low Risk,✅ Monitor
6194-HBGQN,51,81.15,One year,Yes,Yes,0.05,Low Risk,✅ Monitor
7634-WSWDB,8,38.5,Month-to-month,No,Yes,0.11,Low Risk,✅ Monitor
6986-IXNDM,14,92.9,Month-to-month,No,No,0.13,Low Risk,🎯 Assign dedicated support agent
2987-BJXIK,70,84.7,Two year,No,Yes,0.01,Low Risk,🎯 Assign dedicated support agent
9769-TSBZE,70,66.0,Two year,Yes,Yes,0.02,Low Risk,✅ Monitor
1395-WSWXR,24,20.75,Two year,No internet service,No internet service,0.01,Low Risk,✅ Monitor
6023-GSSXW,69,61.45,Two year,No,No,0.0,,🔒 Offer OnlineSecurity add-on
6752-APNJL,42,54.5,Month-to-month,No,Yes,0.04,Low Risk,💰 Offer annual plan discount
0420-HLGXF,39,99.75,Month-to-month,No,No,0.22,Low Risk,🎯 Assign dedicated support agent
7446-KQISO,45,109.75,Two year,Yes,No,0.15,Low Risk,🔒 Offer OnlineSecurity add-on
9823-EALYC,72,80.85,Two year,Yes,Yes,0.0,,✅ Monitor
0582-AVCLN,38,20.3,Two year,No internet service,No internet service,0.0,,✅ Monitor
5803-NQJZO,72,67.8,Two year,Yes,Yes,0.01,Low Risk,✅ Monitor
2607-DHDAK,72,19.8,Two year,No internet service,No internet service,0.0,,✅ Monitor
1073-XXCZD,55,25.7,Two year,No internet service,No internet service,0.01,Low Risk,✅ Monitor
0743-HRVFF,51,56.15,One year,Yes,No,0.12,Low Risk,🔒 Offer OnlineSecurity add-on
4006-HKYHO,63,86.7,Two year,Yes,Yes,0.0,,✅ Monitor
3727-JEZTU,1,20.4,Month-to-month,No internet service,No internet service,0.03630466249714364,Low Risk,📧 Send re-engagement email
8143-ETQTI,23,19.65,Two year,No internet service,No internet service,0.0,,✅ Monitor
9667-TKTVZ,2,54.35,Month-to-month,Yes,No,0.25,Low Risk,📧 Send re-engagement email
3657-COGMW,52,108.1,Month-to-month,No,Yes,0.03,Low Risk,🎯 Assign dedicated support agent
8570-KLJYJ,36,54.45,One year,No,Yes,0.01,Low Risk,✅ Monitor
7754-IXRMC,1,45.35,Month-to-month,No,No,0.04,Low Risk,📧 Send re-engagement email
9473-CBZOP,28,59.0,One year,No,Yes,0.03,Low Risk,✅ Monitor
2969-WGHQO,7,69.45,One year,No,Yes,0.21,Low Risk,✅ Monitor
4334-HOWRP,72,64.95,Two year,Yes,Yes,0.0,,✅ Monitor
5863-OOKCL,10,18.85,Month-to-month,No internet service,No internet service,0.0,,✅ Monitor
1686-STUHN,42,19.8,One year,No internet service,No internet service,0.0,,✅ Monitor
1329-VHWNP,7,25.05,Month-to-month,No,No,0.05,Low Risk,🔒 Offer OnlineSecurity add-on
0266-GMEAO,72,114.3,Two year,Yes,Yes,0.0,,✅ Monitor
5574-NXZIU,63,109.2,Two year,Yes,Yes,0.17,Low Risk,✅ Monitor
0019-GFNTW,56,45.05,Two year,Yes,Yes,0.01,Low Risk,✅ Monitor
4256-ZWTZI,5,51.0,Month-to-month,Yes,No,0.35,Medium Risk,🔒 Offer OnlineSecurity add-on
8309-PPCED,72,110.45,Two year,Yes,No,0.0,,🔒 Offer OnlineSecurity add-on
4098-NAUKP,68,84.65,Month-to-month,No,No,0.1,Low Risk,🎯 Assign dedicated support agent
5196-WPYOW,67,60.05,One year,Yes,Yes,0.0,,✅ Monitor
4608-LCIMN,8,44.65,Month-to-month,No,No,0.06,Low Risk,🔒 Offer OnlineSecurity add-on
1485-YDHMM,52,93.25,Month-to-month,Yes,No,0.03,Low Risk,🔒 Offer OnlineSecurity add-on
4054-CUMIA,18,20.25,Month-to-month,No internet service,No internet service,0.05,Low Risk,💰 Offer annual plan discount
0603-TPMIB,59,25.45,Two year,No internet service,No internet service,0.0,,✅ Monitor
2525-GVKQU,60,20.6,Two year,No internet service,No internet service,0.08,Low Risk,✅ Monitor
8161-QYMTT,7,94.1,Month-to-month,No,No,0.95,High Risk,🎯 Assign dedicated support agent
9581-GVBXT,59,34.8,One year,No,Yes,0.02,Low Risk,✅ Monitor
5862-BRIXZ,46,60.75,Two year,Yes,Yes,0.0,,✅ Monitor
5404-GGUKR,5,51.35,Month-to-month,No,No,0.12,Low Risk,🔒 Offer OnlineSecurity add-on
3308-JSGML,59,64.05,Two year,Yes,Yes,0.0,,✅ Monitor
2126-GSEGL,70,84.8,Two year,Yes,No,0.0,,🔒 Offer OnlineSecurity add-on
0440-QEXBZ,44,50.15,Month-to-month,No,No,0.11,Low Risk,🔒 Offer OnlineSecurity add-on
2434-EEVDB,64,94.6,Two year,No,Yes,0.0,,🎯 Assign dedicated support agent
6762-QVYJO,58,59.75,Two year,Yes,Yes,0.0,,✅ Monitor
6199-IWKGC,46,100.25,One year,Yes,No,0.06,Low Risk,🔒 Offer OnlineSecurity add-on
2675-DHUTR,58,98.9,Month-to-month,No,No,0.22,Low Risk,🎯 Assign dedicated support agent
8152-VETUR,72,97.7,Two year,No,No,0.01,Low Risk,🎯 Assign dedicated support agent
7446-YPODE,11,60.25,Month-to-month,No,Yes,0.07,Low Risk,✅ Monitor
9522-BNTHX,34,56.25,Month-to-month,No,No,0.18,Low Risk,🔒 Offer OnlineSecurity add-on
4676-WLUHT,54,46.2,Two year,No,Yes,0.02,Low Risk,✅ Monitor
7980-MHFLQ,72,24.9,Two year,No internet service,No internet service,0.0,,✅ Monitor
0757-WCUUZ,54,63.35,Two year,No,No,0.03,Low Risk,🔒 Offer OnlineSecurity add-on
1629-DQQVB,14,50.1,Month-to-month,No,Yes,0.22,Low Risk,💰 Offer annual plan discount
0374-AACSZ,1,50.15,Month-to-month,No,Yes,0.02,Low Risk,📧 Send re-engagement email
4872-VXRIL,56,64.65,One year,Yes,Yes,0.0,,✅ Monitor
9140-CZQZZ,68,79.6,Two year,Yes,Yes,0.0,,✅ Monitor
3423-HHXAO,14,19.5,One year,No internet service,No internet service,0.07,Low Risk,✅ Monitor
9938-TKDGL,68,99.55,Two year,Yes,Yes,0.02,Low Risk,✅ Monitor
0531-ZZJWQ,55,74.0,Month-to-month,No,No,0.46,Medium Risk,🔒 Offer OnlineSecurity add-on
6537-QLGEX,16,38.9,Month-to-month,No,Yes,0.28,Low Risk,💰 Offer annual plan discount
2688-BHGOG,9,79.55,Month-to-month,No,No,0.3,Low Risk,🔒 Offer OnlineSecurity add-on
3160-TYXLT,53,46.3,Month-to-month,No,Yes,0.1,Low Risk,💰 Offer annual plan discount
1325-USMEC,70,99.35,Two year,No,Yes,0.0,,🎯 Assign dedicated support agent
0916-QOFDP,14,95.8,Month-to-month,No,No,0.33,Medium Risk,🎯 Assign dedicated support agent
5606-AMZBO,10,78.15,Month-to-month,No,Yes,0.6,Medium Risk,✅ Monitor
6199-IPCAO,29,26.1,Two year,No internet service,No internet service,0.03,Low Risk,✅ Monitor
5640-CAXOA,30,40.35,One year,Yes,No,0.03,Low Risk,🔒 Offer OnlineSecurity add-on
2235-EZAIK,72,79.2,Two year,Yes,Yes,0.0,,✅ Monitor
3847-BAERP,10,20.9,Month-to-month,No internet service,No internet service,0.008925388154111558,Low Risk,✅ Monitor
1453-RZFON,1,49.9,Month-to-month,No,Yes,0.13,Low Risk,📧 Send re-engagement email
8263-OKETD,20,68.9,Month-to-month,Yes,No,0.04,Low Risk,🔒 Offer OnlineSecurity add-on
0670-KDOMA,1,20.25,Month-to-month,No internet service,No internet service,0.5903113382493057,Medium Risk,📧 Send re-engagement email
2476-YGEFM,29,76.0,Month-to-month,No,No,0.21,Low Risk,🔒 Offer OnlineSecurity add-on
8687-BAFGU,1,74.0,Month-to-month,Yes,No,0.14,Low Risk,📧 Send re-engagement email
0641-EVBOJ,3,82.3,Month-to-month,Yes,Yes,0.15,Low Risk,📧 Send re-engagement email
0829-XXPLX,20,89.4,Month-to-month,No,Yes,0.11,Low Risk,🎯 Assign dedicated support agent
9974-JFBHQ,64,99.15,Month-to-month,Yes,No,0.03,Low Risk,🔒 Offer OnlineSecurity add-on
6624-JDRDS,6,29.45,Month-to-month,No,Yes,0.11,Low Risk,✅ Monitor
0608-JDVEC,50,19.8,Two year,No internet service,No internet service,0.0,,✅ Monitor
9780-FKVVF,6,59.15,Month-to-month,No,Yes,0.09,Low Risk,✅ Monitor
1919-RTPQD,7,44.75,Month-to-month,No,No,0.2,Low Risk,🔒 Offer OnlineSecurity add-on
5214-NLTIT,72,90.8,Two year,No,No,0.03,Low Risk,🎯 Assign dedicated support agent
3345-PBBFH,8,49.55,Month-to-month,No,No,0.04,Low Risk,🔒 Offer OnlineSecurity add-on
5055-BRMNE,67,106.7,Two year,Yes,Yes,0.02,Low Risk,✅ Monitor
2190-PHBHR,72,94.45,Two year,No,Yes,0.05,Low Risk,🎯 Assign dedicated support agent
2650-GYRYL,33,19.45,One year,No internet service,No internet service,0.0,,✅ Monitor
5208-FVQKB,70,67.95,Two year,Yes,Yes,0.0,,✅ Monitor
7184-LRUUR,22,65.25,One year,No,No,0.04,Low Risk,🔒 Offer OnlineSecurity add-on
6627-CFOSN,59,99.45,Month-to-month,No,Yes,0.11,Low Risk,🎯 Assign dedicated support agent
3982-JGSFD,36,20.35,One year,No internet service,No internet service,0.0,,✅ Monitor
1574-DYCWE,51,19.95,Two year,No internet service,No internet service,0.0,,✅ Monitor
7247-XOZPB,53,77.4,One year,Yes,Yes,0.05,Low Risk,✅ Monitor
2466-FCCPT,20,19.7,One year,No internet service,No internet service,0.06,Low Risk,✅ Monitor
6211-WWLTF,63,99.7,Two year,No,Yes,0.03,Low Risk,🎯 Assign dedicated support agent
4826-TZEVA,40,74.8,Month-to-month,No,No,0.12,Low Risk,🔒 Offer OnlineSecurity add-on
6016-NXBNJ,35,19.15,One year,No internet service,No internet service,0.0,,✅ Monitor
9138-EFSMO,26,78.95,One year,No,No,0.16,Low Risk,🔒 Offer OnlineSecurity add-on
4632-XJMEX,53,62.85,One year,Yes,Yes,0.03,Low Risk,✅ Monitor
8910-LEDAG,34,71.55,Month-to-month,No,No,0.12,Low Risk,🔒 Offer OnlineSecurity add-on
3452-GWUIN,19,94.95,Month-to-month,No,No,0.17,Low Risk,🎯 Assign dedicated support agent
2716-GFZOR,43,86.1,Month-to-month,No,Yes,0.03,Low Risk,🎯 Assign dedicated support agent
3724-UCSHY,6,19.55,Month-to-month,No internet service,No internet service,0.02,Low Risk,✅ Monitor
8626-XHBIE,56,24.8,Two year,No internet service,No internet service,0.0,,✅ Monitor
3192-LNKRK,34,84.05,Month-to-month,No,No,0.16,Low Risk,🎯 Assign dedicated support agent
4439-YRNVD,10,36.25,Month-to-month,Yes,No,0.06,Low Risk,🔒 Offer OnlineSecurity add-on
2208-UGTGR,56,98.6,Month-to-month,No,No,0.15,Low Risk,🎯 Assign dedicated support agent
3005-TYFRD,55,103.65,Month-to-month,No,No,0.29,Low Risk,🎯 Assign dedicated support agent
8670-MEFCP,36,92.9,Two year,Yes,Yes,0.0,,✅ Monitor
3079-BCHLN,47,19.9,One year,No internet service,No internet service,0.0,,✅ Monitor
7777-UNYHB,12,20.1,Month-to-month,No internet service,No internet service,0.07,Low Risk,✅ Monitor
7278-CKDNC,24,80.5,Month-to-month,No,No,0.81,High Risk,🎯 Assign dedicated support agent
8450-UYIBU,35,39.85,Month-to-month,No,No,0.22,Low Risk,🔒 Offer OnlineSecurity add-on
2969-VAPYH,67,60.5,One year,Yes,Yes,0.0,,✅ Monitor
7181-OQCUT,21,103.85,Month-to-month,No,Yes,0.66,High Risk,🎯 Assign dedicated support agent
8474-UMLNT,13,67.8,Month-to-month,Yes,Yes,0.03,Low Risk,💰 Offer annual plan discount
3836-FZSDJ,71,24.85,Two year,No internet service,No internet service,0.0,,✅ Monitor
9142-XMYJH,29,19.35,Month-to-month,No internet service,No internet service,0.09,Low Risk,💰 Offer annual plan discount
0187-QSXOE,7,89.0,Month-to-month,No,No,0.29,Low Risk,🎯 Assign dedicated support agent
7733-UDMTP,57,55.0,Month-to-month,No,No,0.54,Medium Risk,🔒 Offer OnlineSecurity add-on
2649-HWLYB,65,76.15,Two year,Yes,Yes,0.06,Low Risk,✅ Monitor
5214-CHIWJ,27,20.3,One year,No internet service,No internet service,0.0,,✅ Monitor
6904-JLBGY,72,117.35,Two year,Yes,Yes,0.0,,✅ Monitor
2465-BLLEU,1,19.75,Month-to-month,No internet service,No internet service,0.25,Low Risk,📧 Send re-engagement email
1685-VAYJF,11,45.2,Month-to-month,No,No,0.09,Low Risk,🔒 Offer OnlineSecurity add-on
8874-EJNSR,39,25.2,Two year,No internet service,No internet service,0.0,,✅ Monitor
6917-YACBP,59,89.75,Month-to-month,No,Yes,0.04,Low Risk,🎯 Assign dedicated support agent
5049-MUBWG,26,75.0,One year,Yes,Yes,0.05,Low Risk,✅ Monitor
4223-WOZCM,2,49.95,Month-to-month,No,No,0.57,Medium Risk,📧 Send re-engagement email
0769-MURVM,72,65.7,Two year,Yes,Yes,0.01,Low Risk,✅ Monitor
9253-VIFJQ,65,67.05,One year,No,Yes,0.08,Low Risk,✅ Monitor
7030-FZTFM,72,110.9,Two year,Yes,No,0.01,Low Risk,🔒 Offer OnlineSecurity add-on
9741-YLNTD,6,87.95,Month-to-month,Yes,No,0.68,High Risk,🔒 Offer OnlineSecurity add-on
5917-RYRMG,32,19.8,One year,No internet service,No internet service,0.0,,✅ Monitor
5120-ZBLAI,50,75.7,One year,No,No,0.07,Low Risk,🔒 Offer OnlineSecurity add-on
1194-BHJYC,61,62.15,Two year,Yes,Yes,0.0,,✅ Monitor
0906-QVPMS,72,115.15,Two year,Yes,Yes,0.0,,✅ Monitor
1905-OEILC,1,19.5,Month-to-month,No internet service,No internet service,0.5814935592503767,Medium Risk,📧 Send re-engagement email
7858-GTZSP,12,86.55,Month-to-month,No,No,0.23,Low Risk,🎯 Assign dedicated support agent
6248-BSHKG,61,20.4,One year,No internet service,No internet service,0.0,,✅ Monitor
4685-TFLLS,18,19.8,One year,No internet service,No internet service,0.02,Low Risk,✅ Monitor
3470-BTGQO,21,45.65,Month-to-month,No,No,0.03,Low Risk,🔒 Offer OnlineSecurity add-on
1209-VFFOC,68,56.4,Two year,Yes,Yes,0.0,,✅ Monitor
8224-DWCKX,12,73.3,Month-to-month,No,No,0.11,Low Risk,🔒 Offer OnlineSecurity add-on
4553-DVPZG,62,101.35,Month-to-month,No,No,0.12,Low Risk,🎯 Assign dedicated support agent
6917-IAYHD,1,33.6,Month-to-month,Yes,No,0.24,Low Risk,📧 Send re-engagement email
8620-RJPZN,1,20.7,Month-to-month,No internet service,No internet service,0.33726028468876224,Medium Risk,📧 Send re-engagement email
7572-KPVKK,62,104.05,Two year,Yes,No,0.3,Low Risk,🔒 Offer OnlineSecurity add-on
2642-MAWLJ,36,20.25,Two year,No internet service,No internet service,0.0,,✅ Monitor
7103-ZGVNT,69,73.7,One year,Yes,Yes,0.01,Low Risk,✅ Monitor
2027-WKXMW,63,108.75,Month-to-month,Yes,No,0.15,Low Risk,🔒 Offer OnlineSecurity add-on
7137-NAXML,23,20.15,One year,No internet service,No internet service,0.0,,✅ Monitor
2428-ZMCTB,10,19.75,Month-to-month,No internet service,No internet service,0.03,Low Risk,✅ Monitor
2961-VNFKL,71,25.95,Two year,No internet service,No internet service,0.01,Low Risk,✅ Monitor
1768-HNVGJ,45,70.05,Month-to-month,Yes,Yes,0.02,Low Risk,💰 Offer annual plan discount
6963-KQYQB,70,24.05,Two year,No internet service,No internet service,0.0,,✅ Monitor
5934-RMPOV,22,84.75,Month-to-month,No,No,0.2,Low Risk,🎯 Assign dedicated support agent
1207-BLKSA,52,23.05,Two year,No internet service,No internet service,0.0,,✅ Monitor
8316-BBQAY,65,59.95,Two year,Yes,Yes,0.0,,✅ Monitor
1166-PQLGG,72,19.55,Two year,No internet service,No internet service,0.0,,✅ Monitor
3146-JTQHR,10,19.6,One year,No internet service,No internet service,0.01,Low Risk,✅ Monitor
4291-YZODP,7,20.05,One year,No internet service,No internet service,0.0,,✅ Monitor
4395-PZMSN,5,85.55,Month-to-month,No,No,0.28,Low Risk,🎯 Assign dedicated support agent
6427-FEFIG,24,78.6,Two year,No,Yes,0.0,,✅ Monitor
0017-IUDMW,72,116.8,Two year,Yes,Yes,0.0,,✅ Monitor
8706-HRADD,21,43.55,Month-to-month,Yes,Yes,0.14,Low Risk,💰 Offer annual plan discount
9955-QOPOY,69,60.8,One year,Yes,No,0.02,Low Risk,🔒 Offer OnlineSecurity add-on
4385-ZKVNW,44,54.9,Month-to-month,Yes,No,0.07,Low Risk,🔒 Offer OnlineSecurity add-on
5446-DKWYW,61,65.2,One year,No,No,0.13,Low Risk,🔒 Offer OnlineSecurity add-on
9031-ZVQPT,72,108.2,Two year,Yes,No,0.01,Low Risk,🔒 Offer OnlineSecurity add-on
2990-IAJSV,72,92.0,Two year,Yes,Yes,0.01,Low Risk,✅ Monitor
8107-KNCIM,14,75.1,Month-to-month,No,No,0.32,Medium Risk,🔒 Offer OnlineSecurity add-on
9027-YFHQJ,7,25.05,Month-to-month,No internet service,No internet service,0.1,Low Risk,✅ Monitor
5176-LDKUH,48,75.15,One year,No,No,0.05,Low Risk,🔒 Offer OnlineSecurity add-on
4644-OBGFZ,55,19.5,One year,No internet service,No internet service,0.01,Low Risk,✅ Monitor
7926-IJOOU,1,19.3,Month-to-month,No internet service,No internet service,0.04,Low Risk,📧 Send re-engagement email
6480-YAGIY,45,112.2,One year,Yes,Yes,0.05,Low Risk,✅ Monitor
4029-HPFVY,3,70.3,Month-to-month,No,No,0.62,High Risk,📧 Send re-engagement email
7602-DBTOU,71,19.6,Two year,No internet service,No internet service,0.0,,✅ Monitor
5345-BMKWB,8,20.25,Month-to-month,No internet service,No internet service,0.12,Low Risk,✅ Monitor
5457-COLHT,69,80.65,Two year,Yes,Yes,0.02,Low Risk,✅ Monitor
5451-YHYPW,72,115.75,Two year,Yes,Yes,0.0,,✅ Monitor
7998-WNZEM,71,80.6,Two year,Yes,Yes,0.02,Low Risk,✅ Monitor
4664-NJCMS,33,59.55,Two year,Yes,Yes,0.0,,✅ Monitor
0307-BCOPK,16,19.05,One year,No internet service,No internet service,0.01,Low Risk,✅ Monitor
7629-WFGLW,56,95.65,One year,Yes,Yes,0.03,Low Risk,✅ Monitor
2542-HYGIQ,1,19.95,Month-to-month,No internet service,No internet service,0.08,Low Risk,📧 Send re-engagement email
5016-LIPDW,57,19.4,One year,No internet service,No internet service,0.0,,✅ Monitor
6481-LXPWL,56,36.1,One year,No,No,0.04,Low Risk,🔒 Offer OnlineSecurity add-on
6124-ACRHJ,1,19.75,Month-to-month,No internet service,No internet service,0.13719435226275348,Low Risk,📧 Send re-engagement email
9362-MWODR,40,64.1,Month-to-month,Yes,Yes,0.02,Low Risk,💰 Offer annual plan discount
9975-GPKZU,46,19.75,Two year,No internet service,No internet service,0.0,,✅ Monitor
9625-RZFUK,63,19.7,Two year,No internet service,No internet service,0.0,,✅ Monitor
5153-LXKDT,68,110.2,Two year,No,Yes,0.04,Low Risk,🎯 Assign dedicated support agent
5161-UBZXI,69,106.35,Two year,Yes,Yes,0.01,Low Risk,✅ Monitor
1020-JPQOW,56,90.55,Month-to-month,Yes,No,0.07,Low Risk,🔒 Offer OnlineSecurity add-on
7919-ZODZZ,10,65.9,One year,No,No,0.2,Low Risk,🔒 Offer OnlineSecurity add-on
0565-JUPYD,63,104.5,One year,Yes,Yes,0.04,Low Risk,✅ Monitor
6867-ACCZI,24,52.5,Two year,Yes,Yes,0.0,,✅ Monitor
5939-XAIXZ,19,56.1,Month-to-month,No,No,0.06,Low Risk,🔒 Offer OnlineSecurity add-on
9054-FOWNV,22,88.75,Month-to-month,No,No,0.61,High Risk,🎯 Assign dedicated support agent
8207-VVMYB,70,26.0,Two year,No internet service,No internet service,0.0,,✅ Monitor
9732-EQMWY,49,99.4,Month-to-month,No,No,0.12,Low Risk,🎯 Assign dedicated support agent
5269-NRGDP,42,73.15,One year,Yes,No,0.03,Low Risk,🔒 Offer OnlineSecurity add-on
6195-MELTI,57,54.65,One year,Yes,No,0.02,Low Risk,🔒 Offer OnlineSecurity add-on
2121-JAFOM,72,115.55,Two year,Yes,Yes,0.0,,✅ Monitor
8818-DOPVL,46,104.45,Month-to-month,No,No,0.31,Medium Risk,🎯 Assign dedicated support agent
1227-UDMZR,72,91.15,Two year,Yes,Yes,0.0,,✅ Monitor
5198-HQAEN,35,89.7,One year,Yes,No,0.11,Low Risk,🔒 Offer OnlineSecurity add-on
2167-FQSTQ,72,92.4,Two year,Yes,Yes,0.0,,✅ Monitor
2819-GWENI,28,19.9,One year,No internet service,No internet service,0.0,,✅ Monitor
3572-UUHRS,45,18.85,One year,No internet service,No internet service,0.0,,✅ Monitor
2692-PFYTJ,1,25.75,Month-to-month,No internet service,No internet service,0.08,Low Risk,📧 Send re-engagement email
5955-EPOAZ,6,20.95,Month-to-month,No internet service,No internet service,0.04,Low Risk,✅ Monitor
6821-JPCDC,48,97.05,One year,No,No,0.03,Low Risk,🎯 Assign dedicated support agent
8815-LMFLX,25,25.4,Month-to-month,No internet service,No internet service,0.01,Low Risk,💰 Offer annual plan discount
9135-HSWOC,64,19.7,Two year,No internet service,No internet service,0.02,Low Risk,✅ Monitor
8582-KRHPJ,50,35.0,Month-to-month,No,Yes,0.17,Low Risk,💰 Offer annual plan discount
5811-IWXYM,52,101.25,One year,No,No,0.05,Low Risk,🎯 Assign dedicated support agent
7044-YAACC,4,70.2,Month-to-month,No,No,0.19,Low Risk,🔒 Offer OnlineSecurity add-on
8189-XRIKE,32,90.95,Month-to-month,No,No,0.2,Low Risk,🎯 Assign dedicated support agent
1506-YJTYT,45,73.85,Two year,Yes,Yes,0.03,Low Risk,✅ Monitor
4123-DVHPH,9,88.05,Month-to-month,No,Yes,0.15,Low Risk,🎯 Assign dedicated support agent
2228-BZDEE,54,20.1,Two year,No internet service,No internet service,0.01,Low Risk,✅ Monitor
2789-CZANW,64,110.3,Two year,Yes,Yes,0.03,Low Risk,✅ Monitor
7596-LDUXP,12,85.15,One year,No,Yes,0.09,Low Risk,🎯 Assign dedicated support agent
3740-RLMVT,67,60.95,One year,Yes,Yes,0.01,Low Risk,✅ Monitor
2192-OZITF,45,73.55,Two year,Yes,Yes,0.01,Low Risk,✅ Monitor
5651-CPDND,10,46.0,Month-to-month,No,No,0.13,Low Risk,🔒 Offer OnlineSecurity add-on
2186-QZEYA,29,58.55,Month-to-month,No,Yes,0.06,Low Risk,💰 Offer annual plan discount
1131-ALZWV,24,24.6,One year,No internet service,No internet service,0.05,Low Risk,✅ Monitor
7729-XBTWX,66,19.75,Two year,No internet service,No internet service,0.01,Low Risk,✅ Monitor
9134-WYRVP,51,86.35,One year,No,Yes,0.06,Low Risk,🎯 Assign dedicated support agent
3284-SVCRO,45,25.5,Two year,No internet service,No internet service,0.0,,✅ Monitor
9732-OUYRN,49,19.0,One year,No internet service,No internet service,0.0,,✅ Monitor
0559-CKHUS,29,19.55,Two year,No internet service,No internet service,0.01,Low Risk,✅ Monitor
2931-SVLTV,40,110.1,Month-to-month,Yes,Yes,0.07,Low Risk,💰 Offer annual plan discount
7504-UWHNB,25,69.75,Month-to-month,No,No,0.39,Medium Risk,🔒 Offer OnlineSecurity add-on
2582-FFFZR,22,50.6,Month-to-month,No,No,0.17,Low Risk,🔒 Offer OnlineSecurity add-on
8908-NMQTX,72,65.6,Two year,Yes,Yes,0.0,,✅ Monitor
1431-AIDJQ,33,82.1,Two year,Yes,No,0.02,Low Risk,🔒 Offer OnlineSecurity add-on
6288-LBEAR,23,79.1,Month-to-month,Yes,No,0.16,Low Risk,🔒 Offer OnlineSecurity add-on
8413-YNHNV,69,90.65,Two year,Yes,Yes,0.0,,✅ Monitor
5808-TOTXO,3,20.55,One year,No internet service,No internet service,0.03,Low Risk,✅ Monitor
4369-NYSCF,56,75.75,One year,Yes,No,0.02,Low Risk,🔒 Offer OnlineSecurity add-on
6333-YDVLT,65,110.0,One year,Yes,Yes,0.14,Low Risk,✅ Monitor
5324-KTGCG,71,20.85,One year,No internet service,No internet service,0.03,Low Risk,✅ Monitor
5599-HVLTW,14,80.35,Month-to-month,No,No,0.22,Low Risk,🎯 Assign dedicated support agent
7394-LWLYN,2,70.15,Month-to-month,No,No,0.19,Low Risk,📧 Send re-engagement email
6873-UDNLD,40,67.45,Month-to-month,No,Yes,0.05,Low Risk,💰 Offer annual plan discount
2700-LUEVA,1,20.75,Month-to-month,No internet service,No internet service,0.06,Low Risk,📧 Send re-engagement email
0958-YHXGP,7,69.9,Month-to-month,No,No,0.65,High Risk,🔒 Offer OnlineSecurity add-on
1101-SSWAG,15,51.1,Month-to-month,No,No,0.28,Low Risk,🔒 Offer OnlineSecurity add-on
5743-KHMNA,71,25.55,Two year,No internet service,No internet service,0.0,,✅ Monitor
4194-FJARJ,54,60.0,Two year,Yes,Yes,0.0,,✅ Monitor
5325-UWTWJ,31,90.55,Month-to-month,Yes,Yes,0.06,Low Risk,💰 Offer annual plan discount
3969-GYXEL,11,76.4,Month-to-month,No,Yes,0.1,Low Risk,✅ Monitor
9208-OLGAQ,18,84.95,Month-to-month,No,No,0.18,Low Risk,🎯 Assign dedicated support agent
3244-CQPHU,72,110.1,Two year,Yes,Yes,0.05,Low Risk,✅ Monitor
2674-MLXMN,71,99.65,Month-to-month,No,No,0.15,Low Risk,🎯 Assign dedicated support agent
9708-HPXWZ,5,45.4,Month-to-month,Yes,No,0.15,Low Risk,🔒 Offer OnlineSecurity add-on
6992-TKNYO,38,69.0,One year,Yes,No,0.06,Low Risk,🔒 Offer OnlineSecurity add-on
4468-YDOVK,5,48.65,Month-to-month,Yes,No,0.42,Medium Risk,🔒 Offer OnlineSecurity add-on
5792-JALQC,52,59.85,Two year,No,Yes,0.03,Low Risk,✅ Monitor
2200-DSAAL,68,80.65,Two year,No,No,0.03,Low Risk,🎯 Assign dedicated support agent
4302-ZYFEL,69,20.55,One year,No internet service,No internet service,0.0,,✅ Monitor
9351-LZYGF,42,66.4,Month-to-month,Yes,Yes,0.06,Low Risk,💰 Offer annual plan discount
4366-CTOUZ,50,100.2,Two year,Yes,No,0.04,Low Risk,🔒 Offer OnlineSecurity add-on
1518-OMDIK,33,44.55,Month-to-month,No,No,0.02,Low Risk,🔒 Offer OnlineSecurity add-on
6671-NGWON,7,20.35,Month-to-month,No internet service,No internet service,0.04,Low Risk,✅ Monitor
0595-ITUDF,64,91.8,Month-to-month,No,Yes,0.11,Low Risk,🎯 Assign dedicated support agent
1955-IBMMB,59,20.2,Two year,No internet service,No internet service,0.0,,✅ Monitor
0096-BXERS,6,50.35,Month-to-month,No,No,0.31,Medium Risk,🔒 Offer OnlineSecurity add-on
3806-YAZOV,3,18.8,Month-to-month,No internet service,No internet service,0.04,Low Risk,📧 Send re-engagement email
7998-ZLXWN,15,20.45,Month-to-month,No internet service,No internet service,0.08,Low Risk,💰 Offer annual plan discount
6253-WRFHY,13,64.75,One year,No,No,0.11,Low Risk,🔒 Offer OnlineSecurity add-on
9133-AYJZG,23,98.7,Month-to-month,No,No,0.28,Low Risk,🎯 Assign dedicated support agent
2675-OTVVJ,31,89.45,Month-to-month,No,Yes,0.15,Low Risk,🎯 Assign dedicated support agent
8680-CGLTP,29,58.75,One year,Yes,Yes,0.03,Low Risk,✅ Monitor
8430-TWCBX,49,20.7,One year,No internet service,No internet service,0.01,Low Risk,✅ Monitor
5018-GWURO,56,85.6,Month-to-month,No,No,0.13,Low Risk,🎯 Assign dedicated support agent
6741-QRLUP,63,80.3,Two year,Yes,Yes,0.0,,✅ Monitor
4737-HOBAX,63,79.8,Two year,Yes,No,0.0,,🔒 Offer OnlineSecurity add-on
0537-QYZZN,24,79.85,Month-to-month,No,Yes,0.22,Low Risk,💰 Offer annual plan discount
3340-QBBFM,36,54.1,One year,Yes,No,0.05,Low Risk,🔒 Offer OnlineSecurity add-on
8200-KLNYW,21,80.9,One year,Yes,Yes,0.02,Low Risk,✅ Monitor
3372-CDXFJ,13,24.5,One year,No internet service,No internet service,0.03,Low Risk,✅ Monitor
4781-ZXYGU,1,20.15,Month-to-month,No internet service,No internet service,0.19,Low Risk,📧 Send re-engagement email
7632-YUTXB,25,20.05,One year,No internet service,No internet service,0.0,,✅ Monitor
2718-YSKCS,71,19.6,Two year,No internet service,No internet service,0.0,,✅ Monitor
9896-UYMIE,66,114.3,One year,Yes,Yes,0.06,Low Risk,✅ Monitor
0853-NWIFK,45,100.3,One year,No,Yes,0.06,Low Risk,🎯 Assign dedicated support agent
8212-CRQXP,22,80.0,Month-to-month,No,No,0.12,Low Risk,🔒 Offer OnlineSecurity add-on
6980-CDGFC,67,20.85,One year,No internet service,No internet service,0.02,Low Risk,✅ Monitor
7691-XVTZH,68,89.95,Two year,No,No,0.08,Low Risk,🎯 Assign dedicated support agent
2520-SGTTA,0,20.0,Two year,No internet service,No internet service,0.0,,✅ Monitor
2277-VWCNI,4,48.75,Month-to-month,No,No,0.75,High Risk,🔒 Offer OnlineSecurity add-on
1088-CNNKB,63,80.0,One year,Yes,Yes,0.05,Low Risk,✅ Monitor
1930-BZLHI,21,20.35,One year,No internet service,No internet service,0.0,,✅ Monitor
5868-YTYKS,1,20.25,Month-to-month,No internet service,No internet service,0.08,Low Risk,📧 Send re-engagement email
3525-DVKFN,17,19.4,Two year,No internet service,No internet service,0.0,,✅ Monitor
1482-OXZSY,30,100.4,Month-to-month,No,Yes,0.27,Low Risk,🎯 Assign dedicated support agent
0377-JBKKT,22,57.95,Month-to-month,Yes,Yes,0.16,Low Risk,💰 Offer annual plan discount
5778-BVOFB,9,59.5,Month-to-month,Yes,No,0.12,Low Risk,🔒 Offer OnlineSecurity add-on
3373-YZZYM,1,19.2,Month-to-month,No internet service,No internet service,0.11,Low Risk,📧 Send re-engagement email
0228-MAUWC,19,59.55,Month-to-month,Yes,No,0.04,Low Risk,🔒 Offer OnlineSecurity add-on
7663-YJHSN,72,103.95,Two year,Yes,Yes,0.01,Low Risk,✅ Monitor
4915-BFSXL,70,68.95,Two year,No,Yes,0.06,Low Risk,✅ Monitor
3086-RUCRN,66,103.1,Month-to-month,Yes,Yes,0.03,Low Risk,💰 Offer annual plan discount
5215-LNLDJ,7,24.7,Month-to-month,No,No,0.16,Low Risk,🔒 Offer OnlineSecurity add-on
7576-JMYWV,46,110.2,Month-to-month,Yes,Yes,0.06,Low Risk,💰 Offer annual plan discount
0257-KXZGU,32,62.45,Month-to-month,No,No,0.1,Low Risk,🔒 Offer OnlineSecurity add-on
1307-ATKGB,24,89.55,Month-to-month,No,No,0.13,Low Risk,🎯 Assign dedicated support agent
3714-XPXBW,37,78.9,Month-to-month,Yes,Yes,0.03,Low Risk,💰 Offer annual plan discount
1850-AKQEP,8,20.35,Month-to-month,No internet service,No internet service,0.02,Low Risk,✅ Monitor
2824-DXNKN,72,71.45,Two year,No,Yes,0.04,Low Risk,✅ Monitor
5227-JSCFE,71,46.35,Two year,Yes,Yes,0.03,Low Risk,✅ Monitor
0848-ZGQIJ,16,94.65,Month-to-month,No,No,0.24,Low Risk,🎯 Assign dedicated support agent
3621-CHYVB,57,49.9,Month-to-month,Yes,Yes,0.04,Low Risk,💰 Offer annual plan discount
8042-RNLKO,66,25.45,One year,No internet service,No internet service,0.02,Low Risk,✅ Monitor
5372-FBKBN,21,20.75,Month-to-month,No internet service,No internet service,0.01,Low Risk,💰 Offer annual plan discount
0420-TXVSG,66,66.1,Two year,No,Yes,0.03,Low Risk,✅ Monitor
6217-TOWGS,17,75.4,Month-to-month,No,No,0.1,Low Risk,🔒 Offer OnlineSecurity add-on
1045-LTCYT,8,21.05,Month-to-month,No internet service,No internet service,0.03,Low Risk,✅ Monitor
1544-JJMYL,27,69.35,One year,Yes,Yes,0.02,Low Risk,✅ Monitor
4636-JGAAI,34,88.85,Month-to-month,No,No,0.09,Low Risk,🎯 Assign dedicated support agent
6874-SGLHU,30,97.0,One year,No,No,0.24,Low Risk,🎯 Assign dedicated support agent
5951-AOFIH,33,66.4,Month-to-month,No,No,0.23,Low Risk,🔒 Offer OnlineSecurity add-on
3059-NGMXB,14,69.2,Month-to-month,No,Yes,0.05,Low Risk,💰 Offer annual plan discount
8652-YHIYU,16,79.5,One year,Yes,No,0.08,Low Risk,🔒 Offer OnlineSecurity add-on
5278-PNYOX,49,100.65,Two year,Yes,No,0.0,,🔒 Offer OnlineSecurity add-on
3486-HOOGQ,70,79.7,Two year,Yes,Yes,0.01,Low Risk,✅ Monitor
5061-PBXFW,32,61.4,Month-to-month,Yes,Yes,0.05,Low Risk,💰 Offer annual plan discount
8630-FJLIB,18,69.8,Month-to-month,No,No,0.12,Low Risk,🔒 Offer OnlineSecurity add-on
3891-NLXJB,37,40.55,Two year,Yes,Yes,0.0,,✅ Monitor
4749-OJKQU,4,75.65,Month-to-month,No,No,0.26,Low Risk,🔒 Offer OnlineSecurity add-on
0577-WHMEV,16,90.7,Month-to-month,No,Yes,0.17,Low Risk,🎯 Assign dedicated support agent
5453-AXEPF,17,80.5,Month-to-month,No,No,0.16,Low Risk,🎯 Assign dedicated support agent
3639-XJHKQ,19,60.6,Month-to-month,No,Yes,0.24,Low Risk,💰 Offer annual plan discount
3716-LRGXK,60,101.15,Two year,No,No,0.0,,🎯 Assign dedicated support agent
2263-SFSQZ,51,24.95,Two year,No internet service,No internet service,0.05,Low Risk,✅ Monitor
9950-MTGYX,28,20.3,Two year,No internet service,No internet service,0.0,,✅ Monitor
3397-AVTKU,43,60.0,Two year,No,No,0.05,Low Risk,🔒 Offer OnlineSecurity add-on
4825-FUREZ,42,20.25,Two year,No internet service,No internet service,0.0,,✅ Monitor
2672-OJQZP,1,44.75,Month-to-month,No,No,0.46,Medium Risk,📧 Send re-engagement email
3134-DSHVC,63,98.0,Two year,No,Yes,0.02,Low Risk,🎯 Assign dedicated support agent
7821-DPRQE,68,107.7,Month-to-month,Yes,Yes,0.07,Low Risk,💰 Offer annual plan discount
2001-EWBQU,60,104.7,Two year,No,No,0.12,Low Risk,🎯 Assign dedicated support agent
1608-GMEWB,45,93.9,Month-to-month,No,No,0.25,Low Risk,🎯 Assign dedicated support agent
6695-AMZUF,70,86.45,Two year,Yes,Yes,0.0,,✅ Monitor
8410-BGQXN,4,19.4,Month-to-month,No internet service,No internet service,0.0,,✅ Monitor
1619-YWUBB,68,24.95,Two year,No internet service,No internet service,0.0,,✅ Monitor
7611-YKYTC,22,75.0,Month-to-month,No,Yes,0.09,Low Risk,💰 Offer annual plan discount
0365-GXEZS,18,78.2,Month-to-month,Yes,No,0.26,Low Risk,🔒 Offer OnlineSecurity add-on
0082-OQIQY,29,94.2,Month-to-month,Yes,No,0.39,Medium Risk,🔒 Offer OnlineSecurity add-on
3606-SBKRY,31,50.05,One year,No,No,0.06,Low Risk,🔒 Offer OnlineSecurity add-on
0667-NSRGI,48,69.55,One year,Yes,No,0.02,Low Risk,🔒 Offer OnlineSecurity add-on
6893-ODYYE,50,90.1,One year,Yes,Yes,0.0,,✅ Monitor
8242-JSVBO,7,44.65,Month-to-month,No,No,0.16,Low Risk,🔒 Offer OnlineSecurity add-on
9541-ZPSEA,68,80.35,Two year,No,Yes,0.01,Low Risk,🎯 Assign dedicated support agent
2665-NPTGL,26,98.1,Month-to-month,No,No,0.8,High Risk,🎯 Assign dedicated support agent
1139-WUOAH,57,53.35,Two year,Yes,No,0.08,Low Risk,🔒 Offer OnlineSecurity add-on
4693-VWVBO,3,19.55,Month-to-month,No internet service,No internet service,0.43,Medium Risk,📧 Send re-engagement email
6937-GCDGQ,19,48.95,One year,No,Yes,0.11,Low Risk,✅ Monitor
0988-JRWWP,3,54.2,Month-to-month,No,No,0.49,Medium Risk,📧 Send re-engagement email
5075-JSDKI,59,24.45,Two year,No internet service,No internet service,0.01,Low Risk,✅ Monitor
8644-XYTSV,42,40.15,Month-to-month,No,Yes,0.06,Low Risk,💰 Offer annual plan discount
3873-WOSBC,67,25.6,Two year,No internet service,No internet service,0.0,,✅ Monitor
7465-ZZRVX,1,70.35,Month-to-month,No,No,0.39,Medium Risk,📧 Send re-engagement email
7975-JMZNT,66,91.7,Two year,Yes,Yes,0.0,,✅ Monitor
7251-XFOIL,61,89.2,Month-to-month,No,No,0.19,Low Risk,🎯 Assign dedicated support agent
4116-IQRFR,4,24.1,One year,No internet service,No internet service,0.01,Low Risk,✅ Monitor
8259-DZLIZ,64,53.85,One year,No,No,0.03,Low Risk,🔒 Offer OnlineSecurity add-on
0442-ZXKVS,54,115.6,One year,Yes,Yes,0.07,Low Risk,✅ Monitor
7853-WNZSY,1,19.75,Month-to-month,No internet service,No internet service,0.15,Low Risk,📧 Send re-engagement email
3120-FAZKD,54,24.05,Two year,No internet service,No internet service,0.0,,✅ Monitor
8606-OEGQZ,18,25.3,Two year,No internet service,No internet service,0.02,Low Risk,✅ Monitor
0225-ZORZP,3,84.3,Month-to-month,No,No,0.21,Low Risk,📧 Send re-engagement email
9489-JMTTN,72,89.75,Two year,Yes,Yes,0.0,,✅ Monitor
0575-CUQOV,60,97.95,One year,No,No,0.07,Low Risk,🎯 Assign dedicated support agent
0967-BMLBD,11,20.0,One year,No internet service,No internet service,0.04,Low Risk,✅ Monitor
2830-LEWOA,61,103.9,One year,Yes,No,0.03,Low Risk,🔒 Offer OnlineSecurity add-on
5006-MXVRN,39,20.7,Two year,No internet service,No internet service,0.0,,✅ Monitor
8327-WKMIE,37,20.15,One year,No internet service,No internet service,0.0,,✅ Monitor
6917-FIJHC,72,26.0,Two year,No internet service,No internet service,0.0,,✅ Monitor
5329-KRDTM,72,77.35,Two year,Yes,No,0.04,Low Risk,🔒 Offer OnlineSecurity add-on
7797-EJMDP,8,66.05,Month-to-month,Yes,Yes,0.04,Low Risk,✅ Monitor
3530-VWVGU,22,19.9,Month-to-month,No internet service,No internet service,0.01,Low Risk,💰 Offer annual plan discount
6368-NWMCE,38,68.15,Month-to-month,Yes,No,0.03,Low Risk,🔒 Offer OnlineSecurity add-on
3633-CDBUW,17,80.85,One year,Yes,No,0.06,Low Risk,🔒 Offer OnlineSecurity add-on
0707-HOVVN,70,75.5,Two year,Yes,No,0.08,Low Risk,🔒 Offer OnlineSecurity add-on
3956-MGXOG,28,80.6,Month-to-month,No,No,0.08,Low Risk,🎯 Assign dedicated support agent
9274-UARKJ,15,83.2,Month-to-month,No,No,0.21,Low Risk,🎯 Assign dedicated support agent
4077-HWUYD,72,87.55,Two year,Yes,Yes,0.0,,✅ Monitor
0103-CSITQ,57,109.4,One year,Yes,No,0.06,Low Risk,🔒 Offer OnlineSecurity add-on
8671-KKKOS,46,45.55,Month-to-month,No,Yes,0.12,Low Risk,💰 Offer annual plan discount
7305-ZWMAJ,30,20.7,One year,No internet service,No internet service,0.02,Low Risk,✅ Monitor
9518-XXBXE,10,75.3,Month-to-month,No,Yes,0.12,Low Risk,✅ Monitor
6578-KRMAW,32,93.4,Month-to-month,No,Yes,0.13,Low Risk,🎯 Assign dedicated support agent
4860-IJUDE,13,73.75,Month-to-month,No,Yes,0.2,Low Risk,💰 Offer annual plan discount
9688-YGXVR,44,88.15,Month-to-month,No,No,0.13,Low Risk,🎯 Assign dedicated support agent
0423-UDIJQ,9,49.2,Month-to-month,Yes,No,0.14,Low Risk,🔒 Offer OnlineSecurity add-on
1945-XISKS,67,19.65,Two year,No internet service,No internet service,0.01,Low Risk,✅ Monitor
5360-LJCNJ,71,105.15,Two year,No,No,0.05,Low Risk,🎯 Assign dedicated support agent
2607-FBDFF,1,49.0,Month-to-month,Yes,No,0.19,Low Risk,📧 Send re-engagement email
1100-DDVRV,17,49.8,Month-to-month,No,No,0.4,Medium Risk,🔒 Offer OnlineSecurity add-on
6728-WYQBC,1,20.95,Month-to-month,No internet service,No internet service,0.05,Low Risk,📧 Send re-engagement email
9029-FEGVJ,32,79.3,Month-to-month,No,No,0.08,Low Risk,🔒 Offer OnlineSecurity add-on
7216-KAOID,41,19.5,One year,No internet service,No internet service,0.0,,✅ Monitor
6145-NNPNO,1,44.15,Month-to-month,No,No,0.1,Low Risk,📧 Send re-engagement email
5339-TJFEK,62,105.5,Month-to-month,No,Yes,0.08,Low Risk,🎯 Assign dedicated support agent
2074-GUHPQ,17,92.7,Month-to-month,Yes,No,0.15,Low Risk,🔒 Offer OnlineSecurity add-on
4625-XMOYM,72,26.25,Two year,No internet service,No internet service,0.0,,✅ Monitor
5827-MWCZK,56,96.95,Month-to-month,Yes,No,0.09,Low Risk,🔒 Offer OnlineSecurity add-on
1385-TQOZW,9,20.45,Month-to-month,No internet service,No internet service,0.04,Low Risk,✅ Monitor
5914-XRFQB,72,115.8,Two year,Yes,Yes,0.0,,✅ Monitor
4329-YPDDQ,20,108.2,Month-to-month,Yes,Yes,0.36,Medium Risk,💰 Offer annual plan discount
4804-NCPET,19,20.2,Two year,No internet service,No internet service,0.01,Low Risk,✅ Monitor
5944-UGLLK,53,54.9,One year,Yes,No,0.04,Low Risk,🔒 Offer OnlineSecurity add-on
7787-BNTZM,6,20.15,Month-to-month,No internet service,No internet service,0.08,Low Risk,✅ Monitor
2252-ISRNH,9,90.35,One year,No,No,0.17,Low Risk,🎯 Assign dedicated support agent
9415-TPKRV,8,55.75,Month-to-month,No,No,0.13,Low Risk,🔒 Offer OnlineSecurity add-on
5322-TEUJK,71,114.6,Two year,Yes,Yes,0.01,Low Risk,✅ Monitor
1866-DIOQZ,71,66.8,One year,Yes,Yes,0.0,,✅ Monitor
8375-KVTHK,68,100.3,One year,Yes,No,0.12,Low Risk,🔒 Offer OnlineSecurity add-on
2697-NQBPF,34,105.35,Month-to-month,Yes,No,0.11,Low Risk,🔒 Offer OnlineSecurity add-on
3709-OIJEA,26,85.2,One year,Yes,No,0.09,Low Risk,🔒 Offer OnlineSecurity add-on
1386-ZIKUV,7,18.95,Month-to-month,No internet service,No internet service,0.04,Low Risk,✅ Monitor
0599-XNYDO,20,69.8,Month-to-month,No,No,0.63,High Risk,🔒 Offer OnlineSecurity add-on
6377-WHAOX,60,106.15,Month-to-month,No,No,0.39,Medium Risk,🎯 Assign dedicated support agent
6855-VLGOS,72,20.55,Two year,No internet service,No internet service,0.01,Low Risk,✅ Monitor
8999-XXGNS,72,105.75,One year,No,No,0.06,Low Risk,🎯 Assign dedicated support agent
8746-OQQRW,4,25.25,Month-to-month,No internet service,No internet service,0.04,Low Risk,✅ Monitor
3181-MIZBN,16,19.75,Month-to-month,No internet service,No internet service,0.17,Low Risk,💰 Offer annual plan discount
0471-ARVMX,62,104.85,One year,No,Yes,0.22,Low Risk,🎯 Assign dedicated support agent
7766-CLTIC,10,60.95,Month-to-month,Yes,No,0.1,Low Risk,🔒 Offer OnlineSecurity add-on
5650-YLIBA,31,81.15,Month-to-month,No,No,0.3,Low Risk,🎯 Assign dedicated support agent
0825-CPPQH,71,19.1,Two year,No internet service,No internet service,0.0,,✅ Monitor
9084-OAYKL,58,20.8,Two year,No internet service,No internet service,0.0,,✅ Monitor
6122-LJADA,70,90.15,Two year,Yes,Yes,0.0,,✅ Monitor
2400-XIWIO,71,90.1,Two year,Yes,Yes,0.0,,✅ Monitor
7524-VRLPL,69,74.1,Two year,Yes,Yes,0.02,Low Risk,✅ Monitor
7569-NMZYQ,72,118.75,Two year,Yes,Yes,0.03,Low Risk,✅ Monitor
5201-USSQZ,26,85.9,Month-to-month,Yes,No,0.06,Low Risk,🔒 Offer OnlineSecurity add-on
2105-PHWON,33,95.0,Month-to-month,Yes,No,0.13,Low Risk,🔒 Offer OnlineSecurity add-on
1494-EJZDW,10,20.15,Two year,No internet service,No internet service,0.01,Low Risk,✅ Monitor
4884-TVUQF,57,101.3,Two year,Yes,Yes,0.03,Low Risk,✅ Monitor
8003-EWNDZ,10,21.2,Month-to-month,No internet service,No internet service,0.03,Low Risk,✅ Monitor
1897-RCFUM,39,24.2,One year,No internet service,No internet service,0.0,,✅ Monitor
9256-JTBNZ,11,20.3,Month-to-month,No internet service,No internet service,0.22,Low Risk,✅ Monitor
2211-RMNHO,68,85.3,Two year,Yes,No,0.0,,🔒 Offer OnlineSecurity add-on
2432-TFSMK,18,89.6,One year,No,No,0.13,Low Risk,🎯 Assign dedicated support agent
4929-ROART,18,56.25,Month-to-month,No,Yes,0.08,Low Risk,💰 Offer annual plan discount
1834-ABKHQ,52,50.95,One year,No,No,0.01,Low Risk,🔒 Offer OnlineSecurity add-on
1741-WTPON,56,115.85,Two year,Yes,Yes,0.07,Low Risk,✅ Monitor
3932-IJWDZ,45,103.65,Month-to-month,Yes,No,0.21,Low Risk,🔒 Offer OnlineSecurity add-on
1240-HCBOH,67,26.1,Two year,No internet service,No internet service,0.0,,✅ Monitor
3594-KADLU,3,35.1,Month-to-month,Yes,Yes,0.35,Medium Risk,📧 Send re-engagement email
8065-BVEPF,65,99.1,Month-to-month,No,No,0.08,Low Risk,🎯 Assign dedicated support agent
3796-ENZGF,63,67.25,Two year,Yes,No,0.01,Low Risk,🔒 Offer OnlineSecurity add-on
1734-ZMNTZ,11,25.0,Two year,No internet service,No internet service,0.0,,✅ Monitor
2853-CWQFQ,1,59.55,Month-to-month,Yes,No,0.18,Low Risk,📧 Send re-engagement email
0813-TAXXS,55,77.8,Two year,No,No,0.02,Low Risk,🔒 Offer OnlineSecurity add-on
2519-TWKFS,25,55.1,One year,Yes,No,0.06,Low Risk,🔒 Offer OnlineSecurity add-on
0626-QXNGV,72,24.15,Two year,No internet service,No internet service,0.0,,✅ Monitor
6723-CEGQI,65,45.25,Two year,Yes,No,0.0,,🔒 Offer OnlineSecurity add-on
4732-RRJZC,7,20.25,Month-to-month,No internet service,No internet service,0.01,Low Risk,✅ Monitor
9499-XPZXM,72,64.75,Two year,Yes,Yes,0.01,Low Risk,✅ Monitor
4338-EYCER,21,54.6,Month-to-month,No,No,0.09,Low Risk,🔒 Offer OnlineSecurity add-on
3007-FDPEA,2,20.7,Month-to-month,No internet service,No internet service,0.05,Low Risk,📧 Send re-engagement email
6350-XFYGW,4,94.75,Month-to-month,No,No,0.28,Low Risk,🎯 Assign dedicated support agent
8513-OLYGY,72,115.8,Two year,Yes,Yes,0.01,Low Risk,✅ Monitor
0311-QYWSS,6,49.45,Month-to-month,No,Yes,0.18,Low Risk,✅ Monitor
8705-DWKTI,52,83.8,Month-to-month,No,No,0.08,Low Risk,🎯 Assign dedicated support agent
8755-IWJHN,69,95.35,Month-to-month,No,No,0.09,Low Risk,🎯 Assign dedicated support agent
4480-QQRHC,8,74.05,Month-to-month,No,No,0.18,Low Risk,🔒 Offer OnlineSecurity add-on
0929-PECLO,63,89.6,Month-to-month,No,No,0.16,Low Risk,🎯 Assign dedicated support agent
3680-CTHUH,60,116.6,One year,Yes,Yes,0.13,Low Risk,✅ Monitor
1202-KKGFU,12,54.2,Month-to-month,Yes,Yes,0.06,Low Risk,✅ Monitor
6112-KTHFQ,13,19.3,Month-to-month,No internet service,No internet service,0.04,Low Risk,💰 Offer annual plan discount
1852-XEMDW,22,65.05,Month-to-month,No,Yes,0.2,Low Risk,💰 Offer annual plan discount
1820-DJFPH,72,24.05,Two year,No internet service,No internet service,0.0,,✅ Monitor
9426-SXNHE,2,18.75,Month-to-month,No internet service,No internet service,0.04,Low Risk,📧 Send re-engagement email
9068-FHQHD,40,20.15,Two year,No internet service,No internet service,0.0,,✅ Monitor
1269-FOYWN,44,20.0,One year,No internet service,No internet service,0.0,,✅ Monitor
9470-YFUYI,71,71.0,One year,Yes,Yes,0.0,,✅ Monitor
7402-EYFXX,26,93.6,Month-to-month,No,No,0.24,Low Risk,🎯 Assign dedicated support agent
9895-VFOXH,1,24.4,Month-to-month,No,No,0.17,Low Risk,📧 Send re-engagement email
1230-QAJDW,3,65.25,Month-to-month,Yes,No,0.06,Low Risk,📧 Send re-engagement email
5701-ZIKJE,13,50.55,Month-to-month,Yes,No,0.07,Low Risk,🔒 Offer OnlineSecurity add-on
5032-MIYKT,1,70.7,Month-to-month,No,No,0.25,Low Risk,📧 Send re-engagement email
7396-VJUZB,4,45.25,Month-to-month,No,No,0.29,Low Risk,🔒 Offer OnlineSecurity add-on
9717-QEBGU,2,70.3,Month-to-month,No,No,0.42,Medium Risk,📧 Send re-engagement email
5172-RKOCB,72,108.95,Two year,Yes,Yes,0.0,,✅ Monitor
6509-TSGWN,37,26.45,Month-to-month,No internet service,No internet service,0.03,Low Risk,💰 Offer annual plan discount
3178-CIFOT,23,19.65,One year,No internet service,No internet service,0.0,,✅ Monitor
4530-NDRKU,42,19.05,One year,No internet service,No internet service,0.0,,✅ Monitor
5985-TBABQ,32,74.75,One year,No,Yes,0.01,Low Risk,✅ Monitor
9800-ONTFE,22,75.8,Month-to-month,No,No,0.19,Low Risk,🔒 Offer OnlineSecurity add-on
6743-HHQPF,42,25.1,Month-to-month,No,No,0.08,Low Risk,🔒 Offer OnlineSecurity add-on
8455-HIRAQ,8,44.45,Month-to-month,No,No,0.31,Medium Risk,🔒 Offer OnlineSecurity add-on
6616-AALSR,65,104.3,Two year,No,Yes,0.07,Low Risk,🎯 Assign dedicated support agent
9415-ZNBSX,70,89.0,Two year,Yes,Yes,0.0,,✅ Monitor
4018-KJYUY,22,20.15,Month-to-month,No internet service,No internet service,0.02,Low Risk,💰 Offer annual plan discount
3884-UEBXB,67,36.15,Two year,No,Yes,0.01,Low Risk,✅ Monitor
8780-RSYYU,25,19.2,Month-to-month,No internet service,No internet service,0.02,Low Risk,💰 Offer annual plan discount
5537-UXXVS,20,19.25,Month-to-month,No internet service,No internet service,0.18,Low Risk,💰 Offer annual plan discount
1791-PQHBB,2,61.2,Month-to-month,No,Yes,0.17,Low Risk,📧 Send re-engagement email
8701-DGLVH,51,20.45,Two year,No internet service,No internet service,0.01,Low Risk,✅ Monitor
8741-LQOBK,46,35.05,Month-to-month,No,Yes,0.23,Low Risk,💰 Offer annual plan discount
8082-GHXOP,13,44.0,Month-to-month,No,No,0.06,Low Risk,🔒 Offer OnlineSecurity add-on
0980-FEXWF,26,50.35,One year,No,No,0.06,Low Risk,🔒 Offer OnlineSecurity add-on
3011-WQKSZ,19,20.0,Month-to-month,No internet service,No internet service,0.37,Medium Risk,💰 Offer annual plan discount
8218-FFJDS,72,86.4,Two year,Yes,Yes,0.0,,✅ Monitor
1986-PHGZF,18,58.4,Month-to-month,No,Yes,0.12,Low Risk,💰 Offer annual plan discount
9360-OMDZZ,24,94.1,Month-to-month,No,No,0.19,Low Risk,🎯 Assign dedicated support agent
0345-XMMUG,46,108.9,Two year,Yes,No,0.1,Low Risk,🔒 Offer OnlineSecurity add-on
8024-XNAFQ,72,107.4,Two year,Yes,Yes,0.01,Low Risk,✅ Monitor
2988-GBIVW,70,90.85,Month-to-month,No,Yes,0.08,Low Risk,🎯 Assign dedicated support agent
2832-SCUCO,2,19.9,Month-to-month,No internet service,No internet service,0.06,Low Risk,📧 Send re-engagement email
7036-ZZKBD,31,66.4,Month-to-month,Yes,No,0.03,Low Risk,🔒 Offer OnlineSecurity add-on
0265-PSUAE,16,100.7,Month-to-month,No,Yes,0.5,Medium Risk,🎯 Assign dedicated support agent
0463-TXOAK,52,25.6,Two year,No internet service,No internet service,0.06,Low Risk,✅ Monitor
0594-UFTUL,13,19.85,Month-to-month,No internet service,No internet service,0.03,Low Risk,💰 Offer annual plan discount
9509-MPYOD,35,20.75,One year,No internet service,No internet service,0.0,,✅ Monitor
9128-CPXKI,59,95.8,Two year,No,No,0.32,Medium Risk,🎯 Assign dedicated support agent
0129-KPTWJ,72,94.65,Month-to-month,No,No,0.11,Low Risk,🎯 Assign dedicated support agent
5855-EIBDE,49,106.65,Two year,Yes,Yes,0.02,Low Risk,✅ Monitor
5365-LLFYV,2,45.85,Month-to-month,No,No,0.25,Low Risk,📧 Send re-engagement email
5956-YHHRX,21,104.35,Month-to-month,No,No,0.26,Low Risk,🎯 Assign dedicated support agent
6008-NAIXK,54,55.45,One year,No,No,0.13,Low Risk,🔒 Offer OnlineSecurity add-on
1928-BXYIV,1,61.15,Month-to-month,No,Yes,0.18,Low Risk,📧 Send re-engagement email
5760-FXFVO,6,78.95,Month-to-month,No,Yes,0.62,High Risk,🚨 Urgent: Retention call
0961-ZWLVI,49,109.2,One year,No,Yes,0.1,Low Risk,🎯 Assign dedicated support agent
5181-OABFK,56,61.3,Two year,No,Yes,0.02,Low Risk,✅ Monitor
4007-NHVHI,56,96.85,Month-to-month,No,Yes,0.08,Low Risk,🎯 Assign dedicated support agent
7816-VGHTO,6,40.55,Two year,Yes,No,0.13,Low Risk,🔒 Offer OnlineSecurity add-on
5871-DGTXZ,32,19.8,One year,No internet service,No internet service,0.0,,✅ Monitor
7550-WIQVA,50,108.25,One year,No,Yes,0.08,Low Risk,🎯 Assign dedicated support agent
7544-ZVIKX,58,105.05,One year,Yes,No,0.12,Low Risk,🔒 Offer OnlineSecurity add-on
0016-QLJIS,65,90.45,Two year,Yes,Yes,0.0,,✅ Monitor
7508-DQAKK,64,86.4,Two year,Yes,Yes,0.0,,✅ Monitor
5176-OLSKT,66,66.9,Two year,No,Yes,0.0,,✅ Monitor
9356-AXGMP,38,110.7,One year,Yes,Yes,0.19,Low Risk,✅ Monitor
3556-BVQGL,20,20.0,One year,No internet service,No internet service,0.0,,✅ Monitor
8979-CAMGB,64,102.1,One year,Yes,No,0.12,Low Risk,🔒 Offer OnlineSecurity add-on
7581-EBBOU,60,70.15,One year,Yes,No,0.05,Low Risk,🔒 Offer OnlineSecurity add-on
5073-RZGBK,50,80.05,One year,Yes,Yes,0.04,Low Risk,✅ Monitor
2192-CKRLV,72,49.2,Two year,No,Yes,0.03,Low Risk,✅ Monitor
3154-HMWUU,60,20.5,Two year,No internet service,No internet service,0.0,,✅ Monitor
6119-SPUDB,46,38.25,Two year,Yes,Yes,0.0,,✅ Monitor
6522-OIQSX,69,54.95,Two year,No,No,0.03,Low Risk,🔒 Offer OnlineSecurity add-on
7813-ZGGAW,31,96.6,Month-to-month,Yes,No,0.09,Low Risk,🔒 Offer OnlineSecurity add-on
8748-HFWBO,19,19.9,One year,No internet service,No internet service,0.0,,✅ Monitor
1052-QJIBV,71,19.9,Two year,No internet service,No internet service,0.0,,✅ Monitor
1319-YLZJG,12,84.6,Month-to-month,No,Yes,0.51,Medium Risk,🎯 Assign dedicated support agent
0723-FDLAY,44,85.25,One year,Yes,No,0.02,Low Risk,🔒 Offer OnlineSecurity add-on
3050-RLLXC,56,81.25,Two year,Yes,Yes,0.02,Low Risk,✅ Monitor
9298-WGMRW,72,115.5,Two year,Yes,Yes,0.0,,✅ Monitor
3088-LHEFH,11,79.0,Month-to-month,No,Yes,0.28,Low Risk,✅ Monitor
6583-KQJLK,15,94.65,Month-to-month,No,No,0.24,Low Risk,🎯 Assign dedicated support agent
8544-JNBOX,72,20.8,Two year,No internet service,No internet service,0.0,,✅ Monitor
6681-ZSEXG,56,59.5,Two year,No,No,0.05,Low Risk,🔒 Offer OnlineSecurity add-on
6139-ZZRBQ,64,20.05,Two year,No internet service,No internet service,0.0,,✅ Monitor
6116-RFVHN,34,100.45,Month-to-month,No,No,0.21,Low Risk,🎯 Assign dedicated support agent
8884-FEEWR,35,20.6,One year,No internet service,No internet service,0.0,,✅ Monitor
3125-RAHBV,22,20.3,One year,No internet service,No internet service,0.0,,✅ Monitor
0373-AIVNJ,9,39.55,One year,No,Yes,0.19,Low Risk,✅ Monitor
1682-VCOIO,23,20.45,One year,No internet service,No internet service,0.0,,✅ Monitor
2072-ZVJJX,68,25.25,Two year,No internet service,No internet service,0.0,,✅ Monitor
8849-AYPTR,33,91.25,Month-to-month,No,No,0.22,Low Risk,🎯 Assign dedicated support agent
9518-IMLHK,31,72.45,Month-to-month,Yes,Yes,0.03,Low Risk,💰 Offer annual plan discount
3646-ITDGM,56,19.7,Two year,No internet service,No internet service,0.16,Low Risk,✅ Monitor
3569-VLDHH,66,75.1,One year,Yes,Yes,0.02,Low Risk,✅ Monitor
8224-KDLKN,72,25.0,Two year,No internet service,No internet service,0.0,,✅ Monitor
7594-LZNWR,34,69.15,Month-to-month,No,No,0.11,Low Risk,🔒 Offer OnlineSecurity add-on
4001-TSBTV,58,91.55,Month-to-month,No,No,0.16,Low Risk,🎯 Assign dedicated support agent
8727-XDPUD,37,35.8,Two year,No,No,0.1,Low Risk,🔒 Offer OnlineSecurity add-on
1043-UXOVO,71,113.15,Two year,Yes,Yes,0.0,,✅ Monitor
1064-FBXNK,1,19.85,One year,No internet service,No internet service,0.04,Low Risk,✅ Monitor
3996-ZNWYK,71,19.8,Two year,No internet service,No internet service,0.0,,✅ Monitor
2878-DHMIN,35,19.9,One year,No internet service,No internet service,0.0,,✅ Monitor
7762-ONLJY,6,19.7,One year,No internet service,No internet service,0.03,Low Risk,✅ Monitor
5795-BKOYE,69,59.1,One year,Yes,No,0.0,,🔒 Offer OnlineSecurity add-on
7402-PWYJJ,53,91.15,One year,Yes,No,0.03,Low Risk,🔒 Offer OnlineSecurity add-on
0018-NYROU,5,68.95,Month-to-month,No,No,0.13,Low Risk,🔒 Offer OnlineSecurity add-on
7501-VTYLJ,2,51.55,Month-to-month,No,No,0.11,Low Risk,📧 Send re-engagement email
7608-RGIRO,62,24.4,Two year,No internet service,No internet service,0.0,,✅ Monitor
0480-BIXDE,19,96.8,Month-to-month,No,No,0.27,Low Risk,🎯 Assign dedicated support agent
5895-QSXOD,9,70.05,Month-to-month,No,No,0.08,Low Risk,🔒 Offer OnlineSecurity add-on
9814-AOUDH,53,19.5,Two year,No internet service,No internet service,0.13,Low Risk,✅ Monitor
6175-IRFIT,5,78.75,Month-to-month,No,No,0.4473464678736244,Medium Risk,🔒 Offer OnlineSecurity add-on
8760-ZRHKE,71,69.2,One year,No,Yes,0.03,Low Risk,✅ Monitor
1622-HSHSF,1,19.55,Month-to-month,No internet service,No internet service,0.27,Low Risk,📧 Send re-engagement email
6749-UTDVX,72,103.65,Two year,No,No,0.1,Low Risk,🎯 Assign dedicated support agent
5542-DHSXL,4,54.7,Month-to-month,No,Yes,0.12,Low Risk,✅ Monitor
9102-OXKFY,59,54.15,Two year,No,No,0.04,Low Risk,🔒 Offer OnlineSecurity add-on
5216-WASFJ,31,84.85,Month-to-month,No,No,0.23,Low Risk,🎯 Assign dedicated support agent
7808-DVWEP,3,20.0,Month-to-month,No internet service,No internet service,0.13,Low Risk,📧 Send re-engagement email
2284-VFLKH,49,99.25,One year,Yes,No,0.06,Low Risk,🔒 Offer OnlineSecurity add-on
0366-NQSHS,2,19.35,Month-to-month,No internet service,No internet service,0.01,Low Risk,📧 Send re-engagement email
3807-BPOMJ,55,94.75,One year,No,Yes,0.11,Low Risk,🎯 Assign dedicated support agent
3892-NXAZG,72,114.05,Two year,Yes,Yes,0.0,,✅ Monitor
4948-WBBKL,36,74.9,Month-to-month,No,No,0.17,Low Risk,🔒 Offer OnlineSecurity add-on
4182-BGSIQ,10,19.8,Month-to-month,No internet service,No internet service,0.06,Low Risk,✅ Monitor
0988-AADSA,72,80.85,Two year,Yes,Yes,0.0,,✅ Monitor
9972-NKTFD,28,54.65,Month-to-month,Yes,No,0.03,Low Risk,🔒 Offer OnlineSecurity add-on
3717-LNXKW,38,91.7,Month-to-month,No,Yes,0.08,Low Risk,🎯 Assign dedicated support agent
5734-EJKXG,61,118.6,One year,Yes,Yes,0.06,Low Risk,✅ Monitor
2207-RYYRL,52,24.55,Two year,No internet service,No internet service,0.04,Low Risk,✅ Monitor
6729-FZWSY,67,19.45,One year,No internet service,No internet service,0.0,,✅ Monitor
9695-IDRZR,34,116.15,Two year,Yes,Yes,0.04,Low Risk,✅ Monitor
8144-DGHXP,54,80.6,Two year,Yes,Yes,0.01,Low Risk,✅ Monitor
7814-LEEVE,1,20.3,Month-to-month,No internet service,No internet service,0.1573464678736244,Low Risk,📧 Send re-engagement email
8631-WUXGY,46,99.8,Month-to-month,No,No,0.07,Low Risk,🎯 Assign dedicated support agent
5906-DVAPM,55,75.0,One year,Yes,Yes,0.01,Low Risk,✅ Monitor
6654-QGBZZ,1,19.9,Month-to-month,No internet service,No internet service,0.48576674331052194,Medium Risk,📧 Send re-engagement email
8348-JLBUG,64,80.3,One year,No,Yes,0.06,Low Risk,🎯 Assign dedicated support agent
5641-DMBFJ,58,84.3,Two year,Yes,Yes,0.01,Low Risk,✅ Monitor
9200-NLNPD,56,54.05,One year,Yes,No,0.04,Low Risk,🔒 Offer OnlineSecurity add-on
2664-XJZNO,72,104.9,Two year,Yes,Yes,0.03,Low Risk,✅ Monitor
3339-EAQNV,72,97.25,One year,No,No,0.16,Low Risk,🎯 Assign dedicated support agent
0921-OHLVP,22,83.05,Month-to-month,No,No,0.15,Low Risk,🎯 Assign dedicated support agent
8350-NYMVI,39,41.1,Month-to-month,Yes,No,0.04,Low Risk,🔒 Offer OnlineSecurity add-on
1600-DILPE,12,45.0,Month-to-month,No,No,0.21,Low Risk,🔒 Offer OnlineSecurity add-on
0536-ESJEP,54,74.55,Two year,No,Yes,0.01,Low Risk,✅ Monitor
4654-GGUII,18,40.2,One year,Yes,Yes,0.02,Low Risk,✅ Monitor
6478-HRRCZ,32,70.5,One year,Yes,Yes,0.03,Low Risk,✅ Monitor
8510-BBWMU,41,19.75,One year,No internet service,No internet service,0.0,,✅ Monitor
6857-TKDJV,67,24.65,Two year,No internet service,No internet service,0.0,,✅ Monitor
2360-RDGRO,65,104.25,Month-to-month,No,Yes,0.12,Low Risk,🎯 Assign dedicated support agent
0584-BJQGZ,25,78.35,Month-to-month,Yes,Yes,0.0,,💰 Offer annual plan discount
1360-XFJMR,67,109.7,One year,Yes,No,0.14,Low Risk,🔒 Offer OnlineSecurity add-on
5730-RIITO,43,33.45,Month-to-month,No,Yes,0.16,Low Risk,💰 Offer annual plan discount
9058-MJLZC,24,94.6,Month-to-month,No,Yes,0.26,Low Risk,🎯 Assign dedicated support agent
0902-XKXPN,69,20.2,Two year,No internet service,No internet service,0.0,,✅ Monitor
5177-RVZNU,37,20.3,One year,No internet service,No internet service,0.01,Low Risk,✅ Monitor
0056-EPFBG,20,39.4,Two year,Yes,Yes,0.03,Low Risk,✅ Monitor
8993-IZEUX,7,69.15,Month-to-month,No,No,0.06,Low Risk,🔒 Offer OnlineSecurity add-on
8190-ZTQFB,41,51.35,One year,No,No,0.23,Low Risk,🔒 Offer OnlineSecurity add-on
0931-MHTEM,54,100.05,One year,No,Yes,0.09,Low Risk,🎯 Assign dedicated support agent
7515-LODFU,69,20.3,Two year,No internet service,No internet service,0.0,,✅ Monitor
0440-UEDAI,53,94.45,One year,Yes,No,0.12,Low Risk,🔒 Offer OnlineSecurity add-on
1337-BOZWO,18,46.4,One year,No,No,0.05,Low Risk,🔒 Offer OnlineSecurity add-on
0868-VJRDR,64,104.05,Two year,Yes,Yes,0.07,Low Risk,✅ Monitor
6344-SFJVH,20,24.9,Month-to-month,No,No,0.07,Low Risk,🔒 Offer OnlineSecurity add-on
3950-VPYJB,57,59.6,One year,Yes,Yes,0.02,Low Risk,✅ Monitor
8041-TMEID,63,108.5,Two year,No,Yes,0.08,Low Risk,🎯 Assign dedicated support agent
7321-ZNSLA,13,40.55,Two year,Yes,Yes,0.0,,✅ Monitor
6941-KXRRV,48,58.95,One year,No,No,0.04,Low Risk,🔒 Offer OnlineSecurity add-on
8727-JQFHV,57,20.75,Two year,No internet service,No internet service,0.0,,✅ Monitor
9475-NNDGC,71,113.15,One year,Yes,No,0.05,Low Risk,🔒 Offer OnlineSecurity add-on
1355-KUSBG,7,48.8,Month-to-month,No,No,0.2,Low Risk,🔒 Offer OnlineSecurity add-on
3688-FTHLT,16,63.05,Month-to-month,No,No,0.26,Low Risk,🔒 Offer OnlineSecurity add-on
0899-LIIBW,34,100.85,Month-to-month,No,No,0.41,Medium Risk,🎯 Assign dedicated support agent
1384-RCUXW,16,80.55,Month-to-month,No,No,0.27,Low Risk,🎯 Assign dedicated support agent
5825-XJOCM,48,64.4,One year,No,Yes,0.03,Low Risk,✅ Monitor
6848-YLDFR,58,75.2,One year,Yes,No,0.07,Low Risk,🔒 Offer OnlineSecurity add-on
8125-QPFJD,72,84.9,Two year,Yes,Yes,0.0,,✅ Monitor
2320-YKQBO,7,19.3,Month-to-month,No internet service,No internet service,0.02,Low Risk,✅ Monitor
4973-RLZVI,30,74.65,One year,Yes,Yes,0.22,Low Risk,✅ Monitor
7869-ZYDST,31,59.05,Month-to-month,No,No,0.04,Low Risk,🔒 Offer OnlineSecurity add-on
4501-UYKBC,46,69.1,One year,Yes,No,0.13,Low Risk,🔒 Offer OnlineSecurity add-on
1215-EXRMO,50,20.55,Two year,No internet service,No internet service,0.0,,✅ Monitor
2305-MRGLV,28,76.55,Month-to-month,Yes,No,0.05,Low Risk,🔒 Offer OnlineSecurity add-on
8404-VIOMB,66,62.5,Two year,Yes,Yes,0.0,,✅ Monitor
2359-KLTEK,41,94.9,Month-to-month,No,No,0.1,Low Risk,🎯 Assign dedicated support agent
5304-EFJLP,72,111.65,Two year,Yes,No,0.02,Low Risk,🔒 Offer OnlineSecurity add-on
2673-ZALNP,7,19.9,One year,No internet service,No internet service,0.01,Low Risk,✅ Monitor
9184-GALIL,38,20.45,Month-to-month,No internet service,No internet service,0.0,,💰 Offer annual plan discount
4393-RYCRE,44,106.05,One year,No,Yes,0.08,Low Risk,🎯 Assign dedicated support agent
9746-MDMBK,47,113.45,One year,Yes,Yes,0.06,Low Risk,✅ Monitor
3162-ZJZFU,53,92.55,Month-to-month,Yes,No,0.08,Low Risk,🔒 Offer OnlineSecurity add-on
8404-GFGCZ,4,65.6,Month-to-month,No,No,0.18,Low Risk,🔒 Offer OnlineSecurity add-on
8875-AKBYH,20,84.35,Month-to-month,No,No,0.34,Medium Risk,🎯 Assign dedicated support agent
0533-UCAAU,57,71.1,One year,No,No,0.03,Low Risk,🔒 Offer OnlineSecurity add-on
1394-SUIUH,44,85.15,Month-to-month,Yes,Yes,0.06,Low Risk,💰 Offer annual plan discount
3521-MNKLV,24,49.7,Month-to-month,No,No,0.09,Low Risk,🔒 Offer OnlineSecurity add-on
2533-TIBIX,15,30.2,Month-to-month,No,Yes,0.08,Low Risk,💰 Offer annual plan discount
5092-STPKP,24,56.35,Month-to-month,Yes,Yes,0.02,Low Risk,💰 Offer annual plan discount
0114-PEGZZ,33,107.55,Month-to-month,No,No,0.23,Low Risk,🎯 Assign dedicated support agent
3359-DSRKA,58,19.85,Two year,No internet service,No internet service,0.0,,✅ Monitor
8639-NHQEI,72,95.9,Two year,No,Yes,0.0,,🎯 Assign dedicated support agent
7161-DFHUF,71,23.85,Two year,No internet service,No internet service,0.0,,✅ Monitor
3720-DBRWL,51,83.85,Two year,Yes,Yes,0.0,,✅ Monitor
8565-WUXZU,72,84.8,Two year,Yes,Yes,0.0,,✅ Monitor
4994-OBRSZ,14,76.1,Two year,Yes,Yes,0.03,Low Risk,✅ Monitor
0562-FGDCR,72,74.55,Two year,Yes,Yes,0.0,,✅ Monitor
2436-QBZFP,22,39.2,Month-to-month,No,No,0.08,Low Risk,🔒 Offer OnlineSecurity add-on
3420-YJLQT,2,79.55,Month-to-month,No,No,0.28,Low Risk,📧 Send re-engagement email
6040-CGACY,15,19.6,Month-to-month,No internet service,No internet service,0.03,Low Risk,💰 Offer annual plan discount
6582-PLFUU,51,19.55,Two year,No internet service,No internet service,0.0,,✅ Monitor
8242-PDSGJ,70,39.15,Two year,Yes,Yes,0.01,Low Risk,✅ Monitor
0264-CNITK,71,20.1,Two year,No internet service,No internet service,0.0,,✅ Monitor
0089-IIQKO,39,99.95,Month-to-month,Yes,No,0.18,Low Risk,🔒 Offer OnlineSecurity add-on
7839-NUIAA,61,59.8,Month-to-month,No,Yes,0.06,Low Risk,💰 Offer annual plan discount
6075-QMNRR,52,49.75,Month-to-month,No,Yes,0.09,Low Risk,💰 Offer annual plan discount
5966-EMAZU,64,108.5,One year,Yes,Yes,0.16,Low Risk,✅ Monitor
0440-EKDCF,62,60.15,Two year,Yes,No,0.0,,🔒 Offer OnlineSecurity add-on
4774-HHGGS,30,19.05,Two year,No internet service,No internet service,0.0,,✅ Monitor
2055-BFOCC,63,84.0,One year,Yes,Yes,0.0,,✅ Monitor
8180-AKMJV,1,44.55,Month-to-month,No,No,0.18,Low Risk,📧 Send re-engagement email
4298-OYIFC,15,103.45,Month-to-month,Yes,No,0.27,Low Risk,🔒 Offer OnlineSecurity add-on
5566-SOEZD,27,80.65,One year,No,Yes,0.03,Low Risk,🎯 Assign dedicated support agent
9842-EFSYY,4,57.2,Month-to-month,No,Yes,0.3,Low Risk,✅ Monitor
2272-WUSPA,72,110.75,Two year,No,Yes,0.01,Low Risk,🎯 Assign dedicated support agent
4584-LBNMK,45,24.7,One year,No internet service,No internet service,0.02,Low Risk,✅ Monitor
3898-GUYTS,45,97.05,Month-to-month,Yes,Yes,0.13,Low Risk,💰 Offer annual plan discount
0930-EHUZA,36,76.35,One year,Yes,Yes,0.06,Low Risk,✅ Monitor
9975-SKRNR,1,18.9,Month-to-month,No internet service,No internet service,0.07,Low Risk,📧 Send re-engagement email
3703-KBKZP,16,74.45,Month-to-month,No,No,0.2,Low Risk,🔒 Offer OnlineSecurity add-on
4973-MGTON,71,84.4,Two year,Yes,Yes,0.0,,✅ Monitor
3682-YEUWS,10,24.4,Month-to-month,No internet service,No internet service,0.02,Low Risk,✅ Monitor
1223-UNPKS,20,20.05,Two year,No internet service,No internet service,0.0,,✅ Monitor
3446-QDSZF,4,55.5,Month-to-month,No,No,0.14,Low Risk,🔒 Offer OnlineSecurity add-on
5117-IFGPS,29,84.3,Month-to-month,No,No,0.27,Low Risk,🎯 Assign dedicated support agent
7379-FNIUJ,2,100.2,Month-to-month,No,Yes,0.15,Low Risk,📧 Send re-engagement email
1627-AFWVJ,29,19.4,Two year,No internet service,No internet service,0.0,,✅ Monitor
4486-EFAEB,13,20.4,Month-to-month,No internet service,No internet service,0.0,,💰 Offer annual plan discount
0060-FUALY,59,94.75,Month-to-month,No,Yes,0.02,Low Risk,🎯 Assign dedicated support agent
6954-OOYZZ,18,44.35,Month-to-month,No,No,0.15,Low Risk,🔒 Offer OnlineSecurity add-on
7088-FBAWU,17,74.55,Month-to-month,No,Yes,0.04,Low Risk,💰 Offer annual plan discount
8313-AFGBW,47,73.6,Two year,No,No,0.04,Low Risk,🔒 Offer OnlineSecurity add-on
3097-IDVPU,19,50.1,Month-to-month,No,No,0.04,Low Risk,🔒 Offer OnlineSecurity add-on
2197-OMWGI,68,53.0,Two year,No,No,0.09,Low Risk,🔒 Offer OnlineSecurity add-on
2303-PJYHN,2,19.85,Month-to-month,No internet service,No internet service,0.09,Low Risk,📧 Send re-engagement email
9795-VOWON,7,24.35,One year,No,No,0.12,Low Risk,🔒 Offer OnlineSecurity add-on
1237-WIYYZ,18,19.55,Month-to-month,No internet service,No internet service,0.05,Low Risk,💰 Offer annual plan discount
1987-AUELQ,71,25.05,Two year,No internet service,No internet service,0.0,,✅ Monitor
7852-LECYP,13,93.8,Month-to-month,No,Yes,0.24,Low Risk,🎯 Assign dedicated support agent
4822-LPTYJ,72,103.75,Two year,No,No,0.1,Low Risk,🎯 Assign dedicated support agent
8165-CBKXO,66,56.75,Two year,No,No,0.02,Low Risk,🔒 Offer OnlineSecurity add-on
6527-PZFPV,24,20.8,One year,No internet service,No internet service,0.02,Low Risk,✅ Monitor
9593-CVZKR,56,24.45,Two year,No internet service,No internet service,0.02,Low Risk,✅ Monitor
8595-SIZNC,22,25.6,One year,No internet service,No internet service,0.01,Low Risk,✅ Monitor
5236-XMZJY,42,59.65,Month-to-month,No,Yes,0.2,Low Risk,💰 Offer annual plan discount
4827-DPADN,72,83.3,Two year,Yes,Yes,0.0,,✅ Monitor
2694-CIUMO,12,79.55,Month-to-month,Yes,No,0.45,Medium Risk,🔒 Offer OnlineSecurity add-on
5846-ABOBJ,71,24.45,Two year,No internet service,No internet service,0.0,,✅ Monitor
1439-LCGVL,26,19.2,One year,No internet service,No internet service,0.0,,✅ Monitor
0909-SDHNU,7,29.8,Month-to-month,No,Yes,0.07,Low Risk,✅ Monitor
4647-XXZAM,6,45.5,Month-to-month,No,No,0.03,Low Risk,🔒 Offer OnlineSecurity add-on
7740-KKCXF,51,30.05,Month-to-month,No,No,0.08,Low Risk,🔒 Offer OnlineSecurity add-on
5360-XGYAZ,72,65.65,Two year,Yes,Yes,0.0,,✅ Monitor
3557-HTYWR,47,74.05,Two year,Yes,Yes,0.01,Low Risk,✅ Monitor
8920-NAVAY,62,110.75,One year,Yes,No,0.13,Low Risk,🔒 Offer OnlineSecurity add-on
1699-TLDLZ,16,19.7,Two year,No internet service,No internet service,0.0,,✅ Monitor
5600-PDUJF,6,49.5,Month-to-month,Yes,No,0.44,Medium Risk,🔒 Offer OnlineSecurity add-on
0567-XRHCU,69,43.95,Two year,No,Yes,0.02,Low Risk,✅ Monitor
2067-QYTCF,64,111.15,Month-to-month,Yes,No,0.1,Low Risk,🔒 Offer OnlineSecurity add-on
7407-SUJIZ,25,20.6,Month-to-month,No internet service,No internet service,0.0,,💰 Offer annual plan discount
9150-KPBJQ,6,19.65,Two year,No internet service,No internet service,0.01,Low Risk,✅ Monitor
0052-DCKON,66,115.8,One year,Yes,Yes,0.1,Low Risk,✅ Monitor
3654-ARMGP,61,88.65,Two year,Yes,No,0.0,,🔒 Offer OnlineSecurity add-on
9699-UBQFS,43,94.5,Month-to-month,No,Yes,0.16,Low Risk,🎯 Assign dedicated support agent
9367-TCUYN,12,20.1,Month-to-month,No internet service,No internet service,0.08,Low Risk,✅ Monitor
1261-FWTTE,23,34.65,Month-to-month,No,No,0.44,Medium Risk,🔒 Offer OnlineSecurity add-on
3528-HFRIQ,71,52.3,Month-to-month,No,No,0.09,Low Risk,🔒 Offer OnlineSecurity add-on
0708-SJDIS,34,65.0,Month-to-month,Yes,No,0.08,Low Risk,🔒 Offer OnlineSecurity add-on
2073-QBVBI,41,35.45,One year,Yes,No,0.15,Low Risk,🔒 Offer OnlineSecurity add-on
6928-ONTRW,72,19.7,Two year,No internet service,No internet service,0.0,,✅ Monitor
3320-VEOYC,14,95.6,Month-to-month,No,No,0.85,High Risk,🎯 Assign dedicated support agent
5231-FIQPA,41,19.85,Two year,No internet service,No internet service,0.0,,✅ Monitor
6617-WLBQC,23,81.85,One year,No,Yes,0.01,Low Risk,🎯 Assign dedicated support agent
2599-CIPQE,71,109.3,Two year,Yes,Yes,0.03,Low Risk,✅ Monitor
8774-GSBUN,72,25.4,Two year,No internet service,No internet service,0.0,,✅ Monitor
7326-RIGQZ,6,69.8,Month-to-month,No,No,0.15,Low Risk,🔒 Offer OnlineSecurity add-on
1401-FTHFQ,23,20.0,One year,No internet service,No internet service,0.01,Low Risk,✅ Monitor
0254-FNMCI,72,109.9,Two year,Yes,Yes,0.02,Low Risk,✅ Monitor
1848-LBZHY,7,50.3,Month-to-month,No,Yes,0.3,Low Risk,✅ Monitor
8118-TJAFG,9,101.5,Month-to-month,Yes,No,0.32,Medium Risk,🔒 Offer OnlineSecurity add-on
5429-LWCMV,12,89.15,Month-to-month,No,No,0.16,Low Risk,🎯 Assign dedicated support agent
7298-IZWLY,1,19.4,Month-to-month,No internet service,No internet service,0.17734646787362443,Low Risk,📧 Send re-engagement email
9758-MFWGD,48,29.9,One year,No,No,0.25,Low Risk,🔒 Offer OnlineSecurity add-on
3955-JBZZM,20,78.8,Month-to-month,No,No,0.07,Low Risk,🔒 Offer OnlineSecurity add-on
4815-TUMEQ,10,19.3,One year,No internet service,No internet service,0.0,,✅ Monitor
9909-IDLEK,20,96.8,Month-to-month,Yes,No,0.13,Low Risk,🔒 Offer OnlineSecurity add-on
4092-OFQZS,20,20.65,One year,No internet service,No internet service,0.0,,✅ Monitor
1561-BWHIN,19,19.8,One year,No internet service,No internet service,0.0,,✅ Monitor
9927-DSWDF,22,104.6,Month-to-month,Yes,Yes,0.46,Medium Risk,💰 Offer annual plan discount
9500-LTVBP,35,80.05,Month-to-month,Yes,No,0.24,Low Risk,🔒 Offer OnlineSecurity add-on
7252-NTGSS,1,45.15,Month-to-month,No,No,0.2,Low Risk,📧 Send re-engagement email
8149-AIQCG,39,73.15,Month-to-month,No,No,0.16,Low Risk,🔒 Offer OnlineSecurity add-on
1360-JYXKQ,54,99.1,One year,Yes,No,0.17,Low Risk,🔒 Offer OnlineSecurity add-on
0899-WZRSD,56,105.35,Month-to-month,Yes,Yes,0.05,Low Risk,💰 Offer annual plan discount
3255-GRXMG,18,45.65,Month-to-month,No,No,0.09,Low Risk,🔒 Offer OnlineSecurity add-on
4828-FAZPK,16,79.95,Month-to-month,No,No,0.16,Low Risk,🔒 Offer OnlineSecurity add-on
6094-ZIVKX,68,54.45,One year,No,Yes,0.02,Low Risk,✅ Monitor
6925-BAYGL,53,25.1,Two year,No internet service,No internet service,0.02,Low Risk,✅ Monitor
3262-EIDHV,72,84.7,Two year,Yes,Yes,0.0,,✅ Monitor
7354-OIJLX,9,75.85,Month-to-month,No,No,0.28,Low Risk,🔒 Offer OnlineSecurity add-on
1376-HHBDV,30,48.8,Month-to-month,No,Yes,0.04,Low Risk,💰 Offer annual plan discount
6133-OZILE,18,35.2,Month-to-month,Yes,No,0.14,Low Risk,🔒 Offer OnlineSecurity add-on
4135-FRWKJ,55,76.25,One year,Yes,Yes,0.07,Low Risk,✅ Monitor
6551-ZCOTS,33,24.9,One year,No internet service,No internet service,0.03,Low Risk,✅ Monitor
7191-ADRGF,44,54.3,Two year,No,No,0.26,Low Risk,🔒 Offer OnlineSecurity add-on
5018-LXQQG,30,66.3,Month-to-month,Yes,Yes,0.09,Low Risk,💰 Offer annual plan discount
6892-BOGQE,71,20.9,Two year,No internet service,No internet service,0.0,,✅ Monitor
1746-TGTWV,1,75.35,Month-to-month,No,No,0.22,Low Risk,📧 Send re-engagement email
5995-SNNEW,23,104.45,Month-to-month,No,No,0.27,Low Risk,🎯 Assign dedicated support agent
8050-WYBND,22,49.45,One year,No,No,0.12,Low Risk,🔒 Offer OnlineSecurity add-on
2821-WARNZ,49,19.45,One year,No internet service,No internet service,0.01,Low Risk,✅ Monitor
4879-GZLFH,42,92.15,Month-to-month,No,No,0.18,Low Risk,🎯 Assign dedicated support agent
8314-HTWVE,7,19.85,Two year,No internet service,No internet service,0.04,Low Risk,✅ Monitor
9402-ROUMJ,67,100.25,One year,Yes,Yes,0.22,Low Risk,✅ Monitor
2507-QZPQS,15,95.7,Month-to-month,Yes,No,0.15,Low Risk,🔒 Offer OnlineSecurity add-on
7159-NOKYQ,67,93.15,Two year,No,No,0.06,Low Risk,🎯 Assign dedicated support agent
5707-ZMDJP,53,69.7,Two year,Yes,Yes,0.04,Low Risk,✅ Monitor
8779-YIQQA,21,19.8,One year,No internet service,No internet service,0.0,,✅ Monitor
7136-IHZJA,40,71.35,Month-to-month,Yes,Yes,0.03,Low Risk,💰 Offer annual plan discount
8966-OIQHG,22,20.75,One year,No internet service,No internet service,0.02,Low Risk,✅ Monitor
7074-STDCN,39,40.6,Month-to-month,Yes,No,0.03,Low Risk,🔒 Offer OnlineSecurity add-on
8739-QOTTN,2,20.35,Month-to-month,No internet service,No internet service,0.06,Low Risk,📧 Send re-engagement email
1399-OUPJN,57,19.75,Two year,No internet service,No internet service,0.03,Low Risk,✅ Monitor
0277-BKSQP,8,54.4,Month-to-month,No,No,0.13,Low Risk,🔒 Offer OnlineSecurity add-on
5774-XZTQC,7,20.45,Month-to-month,No internet service,No internet service,0.03,Low Risk,✅ Monitor
2676-SSLTO,49,66.15,Two year,Yes,No,0.01,Low Risk,🔒 Offer OnlineSecurity add-on
6266-QHOJZ,65,89.85,One year,Yes,Yes,0.02,Low Risk,✅ Monitor
7269-JISCY,55,45.05,One year,No,No,0.03,Low Risk,🔒 Offer OnlineSecurity add-on
0363-SVHYR,71,86.85,Two year,Yes,Yes,0.0,,✅ Monitor
8547-NSBBO,35,96.75,Month-to-month,Yes,Yes,0.08,Low Risk,💰 Offer annual plan discount
6591-QGOYB,17,106.65,Month-to-month,Yes,Yes,0.14,Low Risk,💰 Offer annual plan discount
9070-BCKQP,72,110.15,Two year,Yes,Yes,0.04,Low Risk,✅ Monitor
6421-SZVEM,28,82.85,One year,No,Yes,0.12,Low Risk,🎯 Assign dedicated support agent
1328-EUZHC,18,20.1,Two year,No internet service,No internet service,0.0,,✅ Monitor
8878-RYUKI,52,59.45,Month-to-month,No,No,0.05,Low Risk,🔒 Offer OnlineSecurity add-on
9633-DENPU,47,58.6,Month-to-month,No,No,0.2,Low Risk,🔒 Offer OnlineSecurity add-on
7811-JIVPF,23,49.7,Month-to-month,No,No,0.09,Low Risk,🔒 Offer OnlineSecurity add-on
7113-HIPFI,66,65.85,Two year,Yes,Yes,0.0,,✅ Monitor
8541-QVFKM,8,73.5,Month-to-month,No,No,0.61,High Risk,🔒 Offer OnlineSecurity add-on
9258-CNWAC,71,113.65,Two year,Yes,Yes,0.0,,✅ Monitor
5371-VYLSX,50,83.4,Month-to-month,No,Yes,0.11,Low Risk,🎯 Assign dedicated support agent
6374-AFWOX,46,65.65,Two year,Yes,Yes,0.02,Low Risk,✅ Monitor
5317-FLPJF,66,61.35,Two year,Yes,Yes,0.0,,✅ Monitor
7621-VPNET,42,85.9,Month-to-month,Yes,No,0.18,Low Risk,🔒 Offer OnlineSecurity add-on
6034-YMTOB,5,75.65,Month-to-month,Yes,No,0.43,Medium Risk,🔒 Offer OnlineSecurity add-on
4903-CNOZC,29,70.9,One year,No,No,0.01,Low Risk,🔒 Offer OnlineSecurity add-on
4353-HYOJD,27,49.85,Month-to-month,No,No,0.07,Low Risk,🔒 Offer OnlineSecurity add-on
7267-FRMJW,25,20.1,Two year,No internet service,No internet service,0.0,,✅ Monitor
4188-FRABG,57,103.05,Month-to-month,Yes,Yes,0.19,Low Risk,💰 Offer annual plan discount
4128-ETESU,47,99.7,Month-to-month,No,No,0.15,Low Risk,🎯 Assign dedicated support agent
0620-DLSLK,13,81.9,Month-to-month,No,No,0.2,Low Risk,🎯 Assign dedicated support agent
3850-OKINF,71,66.2,One year,No,Yes,0.02,Low Risk,✅ Monitor
1156-ZFYDO,1,19.75,Month-to-month,No internet service,No internet service,0.1506161401532969,Low Risk,📧 Send re-engagement email
3295-YVUSR,2,72.6,Month-to-month,No,No,0.23,Low Risk,📧 Send re-engagement email
8016-NCFVO,55,116.5,Month-to-month,Yes,Yes,0.05,Low Risk,💰 Offer annual plan discount
4119-ZYPZY,71,106.8,Two year,Yes,No,0.04,Low Risk,🔒 Offer OnlineSecurity add-on
5549-ZGHFB,50,24.95,Two year,No internet service,No internet service,0.0,,✅ Monitor
7577-SWIFR,1,89.25,Month-to-month,No,No,0.29,Low Risk,📧 Send re-engagement email
0303-WMMRN,5,19.25,Month-to-month,No internet service,No internet service,0.02,Low Risk,✅ Monitor
6408-OTUBZ,66,104.55,One year,Yes,Yes,0.01,Low Risk,✅ Monitor
5204-HMGYF,49,87.2,One year,Yes,Yes,0.05,Low Risk,✅ Monitor
1078-TDCRN,3,30.75,Month-to-month,No,No,0.24,Low Risk,📧 Send re-engagement email
3727-OVPRY,66,25.7,One year,No internet service,No internet service,0.0,,✅ Monitor
3797-FKOGQ,11,86.2,Month-to-month,No,No,0.13,Low Risk,🎯 Assign dedicated support agent
7622-NXQZR,28,30.1,Month-to-month,Yes,No,0.06,Low Risk,🔒 Offer OnlineSecurity add-on
6196-HBOBZ,65,99.35,Two year,No,Yes,0.03,Low Risk,🎯 Assign dedicated support agent
3970-XGJDU,62,19.2,Two year,No internet service,No internet service,0.03,Low Risk,✅ Monitor
7017-VFULY,2,20.1,Month-to-month,No internet service,No internet service,0.14,Low Risk,📧 Send re-engagement email
5562-YJQGT,2,20.35,Month-to-month,No internet service,No internet service,0.01,Low Risk,📧 Send re-engagement email
8807-OPMBM,55,25.65,Two year,No internet service,No internet service,0.01,Low Risk,✅ Monitor
5439-WIKXB,41,94.55,Month-to-month,No,No,0.14,Low Risk,🎯 Assign dedicated support agent
8294-UIMBA,30,94.4,One year,Yes,No,0.07,Low Risk,🔒 Offer OnlineSecurity add-on
8109-YUOHE,17,56.1,One year,No,Yes,0.01,Low Risk,✅ Monitor
5840-NVDCG,16,68.25,Two year,Yes,Yes,0.02,Low Risk,✅ Monitor
8092-NLTGF,72,24.75,Two year,No internet service,No internet service,0.0,,✅ Monitor
5928-QLDHB,9,76.25,Month-to-month,No,No,0.18,Low Risk,🔒 Offer OnlineSecurity add-on
9840-EFJQB,1,74.35,Month-to-month,No,No,0.29,Low Risk,📧 Send re-engagement email
0696-UKTOX,23,54.15,Month-to-month,Yes,No,0.05,Low Risk,🔒 Offer OnlineSecurity add-on
4801-KFYKL,8,19.45,Month-to-month,No internet service,No internet service,0.01,Low Risk,✅ Monitor
3472-OAOOR,19,34.95,Month-to-month,No,Yes,0.07,Low Risk,💰 Offer annual plan discount
6135-OZQVA,7,53.65,Month-to-month,No,Yes,0.17,Low Risk,✅ Monitor
2252-JHJGE,61,104.0,One year,No,Yes,0.24,Low Risk,🎯 Assign dedicated support agent
4188-PCPIG,57,70.35,Two year,Yes,Yes,0.01,Low Risk,✅ Monitor
7105-BENQF,15,64.85,One year,No,Yes,0.01,Low Risk,✅ Monitor
7721-DVEKZ,1,19.65,Month-to-month,No internet service,No internet service,0.44528877412570245,Medium Risk,📧 Send re-engagement email
3566-VVORZ,12,45.9,Month-to-month,No,No,0.04,Low Risk,🔒 Offer OnlineSecurity add-on
9507-HSMMZ,54,20.0,Two year,No internet service,No internet service,0.02,Low Risk,✅ Monitor
2480-SQIOB,4,44.8,Month-to-month,No,No,0.39,Medium Risk,🔒 Offer OnlineSecurity add-on
7813-TKCVO,20,20.35,One year,No internet service,No internet service,0.0,,✅ Monitor
0128-MKWSG,26,45.8,Month-to-month,Yes,Yes,0.1,Low Risk,💰 Offer annual plan discount
4350-ZTLPI,53,108.95,One year,Yes,No,0.03,Low Risk,🔒 Offer OnlineSecurity add-on
0361-HJRDX,68,64.35,Two year,Yes,Yes,0.01,Low Risk,✅ Monitor
5727-MYATE,72,90.8,Two year,Yes,Yes,0.0,,✅ Monitor
3823-KYNQY,12,24.95,One year,No internet service,No internet service,0.02,Low Risk,✅ Monitor
7570-WELNY,68,84.7,Two year,No,Yes,0.0,,🎯 Assign dedicated support agent
3021-VLNRJ,50,70.8,One year,Yes,Yes,0.01,Low Risk,✅ Monitor
2080-CAZNM,41,104.4,Month-to-month,No,No,0.23,Low Risk,🎯 Assign dedicated support agent
1028-FFNJK,30,101.5,Month-to-month,Yes,No,0.27,Low Risk,🔒 Offer OnlineSecurity add-on
6907-FLBER,1,54.3,Month-to-month,No,No,0.35,Medium Risk,📧 Send re-engagement email
3001-UNBTL,29,103.95,Month-to-month,No,No,0.25,Low Risk,🎯 Assign dedicated support agent
5982-PSMKW,23,91.1,Two year,Yes,Yes,0.03,Low Risk,✅ Monitor
3507-GASNP,60,19.95,Two year,No internet service,No internet service,0.02,Low Risk,✅ Monitor
7096-ZNBZI,72,26.45,Two year,No internet service,No internet service,0.0,,✅ Monitor
1676-MQAOA,72,75.1,Two year,Yes,Yes,0.0,,✅ Monitor
0786-IVLAW,66,108.1,One year,No,No,0.08,Low Risk,🎯 Assign dedicated support agent
7566-DSRLQ,72,110.15,Two year,Yes,No,0.02,Low Risk,🔒 Offer OnlineSecurity add-on
7245-JMTTQ,51,111.5,One year,Yes,No,0.08,Low Risk,🔒 Offer OnlineSecurity add-on
6050-IJRHS,70,106.5,One year,No,No,0.03,Low Risk,🎯 Assign dedicated support agent
6202-JVYEU,9,19.9,One year,No internet service,No internet service,0.01,Low Risk,✅ Monitor
8591-TKMZH,59,111.1,Two year,Yes,Yes,0.14,Low Risk,✅ Monitor
0734-OXWBT,3,70.7,Month-to-month,Yes,No,0.12,Low Risk,📧 Send re-engagement email
4282-ACRXS,38,24.85,Month-to-month,No,No,0.12,Low Risk,🔒 Offer OnlineSecurity add-on
0365-TRTPY,37,91.2,Month-to-month,No,Yes,0.21,Low Risk,🎯 Assign dedicated support agent
7349-ALMUX,37,65.6,Two year,Yes,Yes,0.0,,✅ Monitor
6502-KUGLL,14,59.45,Month-to-month,Yes,Yes,0.09,Low Risk,💰 Offer annual plan discount
1841-YSJGV,72,109.95,Two year,Yes,Yes,0.0,,✅ Monitor
3511-BFTJW,72,38.5,Two year,No,Yes,0.03,Low Risk,✅ Monitor
7668-XCFYV,17,92.55,Month-to-month,No,No,0.14,Low Risk,🎯 Assign dedicated support agent
5018-HEKFO,10,24.5,Month-to-month,No internet service,No internet service,0.01,Low Risk,✅ Monitor
2923-ARZLG,0,19.7,One year,No internet service,No internet service,0.1,Low Risk,✅ Monitor
3976-NLDEZ,1,20.6,Month-to-month,No internet service,No internet service,0.84,High Risk,📧 Send re-engagement email
2282-YGNOR,29,58.0,One year,Yes,Yes,0.01,Low Risk,✅ Monitor
5336-UFNZP,65,107.45,One year,No,No,0.04,Low Risk,🎯 Assign dedicated support agent
6854-EXGSF,8,65.5,Month-to-month,No,Yes,0.23,Low Risk,✅ Monitor
1241-EZFMJ,61,25.45,Two year,No internet service,No internet service,0.0,,✅ Monitor
9233-PSYHO,45,100.15,One year,No,No,0.05,Low Risk,🎯 Assign dedicated support agent
5376-PCKNB,72,104.45,One year,No,No,0.02,Low Risk,🎯 Assign dedicated support agent
8044-BGWPI,12,21.15,Month-to-month,No internet service,No internet service,0.11,Low Risk,✅ Monitor
4060-LDNLU,7,96.2,Month-to-month,No,No,0.33,Medium Risk,🎯 Assign dedicated support agent
3589-PPVKW,9,44.4,Month-to-month,No,No,0.09,Low Risk,🔒 Offer OnlineSecurity add-on
5887-IKKYO,58,94.35,Two year,Yes,No,0.1,Low Risk,🔒 Offer OnlineSecurity add-on
1755-RMCXH,2,20.3,Month-to-month,No internet service,No internet service,0.01,Low Risk,📧 Send re-engagement email
3858-XHYJO,40,105.75,One year,No,Yes,0.13,Low Risk,🎯 Assign dedicated support agent
4299-SIMNS,9,81.15,Month-to-month,No,Yes,0.21,Low Risk,🎯 Assign dedicated support agent
7025-IWFHT,41,89.55,One year,Yes,No,0.05,Low Risk,🔒 Offer OnlineSecurity add-on
6261-LHRTG,26,54.75,Month-to-month,No,No,0.06,Low Risk,🔒 Offer OnlineSecurity add-on
7841-FCRQD,33,53.75,One year,Yes,No,0.11,Low Risk,🔒 Offer OnlineSecurity add-on
2056-EVGZL,68,105.75,One year,Yes,No,0.05,Low Risk,🔒 Offer OnlineSecurity add-on
8777-MBMTS,65,105.85,Two year,Yes,No,0.03,Low Risk,🔒 Offer OnlineSecurity add-on
7753-USQYQ,55,64.2,One year,Yes,No,0.04,Low Risk,🔒 Offer OnlineSecurity add-on
7661-CPURM,19,87.7,One year,Yes,No,0.05,Low Risk,🔒 Offer OnlineSecurity add-on
6233-HXJMX,45,89.3,Month-to-month,No,No,0.13,Low Risk,🎯 Assign dedicated support agent
5902-WBLSE,70,20.15,Two year,No internet service,No internet service,0.0,,✅ Monitor
3239-TPHPZ,12,20.05,Two year,No internet service,No internet service,0.0,,✅ Monitor
5115-GZDEL,72,67.2,Two year,Yes,Yes,0.0,,✅ Monitor
3338-CVVEH,12,94.55,Month-to-month,No,No,0.56,Medium Risk,🎯 Assign dedicated support agent
2615-YVMYX,71,107.5,Month-to-month,No,Yes,0.12,Low Risk,🎯 Assign dedicated support agent
2851-STERV,35,73.0,One year,Yes,No,0.12,Low Risk,🔒 Offer OnlineSecurity add-on
4393-GEADV,70,114.75,Two year,Yes,Yes,0.01,Low Risk,✅ Monitor
8486-AYEQH,31,76.05,Month-to-month,No,No,0.09,Low Risk,🔒 Offer OnlineSecurity add-on
5419-JKZNQ,30,77.9,Month-to-month,No,No,0.07,Low Risk,🔒 Offer OnlineSecurity add-on
2495-KZNFB,33,90.65,Month-to-month,No,Yes,0.12,Low Risk,🎯 Assign dedicated support agent
1409-PHXTF,54,110.45,Two year,Yes,No,0.07,Low Risk,🔒 Offer OnlineSecurity add-on
4560-WQAQW,59,68.7,One year,Yes,Yes,0.01,Low Risk,✅ Monitor
9591-YVTEB,55,44.85,Month-to-month,No,Yes,0.1,Low Risk,💰 Offer annual plan discount
9309-BZGNT,69,29.8,One year,No,No,0.03,Low Risk,🔒 Offer OnlineSecurity add-on
4274-DRSQT,66,88.9,One year,No,No,0.01,Low Risk,🎯 Assign dedicated support agent
2027-DNKIV,37,58.75,One year,Yes,Yes,0.0,,✅ Monitor
8075-GXIUB,9,19.85,One year,No internet service,No internet service,0.04,Low Risk,✅ Monitor
2885-HIJDH,69,86.9,Two year,Yes,Yes,0.06,Low Risk,✅ Monitor
5424-RLQLC,10,59.65,Month-to-month,No,No,0.06,Low Risk,🔒 Offer OnlineSecurity add-on
6507-DTJZV,13,66.4,Month-to-month,No,No,0.1,Low Risk,🔒 Offer OnlineSecurity add-on
7673-BQGKU,69,20.15,Two year,No internet service,No internet service,0.0,,✅ Monitor
6723-WSNTY,66,108.1,One year,Yes,No,0.06,Low Risk,🔒 Offer OnlineSecurity add-on
2725-IWWBA,46,56.9,One year,Yes,Yes,0.02,Low Risk,✅ Monitor
1061-PNTHC,56,109.6,Month-to-month,Yes,Yes,0.04,Low Risk,💰 Offer annual plan discount
0394-YONDK,70,25.15,Two year,No internet service,No internet service,0.0,,✅ Monitor
6574-MCOEH,33,79.15,One year,Yes,No,0.09,Low Risk,🔒 Offer OnlineSecurity add-on
7399-QHBJS,72,66.75,Two year,Yes,Yes,0.01,Low Risk,✅ Monitor
0997-YTLNY,19,48.8,Month-to-month,Yes,No,0.15,Low Risk,🔒 Offer OnlineSecurity add-on
9479-HYNYL,71,80.7,Two year,Yes,No,0.0,,🔒 Offer OnlineSecurity add-on
9708-KFDBY,1,20.55,Month-to-month,No internet service,No internet service,0.12,Low Risk,📧 Send re-engagement email
3642-GKTCT,61,115.1,One year,Yes,Yes,0.03,Low Risk,✅ Monitor
0774-RMNUW,71,59.7,Two year,Yes,Yes,0.02,Low Risk,✅ Monitor
1334-PDUKM,68,86.45,One year,No,No,0.04,Low Risk,🎯 Assign dedicated support agent
0756-MPZRL,46,33.7,One year,Yes,No,0.09,Low Risk,🔒 Offer OnlineSecurity add-on
2242-MFOTG,33,80.1,One year,No,Yes,0.03,Low Risk,🎯 Assign dedicated support agent
2927-CVULT,53,104.05,Two year,Yes,Yes,0.11,Low Risk,✅ Monitor
2144-BFDSO,50,108.75,Month-to-month,No,Yes,0.08,Low Risk,🎯 Assign dedicated support agent
8745-PVESG,57,41.1,One year,Yes,Yes,0.01,Low Risk,✅ Monitor
7647-GYYKX,54,20.35,Two year,No internet service,No internet service,0.01,Low Risk,✅ Monitor
5647-FXOTP,60,105.9,Month-to-month,No,No,0.13,Low Risk,🎯 Assign dedicated support agent
9700-ISPUP,10,65.5,Month-to-month,Yes,No,0.4,Medium Risk,🔒 Offer OnlineSecurity add-on
9839-ETQOE,43,40.45,Month-to-month,No,Yes,0.08,Low Risk,💰 Offer annual plan discount
6078-VESFR,13,70.45,Month-to-month,No,No,0.13,Low Risk,🔒 Offer OnlineSecurity add-on
9027-TMATR,43,78.8,Two year,Yes,Yes,0.0,,✅ Monitor
1941-HOSAM,1,90.1,Month-to-month,No,No,0.31,Medium Risk,📧 Send re-engagement email
9110-HSGTV,69,82.45,Two year,Yes,Yes,0.01,Low Risk,✅ Monitor
0704-VCUMB,61,20.25,Two year,No internet service,No internet service,0.0,,✅ Monitor
6171-ZTVYB,43,66.25,Month-to-month,Yes,Yes,0.05,Low Risk,💰 Offer annual plan discount
1935-IMVBB,56,89.7,Month-to-month,No,No,0.14,Low Risk,🎯 Assign dedicated support agent
2535-PBCGC,70,64.55,Two year,Yes,Yes,0.0,,✅ Monitor
1470-PSXNM,49,93.65,One year,No,No,0.19,Low Risk,🎯 Assign dedicated support agent
2498-XLDZR,32,73.6,Two year,Yes,Yes,0.0,,✅ Monitor
9866-OCCKE,72,109.75,Two year,Yes,Yes,0.07,Low Risk,✅ Monitor
5338-YHWYT,37,61.45,Two year,Yes,Yes,0.0,,✅ Monitor
7718-UPSKJ,69,106.4,One year,Yes,Yes,0.04,Low Risk,✅ Monitor
8731-WBBMB,26,81.9,Month-to-month,Yes,No,0.02,Low Risk,🔒 Offer OnlineSecurity add-on
1448-CYWKC,58,105.2,One year,No,No,0.13,Low Risk,🎯 Assign dedicated support agent
7901-IIDQV,24,54.6,One year,Yes,No,0.03,Low Risk,🔒 Offer OnlineSecurity add-on
2690-DVRVK,5,20.55,One year,No internet service,No internet service,0.0,,✅ Monitor
1270-XKUCC,30,19.7,Two year,No internet service,No internet service,0.0,,✅ Monitor
0334-ZFJSR,55,66.05,One year,Yes,Yes,0.01,Low Risk,✅ Monitor
5583-EJXRD,44,54.05,Two year,Yes,Yes,0.03,Low Risk,✅ Monitor
4565-EVZMJ,47,58.9,One year,Yes,Yes,0.0,,✅ Monitor
3327-YBAKM,64,96.9,One year,Yes,Yes,0.04,Low Risk,✅ Monitor
9441-QHEVC,1,19.1,Month-to-month,No internet service,No internet service,0.01,Low Risk,📧 Send re-engagement email
6705-LNMDD,20,50.0,Month-to-month,Yes,No,0.1,Low Risk,🔒 Offer OnlineSecurity add-on
2580-ASVVY,37,45.4,Two year,Yes,Yes,0.03,Low Risk,✅ Monitor
3370-GQEAL,30,85.45,Month-to-month,No,No,0.21,Low Risk,🎯 Assign dedicated support agent
5032-USPKF,38,84.1,One year,No,Yes,0.07,Low Risk,🎯 Assign dedicated support agent
4254-QPEDE,52,66.25,Two year,Yes,Yes,0.02,Low Risk,✅ Monitor
6283-GITPX,71,76.9,Two year,Yes,Yes,0.03,Low Risk,✅ Monitor
0771-CHWSK,66,74.6,Two year,No,Yes,0.02,Low Risk,✅ Monitor
9788-HNGUT,72,116.95,Two year,Yes,Yes,0.01,Low Risk,✅ Monitor
9495-REDIY,25,40.65,One year,No,Yes,0.04,Low Risk,✅ Monitor
5375-XLDOF,69,114.35,Two year,Yes,Yes,0.08,Low Risk,✅ Monitor
1172-VIYBP,53,69.7,Two year,No,Yes,0.02,Low Risk,✅ Monitor
6559-PDZLR,26,98.65,Month-to-month,Yes,No,0.24,Low Risk,🔒 Offer OnlineSecurity add-on
8992-OBVDG,21,61.65,Month-to-month,No,No,0.06,Low Risk,🔒 Offer OnlineSecurity add-on
4273-MBHYA,1,89.35,Month-to-month,No,No,0.3,Low Risk,📧 Send re-engagement email
4724-WXVWF,48,95.4,Month-to-month,Yes,Yes,0.24,Low Risk,💰 Offer annual plan discount
5701-GUXDC,26,35.4,One year,No,Yes,0.05,Low Risk,✅ Monitor
1460-UZPRJ,60,19.95,Two year,No internet service,No internet service,0.0,,✅ Monitor
6082-GLJIX,18,19.25,Month-to-month,No internet service,No internet service,0.04,Low Risk,💰 Offer annual plan discount
2495-TTHBQ,4,20.4,One year,No internet service,No internet service,0.04,Low Risk,✅ Monitor
0485-ZBSLN,65,24.75,Two year,No internet service,No internet service,0.01,Low Risk,✅ Monitor
3810-PJUHR,70,25.35,Two year,No internet service,No internet service,0.0,,✅ Monitor
0847-HGRML,62,20.0,Two year,No internet service,No internet service,0.02,Low Risk,✅ Monitor
8232-CTLKO,66,59.75,Two year,No,Yes,0.03,Low Risk,✅ Monitor
9227-YBAXE,65,82.5,Two year,Yes,Yes,0.0,,✅ Monitor
9860-LISIZ,34,20.35,Month-to-month,No internet service,No internet service,0.01,Low Risk,💰 Offer annual plan discount
0112-QAWRZ,16,90.8,Month-to-month,No,No,0.17,Low Risk,🎯 Assign dedicated support agent
2786-GCDPI,50,104.95,Month-to-month,Yes,No,0.08,Low Risk,🔒 Offer OnlineSecurity add-on
4043-MKDTV,71,105.25,Two year,Yes,No,0.06,Low Risk,🔒 Offer OnlineSecurity add-on
9229-RQABD,18,23.75,One year,No internet service,No internet service,0.0,,✅ Monitor
8313-KTIHG,4,61.3,Month-to-month,Yes,No,0.08,Low Risk,🔒 Offer OnlineSecurity add-on
5320-BRKGK,58,75.8,Two year,Yes,Yes,0.01,Low Risk,✅ Monitor
6284-KMNUF,56,98.0,One year,No,Yes,0.2,Low Risk,🎯 Assign dedicated support agent
6229-UOLQL,56,52.0,One year,Yes,Yes,0.02,Low Risk,✅ Monitor
3137-LUPIX,4,64.4,Month-to-month,Yes,No,0.09,Low Risk,🔒 Offer OnlineSecurity add-on
6143-JQKEA,10,45.8,Month-to-month,No,No,0.24,Low Risk,🔒 Offer OnlineSecurity add-on
8676-OOQEJ,4,30.5,Month-to-month,Yes,No,0.09,Low Risk,🔒 Offer OnlineSecurity add-on
9701-CDXHR,51,69.15,Month-to-month,No,No,0.25,Low Risk,🔒 Offer OnlineSecurity add-on
8124-NZVGJ,6,49.25,One year,Yes,No,0.1,Low Risk,🔒 Offer OnlineSecurity add-on
2162-FRZAA,63,39.35,Two year,Yes,No,0.01,Low Risk,🔒 Offer OnlineSecurity add-on
5118-MUEYH,48,105.1,Month-to-month,Yes,No,0.15,Low Risk,🔒 Offer OnlineSecurity add-on
5627-TVBPP,35,20.1,One year,No internet service,No internet service,0.0,,✅ Monitor
3936-QQFLL,2,19.75,Month-to-month,No internet service,No internet service,0.03,Low Risk,📧 Send re-engagement email
2589-AYCRP,50,19.75,One year,No internet service,No internet service,0.01,Low Risk,✅ Monitor
4067-HLYQI,33,70.4,Month-to-month,No,No,0.75,High Risk,🔒 Offer OnlineSecurity add-on
5124-EOGYE,31,20.45,Two year,No internet service,No internet service,0.0,,✅ Monitor
5057-RKGLH,9,20.35,Two year,No internet service,No internet service,0.0,,✅ Monitor
0292-WEGCH,54,86.2,Month-to-month,Yes,No,0.04,Low Risk,🔒 Offer OnlineSecurity add-on
8910-ICHIU,46,95.65,One year,No,Yes,0.07,Low Risk,🎯 Assign dedicated support agent
4097-YODCF,34,103.8,One year,No,Yes,0.06,Low Risk,🎯 Assign dedicated support agent
9715-WZCLW,71,97.2,Two year,No,Yes,0.06,Low Risk,🎯 Assign dedicated support agent
9786-YWNHU,63,63.55,Two year,Yes,Yes,0.0,,✅ Monitor
6407-GSJNL,51,24.95,Two year,No internet service,No internet service,0.01,Low Risk,✅ Monitor
4049-ZPALD,64,99.0,Two year,No,Yes,0.05,Low Risk,🎯 Assign dedicated support agent
3733-UOCWF,61,85.55,One year,Yes,No,0.08,Low Risk,🔒 Offer OnlineSecurity add-on
6833-JMZYP,15,94.0,Month-to-month,No,No,0.21,Low Risk,🎯 Assign dedicated support agent
1310-QRITU,18,50.3,Month-to-month,No,No,0.32,Medium Risk,🔒 Offer OnlineSecurity add-on
8961-QDZZJ,57,95.0,One year,No,No,0.09,Low Risk,🎯 Assign dedicated support agent
9715-SBVSU,14,61.4,Two year,No,Yes,0.01,Low Risk,✅ Monitor
8490-BXHEO,18,80.55,Month-to-month,No,No,0.25,Low Risk,🎯 Assign dedicated support agent
7173-TETGO,72,78.5,Two year,No,Yes,0.01,Low Risk,✅ Monitor
7929-SKFGK,70,114.3,Two year,Yes,Yes,0.03,Low Risk,✅ Monitor
2300-RQGOI,38,20.05,Two year,No internet service,No internet service,0.0,,✅ Monitor
3563-SVYLG,68,62.65,Two year,Yes,Yes,0.02,Low Risk,✅ Monitor
6435-VWCCY,65,92.7,Two year,No,Yes,0.0,,🎯 Assign dedicated support agent
4998-IKFSE,30,100.45,Month-to-month,No,No,0.14,Low Risk,🎯 Assign dedicated support agent
8630-QSGXK,51,75.2,Two year,Yes,No,0.02,Low Risk,🔒 Offer OnlineSecurity add-on
2455-USLMV,31,84.75,Month-to-month,No,Yes,0.07,Low Risk,🎯 Assign dedicated support agent
9488-FVZCC,72,79.5,Two year,Yes,Yes,0.0,,✅ Monitor
5995-WWKKG,37,19.8,One year,No internet service,No internet service,0.0,,✅ Monitor
7879-CGSFV,55,100.9,One year,No,Yes,0.18,Low Risk,🎯 Assign dedicated support agent
9921-EZKBY,33,95.3,Month-to-month,No,Yes,0.1,Low Risk,🎯 Assign dedicated support agent
7432-FFVAR,46,90.95,One year,Yes,No,0.07,Low Risk,🔒 Offer OnlineSecurity add-on
7246-ZGQDF,1,54.5,Month-to-month,Yes,Yes,0.13,Low Risk,📧 Send re-engagement email
4456-RHSNB,19,49.6,Month-to-month,No,No,0.05,Low Risk,🔒 Offer OnlineSecurity add-on
2481-SBOYW,61,25.0,Two year,No internet service,No internet service,0.0,,✅ Monitor
7109-MFBYV,26,45.45,Month-to-month,No,No,0.02,Low Risk,🔒 Offer OnlineSecurity add-on
1833-TCXKK,45,107.75,Month-to-month,No,No,0.65,High Risk,🎯 Assign dedicated support agent
1832-PEUTS,62,89.1,Two year,No,No,0.0,,🎯 Assign dedicated support agent
8660-BUETV,3,44.75,Month-to-month,No,No,0.1,Low Risk,📧 Send re-engagement email
0580-PIQHM,41,101.6,One year,No,Yes,0.07,Low Risk,🎯 Assign dedicated support agent
5696-CEIQJ,67,103.15,Two year,Yes,No,0.04,Low Risk,🔒 Offer OnlineSecurity add-on
1696-HXOWK,71,95.65,One year,No,Yes,0.02,Low Risk,🎯 Assign dedicated support agent
3026-ATZYV,37,75.1,One year,No,Yes,0.07,Low Risk,✅ Monitor
4012-YCFAI,60,61.35,Two year,Yes,Yes,0.0,,✅ Monitor
9970-QBCDA,6,19.7,Month-to-month,No internet service,No internet service,0.16,Low Risk,✅ Monitor
9496-IVVRP,11,51.0,Month-to-month,No,Yes,0.05,Low Risk,✅ Monitor
2657-VPXTA,10,88.85,Month-to-month,No,No,0.22,Low Risk,🎯 Assign dedicated support agent
6551-VLJMV,34,20.05,Two year,No internet service,No internet service,0.0,,✅ Monitor
1221-GHZEP,62,65.1,Two year,Yes,Yes,0.01,Low Risk,✅ Monitor
9289-LBQVU,64,70.15,One year,Yes,No,0.06,Low Risk,🔒 Offer OnlineSecurity add-on
3458-IDMFK,25,20.75,Two year,No internet service,No internet service,0.01,Low Risk,✅ Monitor
6933-FHBZC,26,56.05,One year,No,No,0.13,Low Risk,🔒 Offer OnlineSecurity add-on
0221-NAUXK,10,19.95,One year,No internet service,No internet service,0.02,Low Risk,✅ Monitor
9770-KXGQU,53,98.6,One year,No,Yes,0.03,Low Risk,🎯 Assign dedicated support agent
6538-POCHL,33,79.0,Month-to-month,No,No,0.18,Low Risk,🔒 Offer OnlineSecurity add-on
6726-NNFWD,71,89.45,Two year,No,No,0.08,Low Risk,🎯 Assign dedicated support agent
3002-WQZWT,29,74.2,Month-to-month,No,No,0.15,Low Risk,🔒 Offer OnlineSecurity add-on
4277-UDIEF,24,81.0,Month-to-month,Yes,Yes,0.11,Low Risk,💰 Offer annual plan discount
1208-NBVFH,20,49.6,Month-to-month,No,No,0.08,Low Risk,🔒 Offer OnlineSecurity add-on
4912-PIGUY,1,84.6,Month-to-month,No,No,0.32,Medium Risk,📧 Send re-engagement email
2725-TTRIQ,72,84.2,Two year,Yes,Yes,0.0,,✅ Monitor
3374-TTZTK,52,106.3,Two year,Yes,Yes,0.04,Low Risk,✅ Monitor
8990-ZXLSU,9,69.05,Month-to-month,No,No,0.23,Low Risk,🔒 Offer OnlineSecurity add-on
2275-RBYQS,1,45.4,Month-to-month,No,No,0.26,Low Risk,📧 Send re-engagement email
4419-UJMUS,69,99.35,Two year,Yes,No,0.07,Low Risk,🔒 Offer OnlineSecurity add-on
7794-JASDG,1,50.75,Month-to-month,No,Yes,0.13,Low Risk,📧 Send re-engagement email
7609-YBPXG,54,87.1,Two year,Yes,Yes,0.03,Low Risk,✅ Monitor
5519-TEEUH,33,20.15,One year,No internet service,No internet service,0.03,Low Risk,✅ Monitor
7856-GANIL,45,98.7,One year,Yes,No,0.04,Low Risk,🔒 Offer OnlineSecurity add-on
0804-XBFBV,11,25.2,Month-to-month,No,No,0.11,Low Risk,🔒 Offer OnlineSecurity add-on
2676-OXPPQ,6,55.7,Month-to-month,No,Yes,0.1,Low Risk,✅ Monitor
3703-TTEPD,21,65.35,Month-to-month,No,Yes,0.06,Low Risk,💰 Offer annual plan discount
2799-TSLAG,65,25.3,Two year,No internet service,No internet service,0.0,,✅ Monitor
2208-NKVVH,43,24.25,Two year,No internet service,No internet service,0.0,,✅ Monitor
7139-JZFVG,60,60.5,Two year,No,Yes,0.01,Low Risk,✅ Monitor
4987-GQWPO,17,25.1,Month-to-month,No,No,0.04,Low Risk,🔒 Offer OnlineSecurity add-on
1757-TCATG,35,20.05,One year,No internet service,No internet service,0.0,,✅ Monitor
4776-XSKYQ,12,30.25,One year,Yes,No,0.07,Low Risk,🔒 Offer OnlineSecurity add-on
8048-DSDFQ,1,20.2,Month-to-month,No internet service,No internet service,0.42492841693546646,Medium Risk,📧 Send re-engagement email
5753-QQWPW,28,59.9,One year,Yes,Yes,0.05,Low Risk,✅ Monitor
6010-DDPPW,70,25.15,Two year,No internet service,No internet service,0.0,,✅ Monitor
6693-FRIRW,18,101.3,Month-to-month,No,No,0.19,Low Risk,🎯 Assign dedicated support agent
6586-MYGKD,70,76.95,Two year,Yes,Yes,0.07,Low Risk,✅ Monitor
3173-NVMPX,9,55.3,Month-to-month,No,No,0.07,Low Risk,🔒 Offer OnlineSecurity add-on
0248-PGHBZ,67,92.45,Two year,Yes,Yes,0.06,Low Risk,✅ Monitor
0623-GDISB,1,48.45,Month-to-month,No,Yes,0.2,Low Risk,📧 Send re-engagement email
2892-GESUL,18,19.35,Two year,No internet service,No internet service,0.0,,✅ Monitor
7472-EQOAV,71,86.7,One year,No,Yes,0.01,Low Risk,🎯 Assign dedicated support agent
2043-WVTQJ,1,55.7,Month-to-month,No,Yes,0.14,Low Risk,📧 Send re-engagement email
8034-RYTVV,55,84.25,One year,No,Yes,0.04,Low Risk,🎯 Assign dedicated support agent
3863-QSTYI,59,64.65,Month-to-month,Yes,No,0.04,Low Risk,🔒 Offer OnlineSecurity add-on
5044-LRQAQ,7,69.2,Month-to-month,No,No,0.18,Low Risk,🔒 Offer OnlineSecurity add-on
1716-LSAMB,45,54.65,Two year,Yes,Yes,0.02,Low Risk,✅ Monitor
1333-PBMXB,54,24.75,One year,No internet service,No internet service,0.0,,✅ Monitor
6546-OPBBH,51,23.95,One year,No internet service,No internet service,0.01,Low Risk,✅ Monitor
5985-BEHZK,72,105.0,One year,No,No,0.0,,🎯 Assign dedicated support agent
9127-QRZMH,44,59.85,One year,Yes,Yes,0.0,,✅ Monitor
5919-VCZYM,2,20.05,Month-to-month,No internet service,No internet service,0.0,,📧 Send re-engagement email
9644-KVCNC,66,92.15,One year,No,No,0.04,Low Risk,🎯 Assign dedicated support agent
2137-DQMEV,68,44.8,One year,No,Yes,0.01,Low Risk,✅ Monitor
8174-LNWMW,31,20.9,Two year,No internet service,No internet service,0.01,Low Risk,✅ Monitor
9279-CJEOJ,21,95.4,Month-to-month,No,No,0.66,High Risk,🎯 Assign dedicated support agent
7964-VEXDG,21,80.35,Month-to-month,No,Yes,0.11,Low Risk,🎯 Assign dedicated support agent
2404-JIBFC,55,85.1,Two year,Yes,Yes,0.01,Low Risk,✅ Monitor
8029-XYPWT,71,115.05,Two year,Yes,Yes,0.0,,✅ Monitor
4632-PAOYU,22,19.95,One year,No internet service,No internet service,0.0,,✅ Monitor
2990-OGYTD,67,86.15,Two year,Yes,No,0.0,,🔒 Offer OnlineSecurity add-on
6646-JPPHA,14,78.85,Month-to-month,No,Yes,0.04,Low Risk,💰 Offer annual plan discount
7658-UYUQS,21,86.55,Month-to-month,No,No,0.13,Low Risk,🎯 Assign dedicated support agent
7880-XSOJX,4,42.4,Month-to-month,Yes,Yes,0.23,Low Risk,✅ Monitor
4589-IUAJB,70,24.25,Two year,No internet service,No internet service,0.0,,✅ Monitor
8746-BFOAJ,21,20.5,One year,No internet service,No internet service,0.0,,✅ Monitor
8457-XIGKN,20,19.6,Month-to-month,No internet service,No internet service,0.15,Low Risk,💰 Offer annual plan discount
6072-NUQCB,22,20.25,One year,No internet service,No internet service,0.0,,✅ Monitor
8838-GPHZP,63,20.6,Two year,No internet service,No internet service,0.0,,✅ Monitor
8750-QWZAJ,70,19.8,Two year,No internet service,No internet service,0.0,,✅ Monitor
6918-UMQCG,5,80.2,Month-to-month,No,No,0.22,Low Risk,🎯 Assign dedicated support agent
0675-NCDYU,72,116.4,Two year,Yes,Yes,0.0,,✅ Monitor
6339-DKLMK,13,31.65,Month-to-month,No,No,0.2,Low Risk,🔒 Offer OnlineSecurity add-on
1346-PJWTK,61,94.15,Month-to-month,Yes,No,0.1,Low Risk,🔒 Offer OnlineSecurity add-on
5088-QZLRL,1,20.65,Month-to-month,No internet service,No internet service,0.22,Low Risk,📧 Send re-engagement email
8023-QHAIO,56,76.85,Month-to-month,Yes,No,0.03,Low Risk,🔒 Offer OnlineSecurity add-on
4397-FRLTA,4,20.15,Month-to-month,No internet service,No internet service,0.06,Low Risk,✅ Monitor
3057-VJJQE,35,55.25,Two year,No,Yes,0.01,Low Risk,✅ Monitor
2302-OUZXB,72,82.15,Two year,No,No,0.02,Low Risk,🎯 Assign dedicated support agent
8133-ANHHJ,49,103.0,One year,Yes,Yes,0.06,Low Risk,✅ Monitor
2270-CHBFN,44,95.1,Month-to-month,Yes,Yes,0.07,Low Risk,💰 Offer annual plan discount
5982-FPVQN,37,95.15,Month-to-month,No,No,0.17,Low Risk,🎯 Assign dedicated support agent
9107-UKCKY,61,79.8,One year,No,No,0.25,Low Risk,🔒 Offer OnlineSecurity add-on
4654-ULTTN,70,74.8,Two year,Yes,Yes,0.06,Low Risk,✅ Monitor
5546-BYZSM,41,20.45,Month-to-month,No internet service,No internet service,0.0,,💰 Offer annual plan discount
1492-KGETH,70,78.35,One year,Yes,Yes,0.07,Low Risk,✅ Monitor
4163-HFTUK,51,19.1,One year,No internet service,No internet service,0.0,,✅ Monitor
8215-NGSPE,42,20.0,Two year,No internet service,No internet service,0.0,,✅ Monitor
8859-YSTWS,48,19.95,One year,No internet service,No internet service,0.0,,✅ Monitor
7601-DHFWZ,48,24.0,Two year,No internet service,No internet service,0.01,Low Risk,✅ Monitor
1998-VHJHK,27,19.15,One year,No internet service,No internet service,0.0,,✅ Monitor
1707-HABPF,46,91.3,One year,No,No,0.08,Low Risk,🎯 Assign dedicated support agent
0487-VVUVK,25,19.15,Month-to-month,No internet service,No internet service,0.07,Low Risk,💰 Offer annual plan discount
5063-IUOKK,13,19.75,Two year,No internet service,No internet service,0.0,,✅ Monitor
4508-OEBEY,31,75.5,One year,Yes,Yes,0.02,Low Risk,✅ Monitor
0027-KWYKW,23,83.75,Month-to-month,No,No,0.22,Low Risk,🎯 Assign dedicated support agent
2308-STERM,2,19.4,Month-to-month,No internet service,No internet service,0.16,Low Risk,📧 Send re-engagement email
5982-XMDEX,65,26.5,Two year,No internet service,No internet service,0.0,,✅ Monitor
6051-PTVNS,55,19.15,One year,No internet service,No internet service,0.0,,✅ Monitor
2877-VDUER,35,40.9,One year,Yes,No,0.06,Low Risk,🔒 Offer OnlineSecurity add-on
9152-AMKAK,6,80.25,Two year,Yes,Yes,0.06,Low Risk,✅ Monitor
9432-VOFYX,17,70.8,Month-to-month,No,No,0.11,Low Risk,🔒 Offer OnlineSecurity add-on
8049-WJCLQ,10,60.2,Month-to-month,No,No,0.12,Low Risk,🔒 Offer OnlineSecurity add-on
6586-PSJOX,15,55.2,One year,Yes,No,0.09,Low Risk,🔒 Offer OnlineSecurity add-on
9705-ZJBCG,13,54.15,One year,Yes,Yes,0.02,Low Risk,✅ Monitor
6847-KJLTS,58,100.4,Month-to-month,Yes,No,0.18,Low Risk,🔒 Offer OnlineSecurity add-on
9670-BPNXF,45,62.55,One year,Yes,Yes,0.01,Low Risk,✅ Monitor
3913-FCUUW,72,70.45,Two year,Yes,Yes,0.0,,✅ Monitor
3301-VKTGC,68,85.5,One year,No,Yes,0.05,Low Risk,🎯 Assign dedicated support agent
9555-SAHUZ,38,54.5,Month-to-month,No,Yes,0.03,Low Risk,💰 Offer annual plan discount
0816-TSPHQ,2,20.75,Month-to-month,No internet service,No internet service,0.07,Low Risk,📧 Send re-engagement email
9932-WBWIK,11,20.35,Month-to-month,No internet service,No internet service,0.03,Low Risk,✅ Monitor
4619-EVPHY,20,91.0,One year,No,No,0.21,Low Risk,🎯 Assign dedicated support agent
5286-YHCVC,72,104.8,Two year,No,No,0.02,Low Risk,🎯 Assign dedicated support agent
9115-YQHGA,40,51.1,Month-to-month,Yes,No,0.09,Low Risk,🔒 Offer OnlineSecurity add-on
4462-CYWMH,62,89.8,Month-to-month,No,No,0.13,Low Risk,🎯 Assign dedicated support agent
8963-MQVYN,22,20.55,Month-to-month,No internet service,No internet service,0.01,Low Risk,💰 Offer annual plan discount
2458-EOMRE,11,64.05,Month-to-month,No,Yes,0.07,Low Risk,✅ Monitor
9334-GWGOW,7,74.85,Month-to-month,No,No,0.79,High Risk,🔒 Offer OnlineSecurity add-on
6542-LWGXJ,3,25.0,Month-to-month,No,No,0.42,Medium Risk,📧 Send re-engagement email
5567-GZKQY,58,20.3,Two year,No internet service,No internet service,0.0,,✅ Monitor
1222-LRYKO,6,26.35,Month-to-month,No internet service,No internet service,0.04,Low Risk,✅ Monitor
2087-QAREY,22,54.7,Month-to-month,No,No,0.08,Low Risk,🔒 Offer OnlineSecurity add-on
4423-JWZJN,64,90.25,One year,No,No,0.02,Low Risk,🎯 Assign dedicated support agent
6490-FGZAT,6,20.65,Month-to-month,No internet service,No internet service,0.01,Low Risk,✅ Monitor
7452-FOLON,39,25.45,One year,No internet service,No internet service,0.02,Low Risk,✅ Monitor
2320-TZRRH,20,19.5,One year,No internet service,No internet service,0.0,,✅ Monitor
4942-VZZOM,64,66.15,One year,No,Yes,0.0,,✅ Monitor
7502-BNYGS,46,69.1,Month-to-month,No,No,0.05,Low Risk,🔒 Offer OnlineSecurity add-on
4291-HYEBC,28,39.1,One year,No,No,0.11,Low Risk,🔒 Offer OnlineSecurity add-on
6147-CBCRA,33,20.05,Month-to-month,No internet service,No internet service,0.02,Low Risk,💰 Offer annual plan discount
6047-SUHPR,39,59.8,One year,No,Yes,0.0,,✅ Monitor
9752-ZNQUT,1,48.6,Month-to-month,No,No,0.39,Medium Risk,📧 Send re-engagement email
1576-PFZIW,70,105.35,Two year,No,Yes,0.01,Low Risk,🎯 Assign dedicated support agent
5666-MBJPT,65,25.1,Two year,No internet service,No internet service,0.01,Low Risk,✅ Monitor
7312-XSBAT,1,49.75,Month-to-month,No,Yes,0.07,Low Risk,📧 Send re-engagement email
3096-GKWEB,18,94.75,Month-to-month,No,No,0.3,Low Risk,🎯 Assign dedicated support agent
2371-JQHZZ,24,93.0,Month-to-month,No,No,0.21,Low Risk,🎯 Assign dedicated support agent
0674-GCDXG,63,71.9,Two year,Yes,Yes,0.01,Low Risk,✅ Monitor
1121-QSIVB,44,77.55,One year,No,No,0.05,Low Risk,🔒 Offer OnlineSecurity add-on
4396-KLSEH,4,19.85,Month-to-month,No internet service,No internet service,0.08,Low Risk,✅ Monitor
2824-MYYBN,37,95.25,Month-to-month,No,No,0.24,Low Risk,🎯 Assign dedicated support agent
6345-HOVES,34,25.05,Month-to-month,No,No,0.13,Low Risk,🔒 Offer OnlineSecurity add-on
8318-LCNBW,35,53.15,One year,No,Yes,0.01,Low Risk,✅ Monitor
6469-QJKZW,4,20.15,Month-to-month,No internet service,No internet service,0.05,Low Risk,✅ Monitor
0147-ESWWR,39,101.25,Month-to-month,Yes,No,0.17,Low Risk,🔒 Offer OnlineSecurity add-on
1217-VASWC,43,100.55,One year,No,No,0.13,Low Risk,🎯 Assign dedicated support agent
6370-ZVHDV,61,25.3,Two year,No internet service,No internet service,0.0,,✅ Monitor
5915-DGNVC,49,71.8,One year,No,Yes,0.03,Low Risk,✅ Monitor
6260-XLACS,4,19.7,One year,No internet service,No internet service,0.02,Low Risk,✅ Monitor
3566-CAAYU,64,49.85,Two year,Yes,No,0.04,Low Risk,🔒 Offer OnlineSecurity add-on
4983-CCWMC,3,69.6,Month-to-month,No,No,0.53,Medium Risk,📧 Send re-engagement email
9103-CXVOK,1,19.75,Month-to-month,No internet service,No internet service,0.13,Low Risk,📧 Send re-engagement email
2896-TBNBE,40,80.8,One year,No,No,0.02,Low Risk,🎯 Assign dedicated support agent
2522-WLNSF,34,64.2,One year,Yes,No,0.06,Low Risk,🔒 Offer OnlineSecurity add-on
3841-CONLJ,1,35.0,Month-to-month,No,No,0.42,Medium Risk,📧 Send re-engagement email
4475-NVTLU,45,19.2,Two year,No internet service,No internet service,0.0,,✅ Monitor
9386-LDCZR,43,90.65,One year,Yes,Yes,0.01,Low Risk,✅ Monitor
9585-KKMFD,41,20.0,Two year,No internet service,No internet service,0.0,,✅ Monitor
5399-ZIMKF,5,74.65,Month-to-month,No,No,0.27,Low Risk,🔒 Offer OnlineSecurity add-on
0336-KXKFK,72,61.2,Two year,Yes,Yes,0.0,,✅ Monitor
5619-XZZKR,4,19.95,One year,No internet service,No internet service,0.0,,✅ Monitor
3948-FVVRP,9,54.8,Month-to-month,Yes,No,0.19,Low Risk,🔒 Offer OnlineSecurity add-on
5327-XOKKY,72,73.45,Two year,No,No,0.08,Low Risk,🔒 Offer OnlineSecurity add-on
0983-TATYJ,33,51.45,One year,Yes,No,0.02,Low Risk,🔒 Offer OnlineSecurity add-on
1813-JYWTO,72,80.45,Two year,No,Yes,0.01,Low Risk,🎯 Assign dedicated support agent
6719-OXYBR,15,85.3,Month-to-month,No,No,0.17,Low Risk,🎯 Assign dedicated support agent
3312-ZWLGF,29,79.3,Month-to-month,Yes,No,0.42,Medium Risk,🔒 Offer OnlineSecurity add-on
6476-YHMGA,15,76.5,Month-to-month,Yes,No,0.08,Low Risk,🔒 Offer OnlineSecurity add-on
0795-XCCTE,72,25.4,Two year,No internet service,No internet service,0.0,,✅ Monitor
0168-XZKBB,19,86.85,Month-to-month,No,No,0.25,Low Risk,🎯 Assign dedicated support agent
3785-NRHYR,1,19.65,Month-to-month,No internet service,No internet service,0.6049924870198533,High Risk,📧 Send re-engagement email
4537-DKTAL,2,45.55,Month-to-month,No,No,0.18,Low Risk,📧 Send re-engagement email
7072-MBHEV,11,78.1,Month-to-month,No,No,0.17,Low Risk,🔒 Offer OnlineSecurity add-on
5602-BVFMK,12,19.3,One year,No internet service,No internet service,0.0,,✅ Monitor
6297-NOOPG,70,110.5,Two year,Yes,No,0.11,Low Risk,🔒 Offer OnlineSecurity add-on
8204-TIFGJ,23,20.3,Month-to-month,No internet service,No internet service,0.02,Low Risk,💰 Offer annual plan discount
8050-DVOJX,49,81.35,Two year,Yes,Yes,0.03,Low Risk,✅ Monitor
8903-XEBGX,2,55.3,Month-to-month,No,No,0.58,Medium Risk,📧 Send re-engagement email
8169-SAEJD,69,56.55,Two year,No,Yes,0.02,Low Risk,✅ Monitor
1089-XZWHH,24,19.7,Two year,No internet service,No internet service,0.01,Low Risk,✅ Monitor
2325-WINES,32,104.05,One year,No,No,0.1,Low Risk,🎯 Assign dedicated support agent
6064-ZATLR,27,52.85,Two year,No,Yes,0.02,Low Risk,✅ Monitor
7824-PANSQ,58,80.65,Month-to-month,Yes,No,0.06,Low Risk,🔒 Offer OnlineSecurity add-on
9648-BCHKM,18,24.65,Two year,No internet service,No internet service,0.07,Low Risk,✅ Monitor
2888-ADFAO,47,21.3,Two year,No internet service,No internet service,0.0,,✅ Monitor
8707-HOEDG,70,110.2,Two year,Yes,No,0.05,Low Risk,🔒 Offer OnlineSecurity add-on
4072-IPYLT,36,51.05,Month-to-month,No,Yes,0.0,,💰 Offer annual plan discount
7167-PCEYD,67,19.8,Two year,No internet service,No internet service,0.0,,✅ Monitor
4936-YPJNK,10,19.9,Month-to-month,No internet service,No internet service,0.01,Low Risk,✅ Monitor
1580-BMCMR,19,87.3,Month-to-month,No,Yes,0.15,Low Risk,🎯 Assign dedicated support agent
4817-KEQSP,71,19.85,Two year,No internet service,No internet service,0.01,Low Risk,✅ Monitor
6408-WHTEF,72,89.4,Two year,Yes,Yes,0.0,,✅ Monitor
9251-AWQGT,48,20.0,Two year,No internet service,No internet service,0.0,,✅ Monitor
8749-CLJXC,1,20.05,Month-to-month,No internet service,No internet service,0.06316321099538146,Low Risk,📧 Send re-engagement email
7989-VCQOH,18,83.25,Month-to-month,Yes,Yes,0.1,Low Risk,💰 Offer annual plan discount
4199-QHJNM,67,102.9,Two year,Yes,No,0.03,Low Risk,🔒 Offer OnlineSecurity add-on
8882-TLVRW,69,39.1,Two year,Yes,Yes,0.01,Low Risk,✅ Monitor
5135-GRQJV,72,114.5,Two year,Yes,Yes,0.0,,✅ Monitor
2384-OVPSA,38,20.2,Two year,No internet service,No internet service,0.0,,✅ Monitor
1371-WEPDS,40,55.8,One year,No,No,0.06,Low Risk,🔒 Offer OnlineSecurity add-on
3580-GICBM,61,24.2,Two year,No internet service,No internet service,0.0,,✅ Monitor
9730-DRTMJ,32,72.8,One year,Yes,Yes,0.02,Low Risk,✅ Monitor
4686-UXDML,21,99.85,Month-to-month,No,No,0.48,Medium Risk,🎯 Assign dedicated support agent
3349-ANQNH,59,99.5,One year,No,No,0.22,Low Risk,🎯 Assign dedicated support agent
0932-YIXYU,47,20.25,Two year,No internet service,No internet service,0.0,,✅ Monitor
7480-SPLEF,69,26.0,Two year,No internet service,No internet service,0.0,,✅ Monitor
7636-XUHWW,2,19.9,Month-to-month,No internet service,No internet service,0.04,Low Risk,📧 Send re-engagement email
1431-CYWMH,22,19.05,Month-to-month,No internet service,No internet service,0.06,Low Risk,💰 Offer annual plan discount
5937-EORGB,15,96.5,Month-to-month,No,Yes,0.28,Low Risk,🎯 Assign dedicated support agent
6349-JDHQP,53,19.85,Two year,No internet service,No internet service,0.06,Low Risk,✅ Monitor
5539-HIVAK,28,25.7,Month-to-month,No internet service,No internet service,0.03,Low Risk,💰 Offer annual plan discount
5847-MXBEO,22,20.3,One year,No internet service,No internet service,0.0,,✅ Monitor
4583-PARNH,16,91.55,Month-to-month,Yes,No,0.24,Low Risk,🔒 Offer OnlineSecurity add-on
1116-FRYVH,48,39.4,Two year,Yes,Yes,0.0,,✅ Monitor
1421-HCERK,30,105.7,Month-to-month,Yes,Yes,0.09,Low Risk,💰 Offer annual plan discount
9633-XQABV,3,70.25,Month-to-month,No,No,0.22,Low Risk,📧 Send re-engagement email
0716-BQNDX,57,93.75,Two year,Yes,Yes,0.04,Low Risk,✅ Monitor
1183-CANVH,23,60.0,One year,Yes,No,0.02,Low Risk,🔒 Offer OnlineSecurity add-on
1972-XMUWV,65,59.8,Two year,Yes,No,0.0,,🔒 Offer OnlineSecurity add-on
8679-LZBMD,44,90.65,One year,No,No,0.11,Low Risk,🎯 Assign dedicated support agent
3407-JMJQQ,71,109.0,Two year,No,Yes,0.01,Low Risk,🎯 Assign dedicated support agent
6252-DFGTK,37,68.1,One year,Yes,Yes,0.0,,✅ Monitor
1539-LNKHM,12,20.4,Month-to-month,No internet service,No internet service,0.0,,✅ Monitor
8645-KOMJQ,69,81.95,Two year,Yes,No,0.02,Low Risk,🔒 Offer OnlineSecurity add-on
0289-IVARM,35,60.55,Month-to-month,No,Yes,0.12,Low Risk,💰 Offer annual plan discount
9761-XUJWD,5,65.6,Month-to-month,Yes,No,0.07,Low Risk,🔒 Offer OnlineSecurity add-on
4057-FKCZK,58,82.5,Two year,No,No,0.02,Low Risk,🎯 Assign dedicated support agent
4291-TPNFG,72,82.3,Two year,Yes,Yes,0.0,,✅ Monitor
6087-YPWHO,72,68.15,Two year,Yes,Yes,0.02,Low Risk,✅ Monitor
3090-QFUVD,1,20.3,Month-to-month,No internet service,No internet service,0.05734646787362443,Low Risk,📧 Send re-engagement email
1722-LDZJS,53,20.2,One year,No internet service,No internet service,0.0,,✅ Monitor
1818-ESQMW,27,89.2,Month-to-month,Yes,No,0.13,Low Risk,🔒 Offer OnlineSecurity add-on
7401-RUBNK,18,74.8,Month-to-month,No,Yes,0.2,Low Risk,💰 Offer annual plan discount
0506-YLVKJ,46,20.2,Two year,No internet service,No internet service,0.0,,✅ Monitor
8661-BOYNW,72,84.4,Two year,Yes,Yes,0.0,,✅ Monitor
4815-GBTCD,4,25.15,Month-to-month,No,No,0.24,Low Risk,🔒 Offer OnlineSecurity add-on
2805-AUFQN,25,19.8,Two year,No internet service,No internet service,0.04,Low Risk,✅ Monitor
0980-PVMRC,40,50.85,Month-to-month,No,No,0.05,Low Risk,🔒 Offer OnlineSecurity add-on
7233-DRTRF,63,102.4,Month-to-month,No,No,0.22,Low Risk,🎯 Assign dedicated support agent
3873-NFTGI,14,55.5,Month-to-month,No,No,0.13,Low Risk,🔒 Offer OnlineSecurity add-on
1162-ECVII,72,109.75,Two year,Yes,No,0.0,,🔒 Offer OnlineSecurity add-on
7048-GXDAY,39,106.4,Month-to-month,No,Yes,0.16,Low Risk,🎯 Assign dedicated support agent
8571-ZCMCX,47,60.0,Two year,No,Yes,0.04,Low Risk,✅ Monitor
1169-WCVAK,19,88.8,Month-to-month,Yes,Yes,0.31,Medium Risk,💰 Offer annual plan discount
7129-CAKJW,17,80.05,Month-to-month,No,No,0.1,Low Risk,🎯 Assign dedicated support agent
8695-ARGXZ,34,75.55,Month-to-month,No,No,0.26,Low Risk,🔒 Offer OnlineSecurity add-on
3570-YUEKJ,42,49.55,Month-to-month,No,No,0.02,Low Risk,🔒 Offer OnlineSecurity add-on
1555-HAPSU,71,23.9,Two year,No internet service,No internet service,0.0,,✅ Monitor
1697-NVVGY,19,66.4,Month-to-month,No,Yes,0.08,Low Risk,💰 Offer annual plan discount
8464-EETCQ,57,18.8,Two year,No internet service,No internet service,0.08,Low Risk,✅ Monitor
2419-FSORS,72,108.4,Two year,Yes,No,0.05,Low Risk,🔒 Offer OnlineSecurity add-on
8132-YPVBX,6,85.95,Month-to-month,No,No,0.64,High Risk,🎯 Assign dedicated support agent
6754-LZUKA,61,80.9,Two year,No,No,0.01,Low Risk,🎯 Assign dedicated support agent
8099-MZPUJ,48,111.8,Two year,Yes,Yes,0.05,Low Risk,✅ Monitor
0787-LHDYT,16,20.6,Month-to-month,No internet service,No internet service,0.1,Low Risk,💰 Offer annual plan discount
0374-IOEGQ,3,44.6,Month-to-month,No,No,0.13,Low Risk,📧 Send re-engagement email
3197-NNYNB,65,105.1,Two year,No,No,0.02,Low Risk,🎯 Assign dedicated support agent
3396-DKDEL,70,115.15,Two year,Yes,Yes,0.07,Low Risk,✅ Monitor
1752-OZXFY,60,59.8,One year,No,Yes,0.03,Low Risk,✅ Monitor
9066-QRSDU,69,26.3,One year,No internet service,No internet service,0.01,Low Risk,✅ Monitor
9112-WSNPU,35,70.55,Month-to-month,No,No,0.43,Medium Risk,🔒 Offer OnlineSecurity add-on
9867-NNXLC,22,20.05,Month-to-month,No internet service,No internet service,0.01,Low Risk,💰 Offer annual plan discount
5321-NTRKC,66,79.85,Two year,No,No,0.03,Low Risk,🔒 Offer OnlineSecurity add-on
3161-GETRM,34,90.05,Month-to-month,No,No,0.14,Low Risk,🎯 Assign dedicated support agent
0402-OAMEN,72,24.45,Two year,No internet service,No internet service,0.0,,✅ Monitor
6933-VLYFX,31,59.95,One year,Yes,Yes,0.03,Low Risk,✅ Monitor
6754-WKSHP,30,25.35,One year,No internet service,No internet service,0.09,Low Risk,✅ Monitor
4976-LNFVV,19,34.3,Month-to-month,No,No,0.12,Low Risk,🔒 Offer OnlineSecurity add-on
5055-MGMGF,65,105.05,Month-to-month,No,Yes,0.07,Low Risk,🎯 Assign dedicated support agent
4641-FROLU,30,19.3,Two year,No internet service,No internet service,0.0,,✅ Monitor
2862-JVEOY,6,19.15,One year,No internet service,No internet service,0.01,Low Risk,✅ Monitor
2969-QWUBZ,2,51.4,Month-to-month,No,No,0.13,Low Risk,📧 Send re-engagement email
9822-BIIGN,53,71.85,Month-to-month,Yes,Yes,0.12,Low Risk,💰 Offer annual plan discount
2077-MPJQO,7,75.4,Month-to-month,No,No,0.76,High Risk,🔒 Offer OnlineSecurity add-on
1534-OULXE,61,49.7,One year,No,Yes,0.0,,✅ Monitor
2971-SGAFL,13,78.75,Month-to-month,No,Yes,0.36,Medium Risk,💰 Offer annual plan discount
1480-IVEVR,35,81.6,One year,No,No,0.02,Low Risk,🎯 Assign dedicated support agent
2905-KFQUV,2,70.4,Month-to-month,No,No,0.28,Low Risk,📧 Send re-engagement email
3370-HXOPH,3,76.1,Month-to-month,No,No,0.37,Medium Risk,📧 Send re-engagement email
9391-YZEJW,62,94.0,One year,No,No,0.07,Low Risk,🎯 Assign dedicated support agent
9958-MEKUC,72,103.95,Two year,Yes,Yes,0.0,,✅ Monitor
0281-CNTZX,63,19.95,Two year,No internet service,No internet service,0.0,,✅ Monitor
4118-CEVPF,35,110.8,One year,Yes,Yes,0.09,Low Risk,✅ Monitor
9114-VEPUF,62,96.1,One year,No,Yes,0.03,Low Risk,🎯 Assign dedicated support agent
7876-BEUTG,15,48.8,Month-to-month,No,No,0.31,Medium Risk,🔒 Offer OnlineSecurity add-on
2338-BQEZT,55,50.55,Month-to-month,No,Yes,0.07,Low Risk,💰 Offer annual plan discount
9873-MNDKV,11,44.65,Month-to-month,No,No,0.11,Low Risk,🔒 Offer OnlineSecurity add-on
8241-JUIQO,61,19.45,One year,No internet service,No internet service,0.04,Low Risk,✅ Monitor
2194-IIQOF,71,89.3,Two year,Yes,Yes,0.0,,✅ Monitor
9631-RXVJM,35,19.25,Two year,No internet service,No internet service,0.01,Low Risk,✅ Monitor
9584-EXCDZ,17,70.5,Month-to-month,No,No,0.15,Low Risk,🔒 Offer OnlineSecurity add-on
5093-FEGLU,47,19.65,Two year,No internet service,No internet service,0.0,,✅ Monitor
2621-UDNLU,3,20.85,Month-to-month,No internet service,No internet service,0.04,Low Risk,📧 Send re-engagement email
7526-IVLYU,3,19.65,Month-to-month,No internet service,No internet service,0.08,Low Risk,📧 Send re-engagement email
2428-HYUNX,44,19.35,Two year,No internet service,No internet service,0.0,,✅ Monitor
9214-EKVXR,1,44.0,Month-to-month,No,No,0.23,Low Risk,📧 Send re-engagement email
3410-MHHUM,44,94.4,One year,No,No,0.03,Low Risk,🎯 Assign dedicated support agent
2122-YWVYA,18,75.4,Month-to-month,No,Yes,0.16,Low Risk,💰 Offer annual plan discount
2296-DKZFP,65,71.0,Two year,No,Yes,0.0,,✅ Monitor
8909-BOLNL,3,21.2,One year,No internet service,No internet service,0.02,Low Risk,✅ Monitor
6603-YRDCJ,33,61.05,Two year,Yes,Yes,0.0,,✅ Monitor
3229-USWAR,34,79.95,One year,Yes,Yes,0.03,Low Risk,✅ Monitor
2138-VFAPZ,14,19.7,Two year,No internet service,No internet service,0.01,Low Risk,✅ Monitor
6131-JLWZM,13,20.3,Month-to-month,No internet service,No internet service,0.02,Low Risk,💰 Offer annual plan discount
0269-XFESX,23,24.35,One year,No internet service,No internet service,0.0,,✅ Monitor
1709-EJDOX,47,19.75,Two year,No internet service,No internet service,0.0,,✅ Monitor
4316-XCSLJ,17,50.3,Month-to-month,No,Yes,0.08,Low Risk,💰 Offer annual plan discount
9693-XMUOB,59,50.25,Month-to-month,No,No,0.2,Low Risk,🔒 Offer OnlineSecurity add-on
0383-CLDDA,69,85.35,Two year,Yes,Yes,0.0,,✅ Monitor
2709-UQGNP,10,51.65,Month-to-month,No,Yes,0.15,Low Risk,✅ Monitor
3549-ZTMNH,12,24.0,Two year,No internet service,No internet service,0.0,,✅ Monitor
8033-ATFAS,39,59.85,Month-to-month,No,No,0.1,Low Risk,🔒 Offer OnlineSecurity add-on
1635-NZATJ,71,25.45,Two year,No internet service,No internet service,0.0,,✅ Monitor
0562-HKHML,71,23.9,Two year,No internet service,No internet service,0.0,,✅ Monitor
8277-RVRSV,33,24.15,One year,No internet service,No internet service,0.01,Low Risk,✅ Monitor
9943-VSZUV,67,75.7,Month-to-month,No,No,0.11,Low Risk,🔒 Offer OnlineSecurity add-on
7054-ENNGU,9,50.85,Month-to-month,No,No,0.05,Low Risk,🔒 Offer OnlineSecurity add-on
1455-HFBXA,52,91.6,Two year,Yes,Yes,0.02,Low Risk,✅ Monitor
9402-CXWPL,70,98.9,One year,No,No,0.1,Low Risk,🎯 Assign dedicated support agent
1628-BIZYP,1,85.0,Month-to-month,No,No,0.77,High Risk,📧 Send re-engagement email
0082-LDZUE,1,44.3,Month-to-month,No,No,0.16,Low Risk,📧 Send re-engagement email
5343-SGUBI,52,80.2,One year,No,No,0.03,Low Risk,🎯 Assign dedicated support agent
0856-NAOES,6,60.9,Month-to-month,No,No,0.13,Low Risk,🔒 Offer OnlineSecurity add-on
1976-AZZPJ,7,34.2,Month-to-month,No,Yes,0.06,Low Risk,✅ Monitor
6156-UZDLF,26,87.15,One year,Yes,Yes,0.01,Low Risk,✅ Monitor
3099-OONVS,25,54.3,Month-to-month,Yes,Yes,0.09,Low Risk,💰 Offer annual plan discount
9500-WBGRP,69,19.1,Two year,No internet service,No internet service,0.03,Low Risk,✅ Monitor
5183-KLYEM,72,112.75,Two year,Yes,Yes,0.0,,✅ Monitor
5144-PQCDZ,4,19.95,Month-to-month,No internet service,No internet service,0.06,Low Risk,✅ Monitor
8514-VZHEB,59,19.5,Two year,No internet service,No internet service,0.01,Low Risk,✅ Monitor
6625-IUTTT,67,65.55,Two year,No,Yes,0.03,Low Risk,✅ Monitor
9355-NPPFS,26,78.8,Month-to-month,No,No,0.07,Low Risk,🔒 Offer OnlineSecurity add-on
0068-FIGTF,27,78.2,One year,Yes,No,0.03,Low Risk,🔒 Offer OnlineSecurity add-on
5965-GGPRW,72,105.25,Two year,No,Yes,0.0,,🎯 Assign dedicated support agent
8035-PWSEV,6,89.25,Month-to-month,Yes,No,0.26,Low Risk,🔒 Offer OnlineSecurity add-on
2236-HILPA,62,20.65,Two year,No internet service,No internet service,0.0,,✅ Monitor
1840-BIUOG,20,68.7,One year,Yes,No,0.13,Low Risk,🔒 Offer OnlineSecurity add-on
1356-MKYSK,6,78.65,Month-to-month,Yes,Yes,0.04,Low Risk,✅ Monitor
6080-LNESI,51,24.75,Two year,No internet service,No internet service,0.05,Low Risk,✅ Monitor
1830-IPXVJ,61,19.75,Two year,No internet service,No internet service,0.02,Low Risk,✅ Monitor
5828-DWPIL,62,89.1,Month-to-month,No,Yes,0.07,Low Risk,🎯 Assign dedicated support agent
8398-TBIYD,72,84.7,Two year,Yes,Yes,0.03,Low Risk,✅ Monitor
2931-FSOHN,13,59.9,Month-to-month,No,No,0.04,Low Risk,🔒 Offer OnlineSecurity add-on
9418-RUKPH,38,19.95,Two year,No internet service,No internet service,0.0,,✅ Monitor
9971-ZWPBF,34,108.9,Month-to-month,Yes,No,0.13,Low Risk,🔒 Offer OnlineSecurity add-on
4712-AUQZO,18,33.6,Month-to-month,No,Yes,0.09,Low Risk,💰 Offer annual plan discount
9711-FJTBX,56,85.85,One year,Yes,No,0.02,Low Risk,🔒 Offer OnlineSecurity add-on
2908-ZTPNF,36,34.85,Month-to-month,Yes,No,0.05,Low Risk,🔒 Offer OnlineSecurity add-on
8421-WZOOW,57,95.3,Month-to-month,Yes,No,0.03,Low Risk,🔒 Offer OnlineSecurity add-on
1414-YADCW,70,84.6,Two year,Yes,Yes,0.02,Low Risk,✅ Monitor
8756-RDDLT,68,44.95,Month-to-month,Yes,No,0.05,Low Risk,🔒 Offer OnlineSecurity add-on
2862-PFNIK,1,24.7,Month-to-month,No,No,0.24,Low Risk,📧 Send re-engagement email
5816-QVHRX,37,100.3,Month-to-month,Yes,No,0.26,Low Risk,🔒 Offer OnlineSecurity add-on
4430-YHXGG,4,25.45,Month-to-month,No internet service,No internet service,0.02,Low Risk,✅ Monitor
6888-SBYAI,1,50.7,Month-to-month,No,Yes,0.13,Low Risk,📧 Send re-engagement email
7395-XWZOY,20,55.0,Month-to-month,Yes,Yes,0.12,Low Risk,💰 Offer annual plan discount
7169-YWAMK,72,68.4,Two year,Yes,Yes,0.0,,✅ Monitor
6859-RKMZJ,11,55.05,Month-to-month,No,No,0.03,Low Risk,🔒 Offer OnlineSecurity add-on
2729-VNVAP,33,19.8,Two year,No internet service,No internet service,0.01,Low Risk,✅ Monitor
2957-JIRMN,62,84.45,One year,No,No,0.09,Low Risk,🎯 Assign dedicated support agent
2049-BAFNW,1,35.9,Month-to-month,Yes,No,0.13,Low Risk,📧 Send re-engagement email
3842-QTGDL,16,80.75,Month-to-month,No,Yes,0.1,Low Risk,🎯 Assign dedicated support agent
7163-OCEQI,22,78.65,One year,Yes,No,0.14,Low Risk,🔒 Offer OnlineSecurity add-on
9782-LGXMC,49,61.75,Month-to-month,Yes,Yes,0.0,,💰 Offer annual plan discount
5975-BAICR,36,63.7,One year,No,Yes,0.03,Low Risk,✅ Monitor
4673-KKSLS,31,87.6,Month-to-month,Yes,Yes,0.06,Low Risk,💰 Offer annual plan discount
4853-OITSN,5,89.15,Month-to-month,No,Yes,0.19,Low Risk,🎯 Assign dedicated support agent
9800-OUIGR,66,20.0,Two year,No internet service,No internet service,0.01,Low Risk,✅ Monitor
2324-EFHVG,64,104.4,Two year,No,No,0.07,Low Risk,🎯 Assign dedicated support agent
7094-MSZAO,10,20.05,Month-to-month,No internet service,No internet service,0.03,Low Risk,✅ Monitor
6907-CQGPN,29,34.3,Month-to-month,Yes,No,0.01,Low Risk,🔒 Offer OnlineSecurity add-on
0780-XNZFN,57,20.65,Two year,No internet service,No internet service,0.0,,✅ Monitor
0239-OXEXL,46,84.25,Month-to-month,No,Yes,0.09,Low Risk,🎯 Assign dedicated support agent
2675-IJRGJ,53,19.65,Two year,No internet service,No internet service,0.02,Low Risk,✅ Monitor
7049-GKVZY,17,79.85,One year,Yes,Yes,0.09,Low Risk,✅ Monitor
8577-QSOCG,38,20.2,Two year,No internet service,No internet service,0.0,,✅ Monitor
3721-CNZHX,15,19.8,One year,No internet service,No internet service,0.0,,✅ Monitor
0212-ISBBF,22,50.35,Month-to-month,No,No,0.12,Low Risk,🔒 Offer OnlineSecurity add-on
3585-YNADK,57,74.6,One year,Yes,No,0.0,,🔒 Offer OnlineSecurity add-on
5271-DBYSJ,11,79.15,Month-to-month,No,No,0.09,Low Risk,🔒 Offer OnlineSecurity add-on
1099-GODLO,1,20.35,Two year,No internet service,No internet service,0.04,Low Risk,✅ Monitor
6828-HMKWP,12,21.05,Two year,No internet service,No internet service,0.0,,✅ Monitor
1472-TNCWL,36,94.7,Month-to-month,No,No,0.05,Low Risk,🎯 Assign dedicated support agent
2080-GKCWQ,2,74.95,Month-to-month,No,No,0.13,Low Risk,📧 Send re-engagement email
2193-SFWQW,72,111.95,Two year,Yes,Yes,0.02,Low Risk,✅ Monitor
5656-JAMLX,62,19.85,Two year,No internet service,No internet service,0.0,,✅ Monitor
3462-BJQQA,6,89.75,Month-to-month,No,No,0.31,Medium Risk,🎯 Assign dedicated support agent
0442-TDYUO,48,20.05,Two year,No internet service,No internet service,0.0,,✅ Monitor
6733-LRIZX,35,108.95,Two year,Yes,Yes,0.24,Low Risk,✅ Monitor
9503-XJUME,52,19.65,One year,No internet service,No internet service,0.0,,✅ Monitor
4367-NHWMM,1,24.9,Month-to-month,No,No,0.25,Low Risk,📧 Send re-engagement email
3779-OSWCF,71,93.2,Two year,Yes,Yes,0.01,Low Risk,✅ Monitor
6736-DHUQI,67,84.8,One year,No,Yes,0.03,Low Risk,🎯 Assign dedicated support agent
3915-ODIYG,60,71.75,One year,No,Yes,0.02,Low Risk,✅ Monitor
1360-RCYRT,23,30.35,Month-to-month,Yes,No,0.06,Low Risk,🔒 Offer OnlineSecurity add-on
2724-FJDYW,39,54.85,One year,Yes,No,0.02,Low Risk,🔒 Offer OnlineSecurity add-on
4451-RWASJ,15,19.5,One year,No internet service,No internet service,0.04,Low Risk,✅ Monitor
3460-TJBWI,24,24.2,Two year,No internet service,No internet service,0.01,Low Risk,✅ Monitor
5917-HBSDW,37,19.35,Month-to-month,No internet service,No internet service,0.04,Low Risk,💰 Offer annual plan discount
5671-UUNXD,50,100.65,One year,Yes,No,0.01,Low Risk,🔒 Offer OnlineSecurity add-on
0956-ACVZC,54,94.1,One year,No,No,0.12,Low Risk,🎯 Assign dedicated support agent
2325-NBPZG,3,74.55,Month-to-month,No,Yes,0.57,Medium Risk,📧 Send re-engagement email
4482-FTFFX,5,56.15,Month-to-month,Yes,No,0.07,Low Risk,🔒 Offer OnlineSecurity add-on
8859-DZTGQ,33,20.35,Two year,No internet service,No internet service,0.0,,✅ Monitor
0440-MOGPM,41,80.55,One year,No,No,0.03,Low Risk,🎯 Assign dedicated support agent
0020-JDNXP,34,61.25,One year,Yes,Yes,0.01,Low Risk,✅ Monitor
3752-CQSJI,13,20.45,Month-to-month,No internet service,No internet service,0.02,Low Risk,💰 Offer annual plan discount
5025-GOOKI,20,18.9,Month-to-month,No internet service,No internet service,0.06,Low Risk,💰 Offer annual plan discount
4698-KVLLG,51,19.6,Two year,No internet service,No internet service,0.0,,✅ Monitor
2887-JPYLU,41,45.2,Month-to-month,No,No,0.06,Low Risk,🔒 Offer OnlineSecurity add-on
4770-QAZXN,13,19.45,Month-to-month,No internet service,No internet service,0.04,Low Risk,💰 Offer annual plan discount
4896-CPRPF,35,25.45,Two year,No internet service,No internet service,0.0,,✅ Monitor
9714-EDSUC,4,94.9,Month-to-month,Yes,Yes,0.19,Low Risk,✅ Monitor
0282-NVSJS,12,29.3,Month-to-month,Yes,No,0.07,Low Risk,🔒 Offer OnlineSecurity add-on
7353-YOWFP,7,20.25,One year,No internet service,No internet service,0.0,,✅ Monitor
8008-ESFLK,53,110.5,One year,Yes,Yes,0.1,Low Risk,✅ Monitor
7537-CBQUZ,63,109.4,Month-to-month,No,Yes,0.03,Low Risk,🎯 Assign dedicated support agent
3363-EWLGO,5,19.95,Month-to-month,No internet service,No internet service,0.04,Low Risk,✅ Monitor
4750-UKWJK,37,19.6,One year,No internet service,No internet service,0.0,,✅ Monitor
1689-YQBYY,12,76.6,Month-to-month,No,No,0.16,Low Risk,🔒 Offer OnlineSecurity add-on
4487-ZYJZK,38,19.6,One year,No internet service,No internet service,0.0,,✅ Monitor
2959-FENLU,9,85.3,Month-to-month,No,No,0.28,Low Risk,🎯 Assign dedicated support agent
0708-LGSMF,13,65.85,Month-to-month,No,Yes,0.11,Low Risk,💰 Offer annual plan discount
7634-HLQJR,47,20.05,Two year,No internet service,No internet service,0.0,,✅ Monitor
0487-RPVUM,61,99.4,Month-to-month,Yes,Yes,0.12,Low Risk,💰 Offer annual plan discount
4079-ULGFR,16,20.0,Month-to-month,No internet service,No internet service,0.03,Low Risk,💰 Offer annual plan discount
2516-XSJKX,41,78.45,Two year,Yes,Yes,0.02,Low Risk,✅ Monitor
0057-QBUQH,43,25.1,Two year,No internet service,No internet service,0.04,Low Risk,✅ Monitor
6599-SFQVE,6,55.0,Month-to-month,No,No,0.14,Low Risk,🔒 Offer OnlineSecurity add-on
8331-ZXFOE,58,71.1,One year,Yes,Yes,0.0,,✅ Monitor
4003-FUSHP,19,61.55,Month-to-month,Yes,No,0.26,Low Risk,🔒 Offer OnlineSecurity add-on
0356-ERHVT,11,45.9,Month-to-month,No,No,0.04,Low Risk,🔒 Offer OnlineSecurity add-on
7325-ENZFI,39,40.3,One year,Yes,Yes,0.0,,✅ Monitor
4884-ZTHVF,8,87.1,Month-to-month,No,No,0.3,Low Risk,🎯 Assign dedicated support agent
3920-HIHMQ,26,49.5,Month-to-month,No,No,0.06,Low Risk,🔒 Offer OnlineSecurity add-on
3055-OYMSE,53,73.8,Month-to-month,No,No,0.14,Low Risk,🔒 Offer OnlineSecurity add-on
0613-WUXUM,70,19.2,Two year,No internet service,No internet service,0.0,,✅ Monitor
4458-KVRBJ,59,25.0,Two year,No internet service,No internet service,0.02,Low Risk,✅ Monitor
1397-XKKWR,7,35.3,One year,No,Yes,0.06,Low Risk,✅ Monitor
8097-OMULG,59,76.75,One year,Yes,No,0.01,Low Risk,🔒 Offer OnlineSecurity add-on
6013-BHCAW,61,81.0,Two year,Yes,No,0.01,Low Risk,🔒 Offer OnlineSecurity add-on
0401-WDBXM,72,105.55,Two year,No,Yes,0.01,Low Risk,🎯 Assign dedicated support agent
3387-PLKUI,13,18.8,Month-to-month,No internet service,No internet service,0.0,,💰 Offer annual plan discount
6096-EGVTU,64,24.9,One year,No internet service,No internet service,0.01,Low Risk,✅ Monitor
5081-NWSUP,10,64.9,One year,Yes,No,0.13,Low Risk,🔒 Offer OnlineSecurity add-on
2580-ATZSQ,65,61.35,One year,No,Yes,0.0,,✅ Monitor
8085-MSNLK,62,113.95,Two year,Yes,Yes,0.03,Low Risk,✅ Monitor
9691-HKOVS,55,90.15,One year,Yes,Yes,0.02,Low Risk,✅ Monitor
9881-VCZEP,25,54.1,Month-to-month,No,No,0.01,Low Risk,🔒 Offer OnlineSecurity add-on
8757-TFHHJ,1,49.8,Month-to-month,No,Yes,0.46,Medium Risk,📧 Send re-engagement email
1468-DEFNC,64,24.4,Two year,No internet service,No internet service,0.0,,✅ Monitor
5119-KEPFY,36,95.0,Month-to-month,No,No,0.19,Low Risk,🎯 Assign dedicated support agent
0916-KNFAJ,61,69.9,Two year,No,Yes,0.02,Low Risk,✅ Monitor
8319-QBEHW,26,39.95,One year,No,No,0.07,Low Risk,🔒 Offer OnlineSecurity add-on
9625-QNLUX,68,103.25,Two year,No,Yes,0.02,Low Risk,🎯 Assign dedicated support agent
4024-CSNBY,72,94.25,Two year,Yes,Yes,0.02,Low Risk,✅ Monitor
7110-BDTWG,71,47.05,Two year,Yes,No,0.07,Low Risk,🔒 Offer OnlineSecurity add-on
7493-GVFIO,57,20.55,Two year,No internet service,No internet service,0.0,,✅ Monitor
0690-SRQID,4,19.65,Month-to-month,No internet service,No internet service,0.04,Low Risk,✅ Monitor
9605-WGJVW,1,70.2,Month-to-month,No,No,0.25,Low Risk,📧 Send re-engagement email
9114-DPSIA,72,81.0,Two year,Yes,Yes,0.0,,✅ Monitor
4700-UBQMV,21,75.9,One year,No,Yes,0.11,Low Risk,✅ Monitor
7711-GQBZC,71,24.7,Two year,No internet service,No internet service,0.0,,✅ Monitor
4627-MIHJH,69,110.25,Two year,Yes,Yes,0.28,Low Risk,✅ Monitor
9795-NREXC,64,85.0,Two year,Yes,Yes,0.0,,✅ Monitor
8573-CGOCC,16,19.75,Month-to-month,No internet service,No internet service,0.07,Low Risk,💰 Offer annual plan discount
7356-AYNJP,4,23.9,One year,No internet service,No internet service,0.03,Low Risk,✅ Monitor
6286-SUUWT,1,19.95,Month-to-month,No internet service,No internet service,0.6497114275652354,High Risk,📧 Send re-engagement email
4819-HJPIW,18,25.15,Month-to-month,No,No,0.12,Low Risk,🔒 Offer OnlineSecurity add-on
8654-DHAOW,2,54.15,Month-to-month,No,No,0.15,Low Risk,📧 Send re-engagement email
5438-QMDDL,19,59.8,Month-to-month,No,No,0.13,Low Risk,🔒 Offer OnlineSecurity add-on
9812-GHVRI,40,83.85,Month-to-month,No,No,0.31,Medium Risk,🎯 Assign dedicated support agent
5553-AOINX,66,104.9,One year,No,No,0.06,Low Risk,🎯 Assign dedicated support agent
1228-ZLNBX,21,75.3,Month-to-month,No,No,0.16,Low Risk,🔒 Offer OnlineSecurity add-on
4226-KKDON,8,66.65,Month-to-month,Yes,No,0.08,Low Risk,🔒 Offer OnlineSecurity add-on
3831-YCPUO,72,109.5,Two year,Yes,Yes,0.02,Low Risk,✅ Monitor
7445-WMRBW,48,73.85,One year,Yes,No,0.0,,🔒 Offer OnlineSecurity add-on
3308-DGHKL,69,19.3,Two year,No internet service,No internet service,0.01,Low Risk,✅ Monitor
9924-JPRMC,72,118.2,Two year,Yes,Yes,0.03,Low Risk,✅ Monitor
0080-EMYVY,14,51.45,One year,No,No,0.03,Low Risk,🔒 Offer OnlineSecurity add-on
6218-KNUBD,6,59.45,Month-to-month,No,No,0.09,Low Risk,🔒 Offer OnlineSecurity add-on
7337-CINUD,8,19.5,Two year,No internet service,No internet service,0.12,Low Risk,✅ Monitor
7609-NRNCA,17,19.55,One year,No internet service,No internet service,0.0,,✅ Monitor
0623-EJQEG,65,93.55,One year,Yes,Yes,0.02,Low Risk,✅ Monitor
7153-CHRBV,57,59.3,One year,Yes,Yes,0.01,Low Risk,✅ Monitor
6198-PNNSZ,56,109.8,One year,No,Yes,0.25,Low Risk,🎯 Assign dedicated support agent
3317-VLGQT,14,78.1,Month-to-month,No,No,0.19,Low Risk,🔒 Offer OnlineSecurity add-on
4132-POCZS,52,39.9,Month-to-month,No,Yes,0.05,Low Risk,💰 Offer annual plan discount
5614-DNZCE,58,64.9,Two year,Yes,Yes,0.02,Low Risk,✅ Monitor
3896-RCYYE,67,53.4,Month-to-month,Yes,No,0.12,Low Risk,🔒 Offer OnlineSecurity add-on
9638-JIQYA,2,24.9,Month-to-month,No,No,0.7,High Risk,📧 Send re-engagement email
3258-SANFR,6,44.7,Month-to-month,No,No,0.15,Low Risk,🔒 Offer OnlineSecurity add-on
3726-TBHQT,71,114.0,Two year,Yes,Yes,0.01,Low Risk,✅ Monitor
3190-ITQXP,46,20.25,Two year,No internet service,No internet service,0.0,,✅ Monitor
4833-QTJNO,67,83.85,Month-to-month,No,Yes,0.06,Low Risk,🎯 Assign dedicated support agent
3039-MJSLN,3,20.2,Month-to-month,No internet service,No internet service,0.0,,📧 Send re-engagement email
0178-CIIKR,3,19.95,Month-to-month,No internet service,No internet service,0.02,Low Risk,📧 Send re-engagement email
5774-QPLTF,50,20.35,One year,No internet service,No internet service,0.0,,✅ Monitor
2322-VCZHZ,23,90.0,Month-to-month,No,Yes,0.1,Low Risk,🎯 Assign dedicated support agent
5010-IPEAQ,67,54.2,Two year,Yes,Yes,0.0,,✅ Monitor
6383-ZTSIW,39,99.1,One year,No,Yes,0.15,Low Risk,🎯 Assign dedicated support agent
8990-YOZLV,69,66.9,Two year,Yes,Yes,0.0,,✅ Monitor
3069-SSVSN,1,25.85,One year,No,No,0.39,Medium Risk,🔒 Offer OnlineSecurity add-on
5222-IMUKT,32,91.05,Month-to-month,No,No,0.13,Low Risk,🎯 Assign dedicated support agent
6685-XSHHU,60,20.95,Two year,No internet service,No internet service,0.0,,✅ Monitor
8901-UPRHR,72,109.2,Two year,Yes,No,0.02,Low Risk,🔒 Offer OnlineSecurity add-on
0118-JPNOY,26,85.8,Month-to-month,No,Yes,0.15,Low Risk,🎯 Assign dedicated support agent
3845-FXCYS,2,19.65,Month-to-month,No internet service,No internet service,0.05,Low Risk,📧 Send re-engagement email
5857-XRECV,2,20.5,One year,No internet service,No internet service,0.12,Low Risk,✅ Monitor
0725-CXOTM,36,89.65,One year,Yes,Yes,0.11,Low Risk,✅ Monitor
4343-EJVQB,7,74.35,Month-to-month,No,Yes,0.1,Low Risk,✅ Monitor
9000-PLFUZ,60,49.45,Two year,No,No,0.06,Low Risk,🔒 Offer OnlineSecurity add-on
3427-GGZZI,19,89.1,Month-to-month,No,No,0.22,Low Risk,🎯 Assign dedicated support agent
7779-ORAEL,45,75.15,Two year,Yes,Yes,0.03,Low Risk,✅ Monitor
0644-OQMDK,4,70.65,Month-to-month,No,No,0.22,Low Risk,🔒 Offer OnlineSecurity add-on
3154-CFSZG,47,90.05,Month-to-month,No,Yes,0.11,Low Risk,🎯 Assign dedicated support agent
2220-IAHLS,1,19.4,Month-to-month,No internet service,No internet service,0.05,Low Risk,📧 Send re-engagement email
1658-XUHBX,59,88.75,Month-to-month,No,No,0.07,Low Risk,🎯 Assign dedicated support agent
2378-HTWFW,35,91.0,Month-to-month,No,Yes,0.1,Low Risk,🎯 Assign dedicated support agent
4377-VDHYI,32,90.8,One year,No,Yes,0.16,Low Risk,🎯 Assign dedicated support agent
3719-TDVQB,54,18.95,Two year,No internet service,No internet service,0.01,Low Risk,✅ Monitor
0201-MIBOL,66,102.4,Two year,No,Yes,0.07,Low Risk,🎯 Assign dedicated support agent
4937-QPZPO,61,99.9,One year,No,No,0.34,Medium Risk,🎯 Assign dedicated support agent
2925-VDZHY,72,88.7,Two year,Yes,Yes,0.0,,✅ Monitor
6981-TDRFT,44,54.3,One year,Yes,No,0.1,Low Risk,🔒 Offer OnlineSecurity add-on
3413-CSSTH,41,55.7,Month-to-month,No,No,0.14,Low Risk,🔒 Offer OnlineSecurity add-on
8033-VCZGH,50,103.95,One year,No,Yes,0.42,Medium Risk,🎯 Assign dedicated support agent
0224-NIJLP,8,20.15,Two year,No internet service,No internet service,0.0,,✅ Monitor
7542-CYDDM,18,20.05,Month-to-month,No internet service,No internet service,0.04,Low Risk,💰 Offer annual plan discount
4718-WXBGI,72,91.95,Two year,Yes,Yes,0.0,,✅ Monitor
8495-PRWFH,42,55.65,Month-to-month,No,No,0.24,Low Risk,🔒 Offer OnlineSecurity add-on
0439-IFYUN,18,74.7,Month-to-month,No,No,0.1,Low Risk,🔒 Offer OnlineSecurity add-on
5716-LIBJC,13,104.15,One year,No,No,0.1,Low Risk,🎯 Assign dedicated support agent
2868-LLSKM,68,83.65,One year,Yes,No,0.03,Low Risk,🔒 Offer OnlineSecurity add-on
2988-QRAJY,69,110.05,Two year,No,Yes,0.04,Low Risk,🎯 Assign dedicated support agent
0071-NDAFP,25,25.5,Two year,No internet service,No internet service,0.02,Low Risk,✅ Monitor
7328-ZJAJO,59,19.5,Two year,No internet service,No internet service,0.0,,✅ Monitor
6458-CYIDZ,5,80.7,Month-to-month,No,Yes,0.13,Low Risk,🎯 Assign dedicated support agent
1090-PYKCI,69,105.1,One year,Yes,Yes,0.0,,✅ Monitor
3058-WQDRE,13,25.15,Month-to-month,No,No,0.08,Low Risk,🔒 Offer OnlineSecurity add-on
2279-AXJJK,52,95.65,Month-to-month,Yes,No,0.28,Low Risk,🔒 Offer OnlineSecurity add-on
0909-SELIE,61,80.8,Two year,Yes,Yes,0.02,Low Risk,✅ Monitor
3417-TSCIC,29,24.85,One year,No,No,0.02,Low Risk,🔒 Offer OnlineSecurity add-on
1042-HFUCW,25,54.75,One year,Yes,No,0.07,Low Risk,🔒 Offer OnlineSecurity add-on
6537-OTKMY,15,50.75,One year,No,No,0.11,Low Risk,🔒 Offer OnlineSecurity add-on
8999-EXMNO,19,20.15,Two year,No internet service,No internet service,0.01,Low Risk,✅ Monitor
6725-TPKJO,44,20.05,Two year,No internet service,No internet service,0.0,,✅ Monitor
7162-WPHPM,58,71.6,Two year,Yes,Yes,0.0,,✅ Monitor
1599-MMYRQ,62,81.45,One year,No,Yes,0.01,Low Risk,🎯 Assign dedicated support agent
8821-KVZKQ,70,58.4,One year,Yes,No,0.01,Low Risk,🔒 Offer OnlineSecurity add-on
6434-TTGJP,10,53.7,Two year,Yes,Yes,0.01,Low Risk,✅ Monitor
0042-JVWOJ,26,19.6,One year,No internet service,No internet service,0.0,,✅ Monitor
0130-SXOUN,66,89.4,Month-to-month,No,No,0.08,Low Risk,🎯 Assign dedicated support agent
2330-PQGDQ,51,84.2,One year,Yes,No,0.04,Low Risk,🔒 Offer OnlineSecurity add-on
1452-UZOSF,72,106.1,Two year,Yes,Yes,0.01,Low Risk,✅ Monitor
2097-YVPKN,65,25.75,Two year,No internet service,No internet service,0.0,,✅ Monitor
8597-CTXVJ,70,64.95,One year,Yes,Yes,0.0,,✅ Monitor
6631-HMANX,72,85.45,Two year,Yes,No,0.0,,🔒 Offer OnlineSecurity add-on
9962-BFPDU,1,20.05,Month-to-month,No internet service,No internet service,0.48,Medium Risk,📧 Send re-engagement email
6394-HHHZM,3,20.7,Month-to-month,No internet service,No internet service,0.04,Low Risk,📧 Send re-engagement email
5995-LFTLE,58,25.3,Two year,No internet service,No internet service,0.03,Low Risk,✅ Monitor
1932-UEDCX,33,100.6,Month-to-month,No,No,0.17,Low Risk,🎯 Assign dedicated support agent
5188-HGMLP,54,74.0,Month-to-month,No,No,0.08,Low Risk,🔒 Offer OnlineSecurity add-on
0665-XHDJU,72,99.4,Two year,No,No,0.08,Low Risk,🎯 Assign dedicated support agent
8265-HKSOW,72,107.45,Two year,Yes,Yes,0.01,Low Risk,✅ Monitor
3544-FBCAS,72,83.6,Two year,No,Yes,0.01,Low Risk,🎯 Assign dedicated support agent
5331-RGMTT,54,99.05,Month-to-month,No,No,0.67,High Risk,🎯 Assign dedicated support agent
4759-PXTAN,59,80.1,One year,Yes,No,0.07,Low Risk,🔒 Offer OnlineSecurity add-on
7054-DMVAS,54,65.3,Two year,No,Yes,0.03,Low Risk,✅ Monitor
3428-MMGUB,60,89.55,Two year,No,No,0.08,Low Risk,🎯 Assign dedicated support agent
6549-BTYPG,60,60.8,Two year,Yes,No,0.0,,🔒 Offer OnlineSecurity add-on
7823-JSOAG,3,74.5,Month-to-month,No,No,0.29,Low Risk,📧 Send re-engagement email
3705-RHRFR,69,99.15,Two year,No,Yes,0.02,Low Risk,🎯 Assign dedicated support agent
9374-YOLBJ,1,19.25,Month-to-month,No internet service,No internet service,0.43,Medium Risk,📧 Send re-engagement email
9074-KGVOX,50,39.45,Month-to-month,No,Yes,0.03,Low Risk,💰 Offer annual plan discount
6128-DAFVY,56,44.85,Month-to-month,No,No,0.23,Low Risk,🔒 Offer OnlineSecurity add-on
9933-QRGTX,60,97.2,Two year,Yes,Yes,0.01,Low Risk,✅ Monitor
4476-OSWTN,69,110.55,One year,Yes,Yes,0.1,Low Risk,✅ Monitor
5066-GFJMM,3,19.9,Month-to-month,No internet service,No internet service,0.05,Low Risk,📧 Send re-engagement email
2661-GKBTK,60,76.95,Two year,Yes,No,0.01,Low Risk,🔒 Offer OnlineSecurity add-on
0458-HEUZG,13,35.4,Two year,Yes,No,0.03,Low Risk,🔒 Offer OnlineSecurity add-on
7268-WNTCP,62,20.45,Two year,No internet service,No internet service,0.0,,✅ Monitor
0824-VWDPO,45,96.75,One year,No,Yes,0.01,Low Risk,🎯 Assign dedicated support agent
8409-WQJUX,25,54.2,One year,Yes,No,0.02,Low Risk,🔒 Offer OnlineSecurity add-on
2578-JQPHZ,44,100.1,Two year,Yes,No,0.0,,🔒 Offer OnlineSecurity add-on
3278-FSIXX,2,45.25,Month-to-month,No,No,0.15,Low Risk,📧 Send re-engagement email
9746-UGFAC,22,20.85,One year,No internet service,No internet service,0.03,Low Risk,✅ Monitor
2946-KIQSP,35,33.45,Month-to-month,Yes,No,0.04,Low Risk,🔒 Offer OnlineSecurity add-on
0625-AFOHS,29,20.2,Two year,No internet service,No internet service,0.0,,✅ Monitor
6726-WEXXK,27,85.9,One year,No,Yes,0.06,Low Risk,🎯 Assign dedicated support agent
4636-OLWOE,54,61.0,One year,Yes,No,0.01,Low Risk,🔒 Offer OnlineSecurity add-on
4685-ERGHK,57,86.9,One year,No,No,0.1,Low Risk,🎯 Assign dedicated support agent
0885-HMGPY,62,69.4,Two year,Yes,Yes,0.0,,✅ Monitor
5003-OKNNK,15,20.35,One year,No internet service,No internet service,0.03,Low Risk,✅ Monitor
7208-PSIHR,70,104.3,Two year,Yes,No,0.05,Low Risk,🔒 Offer OnlineSecurity add-on
4012-ZTHBR,21,44.95,Month-to-month,No,No,0.08,Low Risk,🔒 Offer OnlineSecurity add-on
0489-WMEMG,23,49.45,One year,Yes,No,0.03,Low Risk,🔒 Offer OnlineSecurity add-on
7435-ZNUYY,6,20.6,One year,No internet service,No internet service,0.0,,✅ Monitor
1354-YZFNB,4,19.55,Two year,No internet service,No internet service,0.0,,✅ Monitor
2985-FMWYF,23,93.5,Month-to-month,No,No,0.52,Medium Risk,🎯 Assign dedicated support agent
2812-ENYMO,26,54.55,One year,Yes,Yes,0.01,Low Risk,✅ Monitor
2717-HVIZY,8,20.05,Month-to-month,No internet service,No internet service,0.06,Low Risk,✅ Monitor
3422-GALYP,2,79.45,Month-to-month,No,No,0.35,Medium Risk,📧 Send re-engagement email
2890-WFBHU,59,79.85,One year,Yes,Yes,0.05,Low Risk,✅ Monitor
0327-WFZSY,39,100.0,One year,No,No,0.28,Low Risk,🎯 Assign dedicated support agent
7977-HXJKU,21,19.6,Two year,No internet service,No internet service,0.01,Low Risk,✅ Monitor
7033-CLAMM,48,20.2,Two year,No internet service,No internet service,0.0,,✅ Monitor
4023-RTIQM,31,50.4,One year,No,Yes,0.06,Low Risk,✅ Monitor
0864-FVJNJ,64,113.35,One year,Yes,Yes,0.05,Low Risk,✅ Monitor
7356-IWLFW,46,80.0,Month-to-month,No,No,0.1,Low Risk,🔒 Offer OnlineSecurity add-on
9541-PWTWO,52,80.95,Two year,Yes,No,0.0,,🔒 Offer OnlineSecurity add-on
3967-VQOGC,67,24.9,Two year,No internet service,No internet service,0.01,Low Risk,✅ Monitor
7872-RDDLZ,67,54.9,Month-to-month,No,No,0.09,Low Risk,🔒 Offer OnlineSecurity add-on
6308-CQRBU,71,109.25,Two year,Yes,No,0.06,Low Risk,🔒 Offer OnlineSecurity add-on
0186-CAERR,71,116.3,One year,Yes,Yes,0.15,Low Risk,✅ Monitor
3043-SUDUA,32,19.9,Month-to-month,No internet service,No internet service,0.01,Low Risk,💰 Offer annual plan discount
5442-BHQNG,2,70.35,Month-to-month,No,No,0.7954057915576641,High Risk,📧 Send re-engagement email
2169-RRLFW,71,25.6,Two year,No internet service,No internet service,0.0,,✅ Monitor
5872-OEQNH,60,44.45,One year,No,Yes,0.05,Low Risk,✅ Monitor
3162-KKZXO,55,100.15,One year,No,No,0.25,Low Risk,🎯 Assign dedicated support agent
8873-GLDMH,6,73.85,Month-to-month,No,No,0.72,High Risk,🔒 Offer OnlineSecurity add-on
5696-JVVQY,48,70.1,Two year,No,Yes,0.02,Low Risk,✅ Monitor
8946-BFWSG,63,25.25,Two year,No internet service,No internet service,0.0,,✅ Monitor
0547-HURJB,12,21.05,Month-to-month,No internet service,No internet service,0.04,Low Risk,✅ Monitor
8904-OPDCK,54,24.95,Month-to-month,No,No,0.12,Low Risk,🔒 Offer OnlineSecurity add-on
8845-LWKGE,30,64.5,One year,Yes,No,0.04,Low Risk,🔒 Offer OnlineSecurity add-on
0691-NIKRI,40,105.95,One year,Yes,No,0.17,Low Risk,🔒 Offer OnlineSecurity add-on
5022-JNQEQ,9,75.85,Month-to-month,Yes,No,0.52,Medium Risk,🔒 Offer OnlineSecurity add-on
3249-VHRIP,62,43.6,Two year,No,No,0.04,Low Risk,🔒 Offer OnlineSecurity add-on
3736-BLEPA,28,91.25,One year,Yes,No,0.1,Low Risk,🔒 Offer OnlineSecurity add-on
4701-LKOZD,70,89.75,Two year,Yes,Yes,0.0,,✅ Monitor
6603-QWSPR,46,104.4,Two year,Yes,No,0.04,Low Risk,🔒 Offer OnlineSecurity add-on
9921-QFQUL,23,90.15,Month-to-month,No,No,0.3,Low Risk,🎯 Assign dedicated support agent
1929-ZCBHE,47,40.3,One year,Yes,Yes,0.04,Low Risk,✅ Monitor
4378-MYPGO,68,105.25,Two year,No,Yes,0.04,Low Risk,🎯 Assign dedicated support agent
4129-LYCOI,67,104.0,Two year,Yes,No,0.04,Low Risk,🔒 Offer OnlineSecurity add-on
7798-JVXYM,14,69.65,Month-to-month,Yes,No,0.09,Low Risk,🔒 Offer OnlineSecurity add-on
8647-SDTWQ,57,74.3,Month-to-month,No,No,0.1,Low Risk,🔒 Offer OnlineSecurity add-on
2696-ECXKC,55,100.9,One year,No,Yes,0.06,Low Risk,🎯 Assign dedicated support agent
2081-KJSQF,1,20.25,Month-to-month,No internet service,No internet service,0.17892538815411158,Low Risk,📧 Send re-engagement email
3323-CPBWR,23,96.9,Month-to-month,Yes,No,0.1,Low Risk,🔒 Offer OnlineSecurity add-on
3384-CTMSF,47,104.1,Month-to-month,No,No,0.31,Medium Risk,🎯 Assign dedicated support agent
0902-RFHOF,38,20.1,One year,No internet service,No internet service,0.0,,✅ Monitor
6048-QBXKL,2,56.55,Month-to-month,No,No,0.47,Medium Risk,📧 Send re-engagement email
7718-RXDGG,15,68.6,Month-to-month,No,No,0.13,Low Risk,🔒 Offer OnlineSecurity add-on
1025-FALIX,26,69.05,Month-to-month,No,No,0.06,Low Risk,🔒 Offer OnlineSecurity add-on
3451-VAWLI,35,19.7,Two year,No internet service,No internet service,0.0,,✅ Monitor
3407-QGWLG,3,20.05,Month-to-month,No internet service,No internet service,0.04,Low Risk,📧 Send re-engagement email
2347-WKKAE,42,94.4,Month-to-month,No,Yes,0.26,Low Risk,🎯 Assign dedicated support agent
8735-DCXNF,10,54.95,Month-to-month,Yes,Yes,0.07,Low Risk,✅ Monitor
3214-IYUUQ,61,93.7,One year,Yes,Yes,0.04,Low Risk,✅ Monitor
1936-UAFEH,68,110.25,Two year,Yes,Yes,0.18,Low Risk,✅ Monitor
3587-PMCOY,10,98.9,One year,No,Yes,0.35,Medium Risk,🎯 Assign dedicated support agent
1027-LKKQQ,72,80.45,Two year,Yes,Yes,0.0,,✅ Monitor
7148-XZPHA,55,79.4,Month-to-month,Yes,No,0.05,Low Risk,🔒 Offer OnlineSecurity add-on
5309-TAIKL,7,62.8,Month-to-month,Yes,No,0.05,Low Risk,🔒 Offer OnlineSecurity add-on
6856-RAURS,2,74.9,Month-to-month,No,No,0.78,High Risk,📧 Send re-engagement email
8778-LMWTJ,9,74.85,Month-to-month,No,Yes,0.62,High Risk,🚨 Urgent: Retention call
9717-IOAAF,27,25.85,Two year,No internet service,No internet service,0.02,Low Risk,✅ Monitor
2845-KDHVX,64,68.3,Two year,Yes,No,0.0,,🔒 Offer OnlineSecurity add-on
0848-SOMKO,70,48.4,Two year,Yes,Yes,0.04,Low Risk,✅ Monitor
6734-FQAJX,67,105.05,Two year,Yes,Yes,0.15,Low Risk,✅ Monitor
1535-VTJOQ,24,25.15,Two year,No internet service,No internet service,0.08,Low Risk,✅ Monitor
6368-TZZDT,4,19.5,Two year,No internet service,No internet service,0.0,,✅ Monitor
0943-ZQPXH,44,92.95,Month-to-month,No,No,0.09,Low Risk,🎯 Assign dedicated support agent
1293-BSEUN,72,20.7,Two year,No internet service,No internet service,0.0,,✅ Monitor
1302-TPUBN,66,19.35,Two year,No internet service,No internet service,0.06,Low Risk,✅ Monitor
2378-VTKDH,65,104.35,Month-to-month,No,No,0.24,Low Risk,🎯 Assign dedicated support agent
0927-CNGRH,1,19.55,Month-to-month,No internet service,No internet service,0.26,Low Risk,📧 Send re-engagement email
8608-OZTLB,38,74.05,One year,Yes,Yes,0.03,Low Risk,✅ Monitor
2335-GSODA,23,40.1,Two year,Yes,Yes,0.02,Low Risk,✅ Monitor
1952-DVVSW,10,20.1,One year,No internet service,No internet service,0.01,Low Risk,✅ Monitor
6656-GULJQ,72,83.55,Two year,Yes,Yes,0.0,,✅ Monitor
9853-JFZDU,35,56.85,Month-to-month,Yes,No,0.07,Low Risk,🔒 Offer OnlineSecurity add-on
3777-XROBG,58,19.55,Two year,No internet service,No internet service,0.0,,✅ Monitor
6994-FGRHH,70,106.15,One year,Yes,No,0.07,Low Risk,🔒 Offer OnlineSecurity add-on
4000-VGMQP,38,78.95,One year,No,No,0.05,Low Risk,🔒 Offer OnlineSecurity add-on
3999-WRNGR,60,49.75,Month-to-month,No,No,0.03,Low Risk,🔒 Offer OnlineSecurity add-on
3466-RITXD,26,92.4,Month-to-month,No,Yes,0.59,Medium Risk,🎯 Assign dedicated support agent
2680-XKKNJ,8,58.2,One year,Yes,Yes,0.01,Low Risk,✅ Monitor
2974-GGUXS,36,91.95,Month-to-month,No,No,0.15,Low Risk,🎯 Assign dedicated support agent
7994-XIRTR,54,65.25,One year,Yes,No,0.03,Low Risk,🔒 Offer OnlineSecurity add-on
2101-RANCD,55,73.1,Month-to-month,No,No,0.45,Medium Risk,🔒 Offer OnlineSecurity add-on
7921-BEPCI,72,59.75,Two year,No,Yes,0.0,,✅ Monitor
8510-TMWYB,54,59.8,Two year,No,No,0.0,,🔒 Offer OnlineSecurity add-on
3258-ZKPAI,72,116.6,Two year,Yes,Yes,0.0,,✅ Monitor
1428-IEDPR,52,109.3,Two year,Yes,Yes,0.22,Low Risk,✅ Monitor
5298-GSTLM,60,101.4,One year,No,Yes,0.1,Low Risk,🎯 Assign dedicated support agent
4450-YOOHP,39,50.65,Month-to-month,No,No,0.2,Low Risk,🔒 Offer OnlineSecurity add-on
6728-CZFEI,15,56.15,One year,No,No,0.14,Low Risk,🔒 Offer OnlineSecurity add-on
3653-NCRDJ,43,19.2,One year,No internet service,No internet service,0.0,,✅ Monitor
6121-TNHBO,63,83.0,One year,Yes,Yes,0.02,Low Risk,✅ Monitor
5119-NZPTV,2,70.1,Month-to-month,No,No,0.15,Low Risk,📧 Send re-engagement email
6519-ZHPXP,72,108.3,Two year,Yes,Yes,0.06,Low Risk,✅ Monitor
3472-QPRCH,40,25.25,Two year,No internet service,No internet service,0.0,,✅ Monitor
8224-UAXBZ,58,45.35,One year,No,Yes,0.06,Low Risk,✅ Monitor
9610-WCESF,67,43.9,Two year,Yes,Yes,0.11,Low Risk,✅ Monitor
2486-WYVVE,31,79.3,One year,Yes,No,0.12,Low Risk,🔒 Offer OnlineSecurity add-on
3865-ZYKAD,69,84.9,Month-to-month,No,Yes,0.16,Low Risk,🎯 Assign dedicated support agent
1422-DGUBX,32,79.25,One year,Yes,No,0.06,Low Risk,🔒 Offer OnlineSecurity add-on
2999-AANRQ,21,71.05,Two year,Yes,Yes,0.05,Low Risk,✅ Monitor
8668-KNZTI,52,53.75,One year,No,Yes,0.03,Low Risk,✅ Monitor
0480-KYJVA,72,24.25,Two year,No internet service,No internet service,0.0,,✅ Monitor
9746-YKGXB,52,44.25,One year,No,Yes,0.02,Low Risk,✅ Monitor
3926-YZVVX,41,50.05,One year,Yes,No,0.04,Low Risk,🔒 Offer OnlineSecurity add-on
6000-UKLWI,41,20.15,Two year,No internet service,No internet service,0.0,,✅ Monitor
6332-FBZRI,67,69.35,One year,Yes,Yes,0.06,Low Risk,✅ Monitor
2096-XOTMO,16,19.35,Month-to-month,No internet service,No internet service,0.01,Low Risk,💰 Offer annual plan discount
3266-FTKHB,17,19.15,Two year,No internet service,No internet service,0.0,,✅ Monitor
8221-EQDGL,35,61.0,Month-to-month,No,Yes,0.05,Low Risk,💰 Offer annual plan discount
2346-LOCWC,58,20.5,Two year,No internet service,No internet service,0.0,,✅ Monitor
0298-XACET,52,50.2,Two year,Yes,No,0.04,Low Risk,🔒 Offer OnlineSecurity add-on
7560-QJAVJ,70,79.6,Two year,Yes,Yes,0.0,,✅ Monitor
2995-YWTCD,19,24.9,Two year,No internet service,No internet service,0.0,,✅ Monitor
9137-UIYPG,35,106.9,Month-to-month,Yes,Yes,0.09,Low Risk,💰 Offer annual plan discount
2809-ZMYOQ,32,101.35,Month-to-month,No,No,0.21,Low Risk,🎯 Assign dedicated support agent
5084-OOVCJ,17,55.35,Month-to-month,Yes,Yes,0.07,Low Risk,💰 Offer annual plan discount
0254-WWRKD,67,50.55,One year,No,No,0.03,Low Risk,🔒 Offer OnlineSecurity add-on
7727-SHVZV,9,19.5,Month-to-month,No internet service,No internet service,0.09,Low Risk,✅ Monitor
5339-PXDVH,4,90.65,Month-to-month,No,Yes,0.35,Medium Risk,🎯 Assign dedicated support agent
2205-LPVGL,58,89.85,One year,Yes,Yes,0.04,Low Risk,✅ Monitor
8782-NUUOL,60,79.0,One year,Yes,Yes,0.07,Low Risk,✅ Monitor
7601-WFVZV,1,19.55,Month-to-month,No internet service,No internet service,0.5239572939795696,Medium Risk,📧 Send re-engagement email
4609-KNNWG,27,19.9,Two year,No internet service,No internet service,0.0,,✅ Monitor
4868-AADLV,66,116.25,One year,Yes,Yes,0.05,Low Risk,✅ Monitor
9529-OFXHY,15,87.75,Month-to-month,No,Yes,0.14,Low Risk,🎯 Assign dedicated support agent
2669-QVCRG,41,81.3,Month-to-month,No,Yes,0.37,Medium Risk,🎯 Assign dedicated support agent
2478-EEWWM,59,44.3,Month-to-month,No,No,0.38,Medium Risk,🔒 Offer OnlineSecurity add-on
9174-IHETN,50,70.35,Two year,No,No,0.04,Low Risk,🔒 Offer OnlineSecurity add-on
2233-TXSIU,17,44.45,One year,No,Yes,0.08,Low Risk,✅ Monitor
9644-UMGQA,6,49.15,Month-to-month,No,Yes,0.16,Low Risk,✅ Monitor
3256-EZDBI,51,29.45,Month-to-month,No,No,0.07,Low Risk,🔒 Offer OnlineSecurity add-on
0419-YAAPX,49,85.3,Month-to-month,No,No,0.15,Low Risk,🎯 Assign dedicated support agent
0872-CASZJ,59,69.1,One year,Yes,Yes,0.01,Low Risk,✅ Monitor
4726-DLWQN,50,70.35,Month-to-month,No,Yes,0.02,Low Risk,💰 Offer annual plan discount
8164-OCKUJ,59,20.6,Two year,No internet service,No internet service,0.0,,✅ Monitor
3094-JOJAI,18,74.15,Month-to-month,No,No,0.28,Low Risk,🔒 Offer OnlineSecurity add-on
9494-MRNYX,10,75.05,Month-to-month,No,No,0.17,Low Risk,🔒 Offer OnlineSecurity add-on
2599-CZABP,14,44.6,One year,No,No,0.04,Low Risk,🔒 Offer OnlineSecurity add-on
7945-PRBVF,35,21.45,Two year,No internet service,No internet service,0.01,Low Risk,✅ Monitor
4544-RXFMG,8,43.45,One year,No,No,0.06,Low Risk,🔒 Offer OnlineSecurity add-on
0859-YGKFW,18,20.05,One year,No internet service,No internet service,0.01,Low Risk,✅ Monitor
1150-FTQGN,60,94.15,One year,No,Yes,0.01,Low Risk,🎯 Assign dedicated support agent
7196-LIWRH,6,19.55,Two year,No internet service,No internet service,0.0,,✅ Monitor
5448-VWNAM,19,75.9,Month-to-month,Yes,Yes,0.08,Low Risk,💰 Offer annual plan discount
1177-XZBJL,53,64.15,One year,Yes,Yes,0.0,,✅ Monitor
3518-FSTWG,72,109.55,Two year,No,Yes,0.02,Low Risk,🎯 Assign dedicated support agent
9330-VOFSZ,60,110.8,Two year,Yes,No,0.07,Low Risk,🔒 Offer OnlineSecurity add-on
0939-EREMR,13,53.45,Month-to-month,Yes,No,0.13,Low Risk,🔒 Offer OnlineSecurity add-on
9389-ACWBI,5,69.95,Month-to-month,No,No,0.47,Medium Risk,🔒 Offer OnlineSecurity add-on
3644-QXEHN,13,97.0,Month-to-month,No,No,0.16,Low Risk,🎯 Assign dedicated support agent
2911-IJORQ,37,90.6,One year,Yes,Yes,0.02,Low Risk,✅ Monitor
5921-NGYRH,64,73.55,Month-to-month,No,Yes,0.22,Low Risk,💰 Offer annual plan discount
5998-DZLYR,61,94.35,Two year,Yes,No,0.02,Low Risk,🔒 Offer OnlineSecurity add-on
3985-HOYPM,26,19.4,One year,No internet service,No internet service,0.01,Low Risk,✅ Monitor
9548-LERKT,24,19.75,Two year,No internet service,No internet service,0.01,Low Risk,✅ Monitor
6576-FBXOJ,17,54.6,One year,Yes,No,0.1,Low Risk,🔒 Offer OnlineSecurity add-on
4310-KEDTB,26,29.8,Month-to-month,No,No,0.03,Low Risk,🔒 Offer OnlineSecurity add-on
4062-HBMOS,52,103.05,Month-to-month,No,No,0.26,Low Risk,🎯 Assign dedicated support agent
2676-ISHSF,1,20.3,Month-to-month,No internet service,No internet service,0.004799397031539889,Low Risk,📧 Send re-engagement email
9236-NDUCW,21,35.1,Two year,Yes,Yes,0.0,,✅ Monitor
4753-PADAS,67,105.7,One year,No,No,0.18,Low Risk,🎯 Assign dedicated support agent
6103-QCKFX,44,56.25,Month-to-month,Yes,Yes,0.05,Low Risk,💰 Offer annual plan discount
7781-EWARA,70,60.35,One year,Yes,No,0.03,Low Risk,🔒 Offer OnlineSecurity add-on
7018-FPXHH,56,59.8,Two year,No,Yes,0.02,Low Risk,✅ Monitor
0572-ZJKLT,46,99.65,Two year,Yes,Yes,0.04,Low Risk,✅ Monitor
5135-RDDQL,63,50.65,Two year,No,Yes,0.0,,✅ Monitor
1353-LJWEM,11,60.9,Month-to-month,Yes,No,0.04,Low Risk,🔒 Offer OnlineSecurity add-on
1794-SWWKL,15,59.65,Month-to-month,Yes,No,0.08,Low Risk,🔒 Offer OnlineSecurity add-on
6166-YIPFO,72,64.7,Two year,Yes,Yes,0.01,Low Risk,✅ Monitor
9332-GYWLO,6,54.85,Month-to-month,No,No,0.13,Low Risk,🔒 Offer OnlineSecurity add-on
4184-VODJZ,63,91.35,One year,No,No,0.15,Low Risk,🎯 Assign dedicated support agent
1092-WPIVQ,18,25.1,Two year,No internet service,No internet service,0.02,Low Risk,✅ Monitor
7233-IOQNP,43,34.0,Month-to-month,Yes,Yes,0.29,Low Risk,💰 Offer annual plan discount
2834-JKOOW,15,45.9,One year,Yes,Yes,0.03,Low Risk,✅ Monitor
2400-FEQME,55,20.5,Two year,No internet service,No internet service,0.0,,✅ Monitor
4957-SREEC,70,20.35,Two year,No internet service,No internet service,0.0,,✅ Monitor
0230-UBYPQ,63,36.1,One year,Yes,Yes,0.07,Low Risk,✅ Monitor
4923-ADWXJ,25,65.8,Month-to-month,Yes,No,0.01,Low Risk,🔒 Offer OnlineSecurity add-on
1763-KUAAW,18,20.35,One year,No internet service,No internet service,0.03,Low Risk,✅ Monitor
1104-TNLZA,28,105.8,Month-to-month,Yes,No,0.14,Low Risk,🔒 Offer OnlineSecurity add-on
5195-KPUNQ,53,96.75,One year,Yes,Yes,0.1,Low Risk,✅ Monitor
3439-GVUSX,1,24.4,Month-to-month,No,No,0.17,Low Risk,📧 Send re-engagement email
5949-HGVJL,26,73.05,Month-to-month,Yes,No,0.1,Low Risk,🔒 Offer OnlineSecurity add-on
5203-XEHAX,34,64.35,One year,No,Yes,0.01,Low Risk,✅ Monitor
1635-HDGFT,19,20.5,Two year,No internet service,No internet service,0.0,,✅ Monitor
8050-XGRVL,62,54.75,One year,No,Yes,0.0,,✅ Monitor
9828-QHFBK,24,51.15,Month-to-month,No,Yes,0.14,Low Risk,💰 Offer annual plan discount
3908-MKIMJ,68,41.95,Two year,No,Yes,0.04,Low Risk,✅ Monitor
5012-YSPJJ,31,54.35,Month-to-month,Yes,No,0.0,,🔒 Offer OnlineSecurity add-on
6728-VOIFY,63,96.0,One year,No,No,0.07,Low Risk,🎯 Assign dedicated support agent
4891-NLUBA,61,61.45,Two year,Yes,No,0.0,,🔒 Offer OnlineSecurity add-on
8969-PRHFK,18,19.65,One year,No internet service,No internet service,0.0,,✅ Monitor
0661-KQHNK,6,19.0,One year,No internet service,No internet service,0.02,Low Risk,✅ Monitor
8709-KRDVL,33,100.0,Month-to-month,No,No,0.7,High Risk,🎯 Assign dedicated support agent
1427-VERSM,56,98.7,Month-to-month,Yes,No,0.07,Low Risk,🔒 Offer OnlineSecurity add-on
9801-NOSHQ,23,19.8,One year,No internet service,No internet service,0.0,,✅ Monitor
6339-YPSAH,9,73.8,Month-to-month,No,No,0.17,Low Risk,🔒 Offer OnlineSecurity add-on
2159-TURXX,5,20.05,Month-to-month,No internet service,No internet service,0.13,Low Risk,✅ Monitor
1548-FEHVL,61,106.2,Month-to-month,No,Yes,0.05,Low Risk,🎯 Assign dedicated support agent
3795-CAWEX,70,116.55,Two year,Yes,Yes,0.03,Low Risk,✅ Monitor
6215-NQCPY,15,99.7,Month-to-month,No,Yes,0.29,Low Risk,🎯 Assign dedicated support agent
5647-URDKA,8,19.7,Two year,No internet service,No internet service,0.0,,✅ Monitor
2229-DPMBI,8,19.5,Two year,No internet service,No internet service,0.02,Low Risk,✅ Monitor
9626-WEQRM,4,29.15,Month-to-month,No,Yes,0.09,Low Risk,✅ Monitor
2188-SXWVT,34,55.0,One year,No,Yes,0.0,,✅ Monitor
6258-PVZWJ,68,90.8,Two year,Yes,Yes,0.0,,✅ Monitor
1094-BKOSX,45,51.0,One year,Yes,No,0.02,Low Risk,🔒 Offer OnlineSecurity add-on
6969-MVBAI,9,90.1,Month-to-month,No,No,0.7,High Risk,🎯 Assign dedicated support agent
2978-XXSOG,22,59.05,Month-to-month,Yes,Yes,0.07,Low Risk,💰 Offer annual plan discount
2342-CKIAO,2,20.3,Month-to-month,No internet service,No internet service,0.02,Low Risk,📧 Send re-engagement email
6953-PBDIN,70,72.95,Two year,Yes,No,0.0,,🔒 Offer OnlineSecurity add-on
3898-BSJYF,10,73.55,One year,Yes,Yes,0.02,Low Risk,✅ Monitor
3938-YFPXD,72,84.3,Two year,Yes,Yes,0.0,,✅ Monitor
7696-AMHOD,49,78.0,One year,No,No,0.04,Low Risk,🔒 Offer OnlineSecurity add-on
2453-SAFNS,54,72.1,One year,Yes,No,0.07,Low Risk,🔒 Offer OnlineSecurity add-on
9558-IHEZX,71,106.75,Two year,No,Yes,0.02,Low Risk,🎯 Assign dedicated support agent
9617-UDPEU,22,19.25,One year,No internet service,No internet service,0.0,,✅ Monitor
6340-DACFT,50,20.55,Two year,No internet service,No internet service,0.0,,✅ Monitor
4955-VCWBI,43,20.0,One year,No internet service,No internet service,0.0,,✅ Monitor
6813-GZQCG,45,24.65,Two year,No internet service,No internet service,0.01,Low Risk,✅ Monitor
7426-GSWPO,64,103.5,Month-to-month,No,Yes,0.09,Low Risk,🎯 Assign dedicated support agent
3389-KTRXV,23,23.85,Two year,No internet service,No internet service,0.0,,✅ Monitor
3118-UHVVQ,68,25.8,Two year,No internet service,No internet service,0.0,,✅ Monitor
3205-MXZRA,26,59.45,One year,Yes,No,0.03,Low Risk,🔒 Offer OnlineSecurity add-on
8317-BVKSO,14,20.05,Month-to-month,No internet service,No internet service,0.04,Low Risk,💰 Offer annual plan discount
5702-KVQRD,71,82.55,Two year,Yes,Yes,0.0,,✅ Monitor
0083-PIVIK,64,81.25,One year,Yes,Yes,0.02,Low Risk,✅ Monitor
6169-PGNCD,57,74.3,Two year,Yes,Yes,0.03,Low Risk,✅ Monitor
4909-JOUPP,72,109.7,Two year,Yes,No,0.01,Low Risk,🔒 Offer OnlineSecurity add-on
4657-FWVFY,40,96.35,Month-to-month,No,No,0.19,Low Risk,🎯 Assign dedicated support agent
2257-BOVXD,14,66.6,Month-to-month,Yes,No,0.31,Medium Risk,🔒 Offer OnlineSecurity add-on
7729-JTEEC,2,44.5,Month-to-month,No,No,0.26,Low Risk,📧 Send re-engagement email
9696-RMYBA,5,80.1,Month-to-month,No,No,0.27,Low Risk,🎯 Assign dedicated support agent
8690-UPCZI,29,69.05,One year,Yes,Yes,0.02,Low Risk,✅ Monitor
9770-LXDBK,3,20.4,Month-to-month,No internet service,No internet service,0.08,Low Risk,📧 Send re-engagement email
4086-WITJG,71,19.7,Two year,No internet service,No internet service,0.0,,✅ Monitor
8344-WFMFH,9,50.1,Month-to-month,No,No,0.08,Low Risk,🔒 Offer OnlineSecurity add-on
8822-KNBHV,48,83.45,One year,No,Yes,0.01,Low Risk,🎯 Assign dedicated support agent
8404-FYDIB,26,86.65,Month-to-month,No,Yes,0.14,Low Risk,🎯 Assign dedicated support agent
2791-SFVEW,9,20.15,Month-to-month,No internet service,No internet service,0.18,Low Risk,✅ Monitor
6762-NSODU,46,19.4,Two year,No internet service,No internet service,0.0,,✅ Monitor
9888-ZCUMM,64,60.05,Two year,Yes,Yes,0.0,,✅ Monitor
1074-WVEVG,59,20.35,One year,No internet service,No internet service,0.0,,✅ Monitor
9979-RGMZT,7,94.05,One year,No,No,0.38,Medium Risk,🎯 Assign dedicated support agent
6437-UDQJM,72,84.1,Two year,No,Yes,0.02,Low Risk,🎯 Assign dedicated support agent
1226-IENZN,16,78.75,Month-to-month,No,No,0.2,Low Risk,🔒 Offer OnlineSecurity add-on
2108-GLPQB,25,55.55,Month-to-month,No,No,0.03,Low Risk,🔒 Offer OnlineSecurity add-on
5474-LAMUQ,24,20.1,One year,No internet service,No internet service,0.0,,✅ Monitor
3468-DRVQJ,10,70.3,One year,No,Yes,0.05,Low Risk,✅ Monitor
1122-YJBCS,69,53.65,One year,No,Yes,0.06,Low Risk,✅ Monitor
4990-ALDGW,57,20.75,Two year,No internet service,No internet service,0.0,,✅ Monitor
4816-OKWNX,50,103.4,One year,Yes,No,0.12,Low Risk,🔒 Offer OnlineSecurity add-on
3315-IKYZQ,28,50.8,One year,Yes,Yes,0.01,Low Risk,✅ Monitor
4747-LCAQL,25,79.0,Month-to-month,Yes,Yes,0.03,Low Risk,💰 Offer annual plan discount
3411-WLRSQ,3,74.6,Month-to-month,No,No,0.24,Low Risk,📧 Send re-engagement email
0898-XCGTF,61,96.5,One year,No,No,0.15,Low Risk,🎯 Assign dedicated support agent
8006-PYCSW,2,20.1,Month-to-month,No internet service,No internet service,0.01,Low Risk,📧 Send re-engagement email
8249-THVEC,51,19.4,One year,No internet service,No internet service,0.0,,✅ Monitor
8722-PRFDV,71,77.55,Two year,No,Yes,0.01,Low Risk,✅ Monitor
2164-SOQXL,20,20.05,Month-to-month,No internet service,No internet service,0.02,Low Risk,💰 Offer annual plan discount
4020-KIUDI,6,19.85,Month-to-month,No internet service,No internet service,0.04,Low Risk,✅ Monitor
5850-BDWCY,6,20.2,Month-to-month,No internet service,No internet service,0.02,Low Risk,✅ Monitor
2038-YSEZE,29,67.45,Month-to-month,Yes,Yes,0.04,Low Risk,💰 Offer annual plan discount
0827-ITJPH,36,18.55,Two year,No internet service,No internet service,0.0,,✅ Monitor
8799-OXZMD,28,29.75,Month-to-month,No,No,0.1,Low Risk,🔒 Offer OnlineSecurity add-on
1705-GUHPV,63,24.2,Two year,No internet service,No internet service,0.0,,✅ Monitor
4779-ZGICK,48,23.55,Two year,No internet service,No internet service,0.0,,✅ Monitor
0048-PIHNL,49,20.45,One year,No internet service,No internet service,0.05,Low Risk,✅ Monitor
3967-KXAPS,72,92.3,Two year,Yes,Yes,0.0,,✅ Monitor
3704-IEAXF,72,53.65,Two year,Yes,No,0.03,Low Risk,🔒 Offer OnlineSecurity add-on
6810-VCAEX,47,39.65,One year,Yes,Yes,0.02,Low Risk,✅ Monitor
0674-EYYZV,1,54.65,Month-to-month,No,No,0.28,Low Risk,📧 Send re-engagement email
4480-MBMLB,36,104.8,One year,No,No,0.11,Low Risk,🎯 Assign dedicated support agent
1395-OFUWC,43,29.3,Month-to-month,No,No,0.31,Medium Risk,🔒 Offer OnlineSecurity add-on
0822-QGCXA,27,83.85,Month-to-month,Yes,No,0.11,Low Risk,🔒 Offer OnlineSecurity add-on
2832-KJCRD,38,103.65,Month-to-month,Yes,No,0.29,Low Risk,🔒 Offer OnlineSecurity add-on
3588-WSTTJ,35,99.05,Month-to-month,No,Yes,0.18,Low Risk,🎯 Assign dedicated support agent
4075-WKNIU,0,73.35,Two year,Yes,No,0.06,Low Risk,🔒 Offer OnlineSecurity add-on
5090-EMGTC,59,100.05,Two year,Yes,No,0.01,Low Risk,🔒 Offer OnlineSecurity add-on
2346-CZYIL,27,20.35,Two year,No internet service,No internet service,0.0,,✅ Monitor
3798-EPWRR,2,43.95,Month-to-month,No,No,0.18,Low Risk,📧 Send re-engagement email
6258-NGCNG,7,23.5,Month-to-month,No internet service,No internet service,0.26,Low Risk,✅ Monitor
4186-ZBUEW,36,70.7,One year,Yes,No,0.05,Low Risk,🔒 Offer OnlineSecurity add-on
5274-XHAKY,41,94.3,Month-to-month,No,Yes,0.07,Low Risk,🎯 Assign dedicated support agent
1442-BQPVU,13,29.15,Month-to-month,No,No,0.08,Low Risk,🔒 Offer OnlineSecurity add-on
3978-YNKDD,19,20.85,Two year,No internet service,No internet service,0.01,Low Risk,✅ Monitor
4940-KHCWD,60,37.7,Two year,Yes,Yes,0.01,Low Risk,✅ Monitor
9589-ABEPT,69,92.45,Two year,Yes,No,0.02,Low Risk,🔒 Offer OnlineSecurity add-on
9388-ZEYVT,43,44.15,One year,Yes,No,0.03,Low Risk,🔒 Offer OnlineSecurity add-on
0305-SQECB,11,36.05,One year,Yes,Yes,0.0,,✅ Monitor
7605-SNLQG,45,50.25,Month-to-month,No,No,0.02,Low Risk,🔒 Offer OnlineSecurity add-on
4670-TABXH,72,109.75,Two year,Yes,No,0.07,Low Risk,🔒 Offer OnlineSecurity add-on
0064-SUDOG,12,20.3,Two year,No internet service,No internet service,0.1,Low Risk,✅ Monitor
8561-NMTBD,67,112.35,One year,Yes,No,0.02,Low Risk,🔒 Offer OnlineSecurity add-on
5161-XEUVX,37,94.3,Two year,Yes,No,0.09,Low Risk,🔒 Offer OnlineSecurity add-on
8292-FRFZQ,39,41.15,One year,Yes,Yes,0.0,,✅ Monitor
8591-NXRCV,41,74.65,Month-to-month,Yes,Yes,0.05,Low Risk,💰 Offer annual plan discount
7895-VONWT,25,48.25,Month-to-month,No,No,0.09,Low Risk,🔒 Offer OnlineSecurity add-on
4526-RMTLL,8,76.15,Two year,Yes,Yes,0.01,Low Risk,✅ Monitor
6253-GNHWH,71,71.1,Two year,Yes,Yes,0.01,Low Risk,✅ Monitor
4566-NECEV,5,96.55,Month-to-month,No,No,0.24,Low Risk,🎯 Assign dedicated support agent
8080-POTJR,30,79.3,One year,No,Yes,0.0,,✅ Monitor
6906-MPARY,40,89.6,One year,Yes,No,0.02,Low Risk,🔒 Offer OnlineSecurity add-on
3662-FXJFO,54,20.5,Two year,No internet service,No internet service,0.0,,✅ Monitor
8107-RZLNV,72,106.3,Two year,No,No,0.05,Low Risk,🎯 Assign dedicated support agent
0516-OOHAR,28,100.35,One year,No,No,0.2,Low Risk,🎯 Assign dedicated support agent
2027-CWDNU,18,85.6,Month-to-month,Yes,No,0.19,Low Risk,🔒 Offer OnlineSecurity add-on
9912-OMZDS,59,106.15,One year,No,No,0.1,Low Risk,🎯 Assign dedicated support agent
3733-ZEECP,22,51.1,Month-to-month,Yes,No,0.1,Low Risk,🔒 Offer OnlineSecurity add-on
7878-RTCZG,1,19.9,Month-to-month,No internet service,No internet service,0.48576674331052194,Medium Risk,📧 Send re-engagement email
2452-MRMZF,72,25.7,Two year,No internet service,No internet service,0.0,,✅ Monitor
7103-IPXPJ,50,99.4,One year,Yes,No,0.05,Low Risk,🔒 Offer OnlineSecurity add-on
4342-HFXWS,48,69.7,One year,Yes,Yes,0.01,Low Risk,✅ Monitor
3545-CNWRG,49,98.35,Month-to-month,No,No,0.15,Low Risk,🎯 Assign dedicated support agent
1785-BPHTP,28,85.45,Month-to-month,No,No,0.15,Low Risk,🎯 Assign dedicated support agent
4989-LIXVT,68,95.9,Month-to-month,No,No,0.1,Low Risk,🎯 Assign dedicated support agent
7315-WYOAW,13,100.75,Month-to-month,Yes,No,0.2,Low Risk,🔒 Offer OnlineSecurity add-on
1173-XZPYF,11,89.2,Month-to-month,No,No,0.27,Low Risk,🎯 Assign dedicated support agent
2509-TFPJU,72,25.75,Two year,No internet service,No internet service,0.0,,✅ Monitor
9530-GRMJG,70,84.1,Two year,Yes,No,0.0,,🔒 Offer OnlineSecurity add-on
6898-RBTLU,49,79.3,Two year,Yes,No,0.01,Low Risk,🔒 Offer OnlineSecurity add-on
5481-NTDOH,67,107.05,One year,No,Yes,0.09,Low Risk,🎯 Assign dedicated support agent
2068-WWXQZ,46,20.05,Two year,No internet service,No internet service,0.0,,✅ Monitor
2061-VVFST,37,19.5,Month-to-month,No internet service,No internet service,0.19,Low Risk,💰 Offer annual plan discount
0749-IRGQE,13,45.3,Month-to-month,No,No,0.59,Medium Risk,🔒 Offer OnlineSecurity add-on
2380-DAMQP,72,115.15,Two year,Yes,Yes,0.0,,✅ Monitor
2256-YLYLP,68,72.95,Two year,Yes,No,0.02,Low Risk,🔒 Offer OnlineSecurity add-on
1272-ILHFG,15,19.65,One year,No internet service,No internet service,0.0,,✅ Monitor
0164-XAIRP,24,19.55,Two year,No internet service,No internet service,0.02,Low Risk,✅ Monitor
5666-CYCYZ,24,89.55,Month-to-month,Yes,No,0.18,Low Risk,🔒 Offer OnlineSecurity add-on
4011-ARPHK,27,50.35,Month-to-month,No,Yes,0.04,Low Risk,💰 Offer annual plan discount
6365-HITVU,71,87.25,Two year,Yes,Yes,0.0,,✅ Monitor
7558-IMLMT,67,20.8,Two year,No internet service,No internet service,0.0,,✅ Monitor
9488-FYQAU,63,109.25,Two year,Yes,No,0.05,Low Risk,🔒 Offer OnlineSecurity add-on
3590-TCXTB,1,20.35,Month-to-month,No internet service,No internet service,0.0,,📧 Send re-engagement email
6994-KERXL,4,55.9,Month-to-month,No,No,0.18,Low Risk,🔒 Offer OnlineSecurity add-on
1960-UOTYM,52,79.2,Two year,No,Yes,0.02,Low Risk,✅ Monitor
2740-JFBOK,10,24.0,Month-to-month,No internet service,No internet service,0.06,Low Risk,✅ Monitor
6500-JVEGC,68,101.35,One year,No,Yes,0.0,,🎯 Assign dedicated support agent
5245-VDBUR,52,35.45,One year,No,Yes,0.06,Low Risk,✅ Monitor
8469-SNFFH,70,79.4,One year,Yes,Yes,0.03,Low Risk,✅ Monitor
2144-ESWKO,43,35.2,One year,No,Yes,0.03,Low Risk,✅ Monitor
1241-FPMOF,52,19.65,Two year,No internet service,No internet service,0.02,Low Risk,✅ Monitor
9928-BZVLZ,12,49.85,Two year,Yes,Yes,0.02,Low Risk,✅ Monitor
4114-QMKVN,56,68.75,One year,No,Yes,0.01,Low Risk,✅ Monitor
2775-SEFEE,0,61.9,Two year,Yes,Yes,0.01,Low Risk,✅ Monitor
9003-CPATH,42,79.9,Month-to-month,No,No,0.19,Low Risk,🔒 Offer OnlineSecurity add-on
1754-GKYPY,22,89.75,Month-to-month,No,No,0.17,Low Risk,🎯 Assign dedicated support agent
7956-XQWGU,27,19.4,Month-to-month,No internet service,No internet service,0.0,,💰 Offer annual plan discount
1591-MQJTP,51,93.65,One year,No,Yes,0.11,Low Risk,🎯 Assign dedicated support agent
2369-FEVNO,1,19.9,Month-to-month,No internet service,No internet service,0.42734646787362446,Medium Risk,📧 Send re-engagement email
7471-MQPOS,71,72.9,One year,Yes,No,0.37,Medium Risk,🔒 Offer OnlineSecurity add-on
5115-SQAAU,69,25.6,Two year,No internet service,No internet service,0.0,,✅ Monitor
9845-QOMAD,14,19.75,One year,No internet service,No internet service,0.01,Low Risk,✅ Monitor
7672-VFMXZ,57,55.7,Month-to-month,Yes,Yes,0.02,Low Risk,💰 Offer annual plan discount
9739-JLPQJ,72,117.5,Two year,Yes,Yes,0.03,Low Risk,✅ Monitor
9916-AYHTC,48,19.85,Two year,No internet service,No internet service,0.0,,✅ Monitor
3855-ONCAR,4,78.9,Month-to-month,No,No,0.14,Low Risk,🔒 Offer OnlineSecurity add-on
1488-SYSFC,31,20.65,Month-to-month,No internet service,No internet service,0.03,Low Risk,💰 Offer annual plan discount
0970-QXPXW,1,19.65,Month-to-month,No internet service,No internet service,0.44528877412570245,Medium Risk,📧 Send re-engagement email
3259-KNMRR,57,79.75,Two year,No,No,0.05,Low Risk,🔒 Offer OnlineSecurity add-on
6120-RJKLU,62,79.95,Two year,Yes,Yes,0.03,Low Risk,✅ Monitor
9572-WUKSB,3,29.9,Month-to-month,Yes,No,0.31,Medium Risk,📧 Send re-engagement email
5893-KCLGT,72,19.75,Two year,No internet service,No internet service,0.01,Low Risk,✅ Monitor
0076-LVEPS,29,45.0,Month-to-month,Yes,Yes,0.13,Low Risk,💰 Offer annual plan discount
3640-JQGJG,13,44.8,Month-to-month,No,No,0.04,Low Risk,🔒 Offer OnlineSecurity add-on
1596-OQSPS,11,51.1,Month-to-month,No,No,0.04,Low Risk,🔒 Offer OnlineSecurity add-on
9867-XOBQA,21,53.15,Two year,Yes,Yes,0.09,Low Risk,✅ Monitor
9546-KDTRB,19,24.7,Month-to-month,No internet service,No internet service,0.05,Low Risk,💰 Offer annual plan discount
3174-RKMOW,35,109.95,Month-to-month,Yes,No,0.18,Low Risk,🔒 Offer OnlineSecurity add-on
1760-CAZHT,25,20.8,Month-to-month,No internet service,No internet service,0.0,,💰 Offer annual plan discount
8441-SHIPE,67,25.6,Two year,No internet service,No internet service,0.0,,✅ Monitor
1320-GVNHT,72,108.4,Two year,No,Yes,0.02,Low Risk,🎯 Assign dedicated support agent
1047-RNXZV,43,19.55,Two year,No internet service,No internet service,0.0,,✅ Monitor
3541-ZNUHK,55,85.1,Month-to-month,No,Yes,0.05,Low Risk,🎯 Assign dedicated support agent
8725-JEDFD,27,69.05,Month-to-month,No,No,0.15,Low Risk,🔒 Offer OnlineSecurity add-on
7562-UXTPG,13,70.15,Month-to-month,No,No,0.17,Low Risk,🔒 Offer OnlineSecurity add-on
8071-SBTRN,70,111.15,Two year,No,Yes,0.01,Low Risk,🎯 Assign dedicated support agent
6668-CNMFP,19,89.35,One year,Yes,No,0.09,Low Risk,🔒 Offer OnlineSecurity add-on
5626-MGTUK,20,89.1,Month-to-month,No,Yes,0.22,Low Risk,🎯 Assign dedicated support agent
5681-LLOEI,43,91.25,One year,Yes,Yes,0.02,Low Risk,✅ Monitor
8212-DJRCH,5,90.35,Month-to-month,No,Yes,0.56,Medium Risk,🎯 Assign dedicated support agent
4323-OHFOW,70,105.55,One year,Yes,No,0.07,Low Risk,🔒 Offer OnlineSecurity add-on
4933-BSAIP,40,19.1,Two year,No internet service,No internet service,0.0,,✅ Monitor
2030-BTZRO,6,20.4,Two year,No internet service,No internet service,0.0,,✅ Monitor
1116-DXXDF,39,100.45,Two year,No,Yes,0.04,Low Risk,🎯 Assign dedicated support agent
6563-VNPMN,45,85.7,Month-to-month,Yes,Yes,0.02,Low Risk,💰 Offer annual plan discount
2267-WTPYD,57,94.0,Month-to-month,No,No,0.1,Low Risk,🎯 Assign dedicated support agent
0270-THENM,72,69.85,Two year,Yes,Yes,0.01,Low Risk,✅ Monitor
4707-MAXGU,72,25.85,Two year,No internet service,No internet service,0.0,,✅ Monitor
2710-WYVXG,3,71.1,Two year,Yes,Yes,0.02,Low Risk,✅ Monitor
6300-BWMJX,59,93.35,Month-to-month,Yes,No,0.1,Low Risk,🔒 Offer OnlineSecurity add-on
7009-LGECI,4,50.55,Month-to-month,No,Yes,0.08,Low Risk,✅ Monitor
5022-KVDQT,27,81.3,Month-to-month,No,No,0.18,Low Risk,🎯 Assign dedicated support agent
7976-CICYS,4,20.7,Month-to-month,No internet service,No internet service,0.03,Low Risk,✅ Monitor
1036-GUDCL,60,79.05,Month-to-month,Yes,Yes,0.08,Low Risk,💰 Offer annual plan discount
2005-DWQZJ,8,19.05,Two year,No internet service,No internet service,0.0,,✅ Monitor
8148-WOCMK,8,19.6,Two year,No internet service,No internet service,0.0,,✅ Monitor
7815-PDTHL,35,20.2,Two year,No internet service,No internet service,0.0,,✅ Monitor
9173-IVZVP,53,20.9,Two year,No internet service,No internet service,0.0,,✅ Monitor
9129-UXERG,18,103.6,Month-to-month,Yes,No,0.16,Low Risk,🔒 Offer OnlineSecurity add-on
3635-JBPSG,15,38.8,Two year,No,No,0.09,Low Risk,🔒 Offer OnlineSecurity add-on
7964-ZRKKG,67,88.4,One year,No,No,0.05,Low Risk,🎯 Assign dedicated support agent
6229-LSCKB,6,79.7,Month-to-month,No,No,0.34,Medium Risk,🔒 Offer OnlineSecurity add-on
1724-IQWNM,1,19.3,Month-to-month,No internet service,No internet service,0.19,Low Risk,📧 Send re-engagement email
8217-QYOHV,5,55.75,Month-to-month,Yes,Yes,0.09,Low Risk,✅ Monitor
5546-QUERU,13,19.95,One year,No internet service,No internet service,0.0,,✅ Monitor
6897-UUBNU,29,89.65,Month-to-month,Yes,No,0.16,Low Risk,🔒 Offer OnlineSecurity add-on
6127-IYJOZ,1,45.85,Month-to-month,No,No,0.4,Medium Risk,📧 Send re-engagement email
8930-XOTDP,18,55.95,Month-to-month,No,No,0.31,Medium Risk,🔒 Offer OnlineSecurity add-on
5916-QEWPT,2,69.0,Month-to-month,No,No,0.23,Low Risk,📧 Send re-engagement email
5060-TQUQN,30,83.55,Month-to-month,Yes,No,0.07,Low Risk,🔒 Offer OnlineSecurity add-on
0531-XBKMM,66,65.7,Two year,Yes,Yes,0.0,,✅ Monitor
8465-SBRXP,38,94.9,Two year,Yes,No,0.03,Low Risk,🔒 Offer OnlineSecurity add-on
2408-PSJVE,44,61.9,Month-to-month,Yes,No,0.11,Low Risk,🔒 Offer OnlineSecurity add-on
9700-ZCLOT,2,20.0,Month-to-month,No internet service,No internet service,0.12,Low Risk,📧 Send re-engagement email
8738-JOKAR,42,67.7,One year,Yes,Yes,0.03,Low Risk,✅ Monitor
4534-WGCIR,58,25.15,Two year,No internet service,No internet service,0.0,,✅ Monitor
1930-WNXSB,58,92.85,Month-to-month,No,No,0.13,Low Risk,🎯 Assign dedicated support agent
3508-CFVZL,71,111.3,Two year,Yes,Yes,0.02,Low Risk,✅ Monitor
0657-DOGUM,48,60.6,One year,Yes,Yes,0.01,Low Risk,✅ Monitor
8792-AOROI,8,65.5,Two year,Yes,Yes,0.0,,✅ Monitor
5146-YYFRZ,67,19.95,Two year,No internet service,No internet service,0.0,,✅ Monitor
3452-SRFEG,49,74.6,Month-to-month,No,No,0.08,Low Risk,🔒 Offer OnlineSecurity add-on
4070-OKWVH,52,94.6,Month-to-month,No,No,0.09,Low Risk,🎯 Assign dedicated support agent
5297-MDOIR,63,81.15,One year,No,Yes,0.02,Low Risk,🎯 Assign dedicated support agent
6369-MCAKO,68,89.05,Two year,Yes,Yes,0.0,,✅ Monitor
4926-UMJZD,31,49.2,Month-to-month,Yes,No,0.02,Low Risk,🔒 Offer OnlineSecurity add-on
6848-HJTXY,64,19.45,Two year,No internet service,No internet service,0.0,,✅ Monitor
6341-AEVKX,62,104.3,One year,Yes,Yes,0.1,Low Risk,✅ Monitor
0682-USIXD,21,86.05,Month-to-month,Yes,No,0.33,Medium Risk,🔒 Offer OnlineSecurity add-on
6976-BWGLQ,72,25.2,Two year,No internet service,No internet service,0.0,,✅ Monitor
7078-NVFAM,32,35.15,Month-to-month,No,Yes,0.09,Low Risk,💰 Offer annual plan discount
8065-QBYTO,71,99.65,One year,Yes,Yes,0.02,Low Risk,✅ Monitor
2133-TSRRM,34,105.35,Month-to-month,No,Yes,0.1,Low Risk,🎯 Assign dedicated support agent
2511-ALLCS,35,24.3,Two year,No internet service,No internet service,0.0,,✅ Monitor
3191-CSNMG,3,80.7,Month-to-month,No,No,0.22,Low Risk,📧 Send re-engagement email
7952-OBOYL,3,89.85,Month-to-month,Yes,No,0.83,High Risk,📧 Send re-engagement email
7470-DYNOE,53,61.1,One year,No,No,0.04,Low Risk,🔒 Offer OnlineSecurity add-on
7853-OETYL,4,29.05,Month-to-month,No,Yes,0.08,Low Risk,✅ Monitor
1545-ACTAS,48,99.7,One year,No,Yes,0.14,Low Risk,🎯 Assign dedicated support agent
5126-RCXYW,54,46.0,Two year,Yes,No,0.02,Low Risk,🔒 Offer OnlineSecurity add-on
2363-BJLSL,62,80.4,Month-to-month,Yes,No,0.01,Low Risk,🔒 Offer OnlineSecurity add-on
1956-YIFGE,22,100.05,One year,No,No,0.43,Medium Risk,🎯 Assign dedicated support agent
7921-LMDFQ,51,94.0,One year,No,No,0.06,Low Risk,🎯 Assign dedicated support agent
2925-MXLSX,30,68.95,One year,No,No,0.03,Low Risk,🔒 Offer OnlineSecurity add-on
5820-PTRYM,56,68.45,One year,Yes,Yes,0.06,Low Risk,✅ Monitor
9609-BENEA,35,69.0,One year,Yes,No,0.05,Low Risk,🔒 Offer OnlineSecurity add-on
6211-WHMYA,64,43.85,Month-to-month,Yes,No,0.07,Low Risk,🔒 Offer OnlineSecurity add-on
4459-BBGHE,30,44.5,Month-to-month,No,No,0.11,Low Risk,🔒 Offer OnlineSecurity add-on
9945-PSVIP,25,18.7,Two year,No internet service,No internet service,0.02,Low Risk,✅ Monitor
9108-EJFJP,1,53.55,Month-to-month,No,Yes,0.14,Low Risk,📧 Send re-engagement email
0530-IJVDB,70,114.6,Two year,Yes,Yes,0.02,Low Risk,✅ Monitor
0508-SQWPL,57,20.1,Two year,No internet service,No internet service,0.0,,✅ Monitor
2215-ZAFGX,9,85.5,Month-to-month,No,No,0.29,Low Risk,🎯 Assign dedicated support agent
8213-TAZPM,69,108.75,One year,Yes,No,0.04,Low Risk,🔒 Offer OnlineSecurity add-on
1304-SEGFY,72,97.85,Two year,No,No,0.09,Low Risk,🎯 Assign dedicated support agent
7242-EDTYC,44,19.55,Two year,No internet service,No internet service,0.03,Low Risk,✅ Monitor
2904-GGUAZ,72,84.05,Two year,No,Yes,0.0,,🎯 Assign dedicated support agent
5136-GFPMB,54,89.4,Month-to-month,No,No,0.28,Low Risk,🎯 Assign dedicated support agent
2595-KIWPV,27,19.7,Two year,No internet service,No internet service,0.0,,✅ Monitor
5243-SAOTC,54,79.85,Month-to-month,No,No,0.09,Low Risk,🔒 Offer OnlineSecurity add-on
9398-MMQTO,3,74.45,Month-to-month,No,No,0.08,Low Risk,📧 Send re-engagement email
7619-PLRLP,53,74.1,One year,No,Yes,0.02,Low Risk,✅ Monitor
6508-NJYRO,15,18.8,One year,No internet service,No internet service,0.0,,✅ Monitor
4710-NKCAW,5,64.4,Month-to-month,Yes,Yes,0.08,Low Risk,✅ Monitor
5306-BVTKJ,48,55.8,One year,No,No,0.0,,🔒 Offer OnlineSecurity add-on
0357-NVCRI,25,20.05,Month-to-month,No internet service,No internet service,0.03,Low Risk,💰 Offer annual plan discount
2371-KFUOG,58,99.15,One year,No,Yes,0.07,Low Risk,🎯 Assign dedicated support agent
0463-ZSDNT,10,56.75,Month-to-month,No,No,0.09,Low Risk,🔒 Offer OnlineSecurity add-on
6257-DTAYD,71,104.15,Two year,Yes,No,0.12,Low Risk,🔒 Offer OnlineSecurity add-on
4616-ULAOA,65,110.8,Two year,Yes,No,0.01,Low Risk,🔒 Offer OnlineSecurity add-on
7746-AWNQW,28,35.75,Month-to-month,Yes,No,0.01,Low Risk,🔒 Offer OnlineSecurity add-on
5996-EBTKM,67,69.9,Two year,Yes,No,0.03,Low Risk,🔒 Offer OnlineSecurity add-on
2758-RNWXS,35,89.2,One year,Yes,Yes,0.16,Low Risk,✅ Monitor
2314-TNDJQ,72,55.65,Two year,Yes,Yes,0.0,,✅ Monitor
2405-LBMUW,61,50.7,One year,Yes,Yes,0.03,Low Risk,✅ Monitor
3454-JFUBC,68,20.0,Two year,No internet service,No internet service,0.0,,✅ Monitor
9039-ZVJDC,3,19.1,Month-to-month,No internet service,No internet service,0.07,Low Risk,📧 Send re-engagement email
9013-AQORL,48,45.55,Month-to-month,No,No,0.31,Medium Risk,🔒 Offer OnlineSecurity add-on
2898-MRKPI,68,101.05,One year,No,No,0.08,Low Risk,🎯 Assign dedicated support agent
2750-BJLSB,47,103.7,One year,Yes,Yes,0.37,Medium Risk,✅ Monitor
3648-GZPHF,32,36.25,One year,Yes,No,0.04,Low Risk,🔒 Offer OnlineSecurity add-on
2075-RMJIK,5,49.4,Month-to-month,No,Yes,0.1,Low Risk,✅ Monitor
9588-YRFHY,49,19.9,Two year,No internet service,No internet service,0.01,Low Risk,✅ Monitor
9364-YKUVW,15,19.8,Month-to-month,No internet service,No internet service,0.24,Low Risk,💰 Offer annual plan discount
5392-AKEMH,12,45.05,Month-to-month,No,No,0.16,Low Risk,🔒 Offer OnlineSecurity add-on
2451-YMUXS,67,64.55,Two year,Yes,Yes,0.03,Low Risk,✅ Monitor
3914-FDRHP,9,86.25,Month-to-month,Yes,No,0.21,Low Risk,🔒 Offer OnlineSecurity add-on
3078-ZKNTS,13,19.75,Two year,No internet service,No internet service,0.05,Low Risk,✅ Monitor
1024-KPRBB,38,89.1,One year,No,No,0.1,Low Risk,🎯 Assign dedicated support agent
4690-PKDQG,42,95.55,Month-to-month,No,No,0.13,Low Risk,🎯 Assign dedicated support agent
9547-ITEFG,9,102.6,Month-to-month,No,No,0.33,Medium Risk,🎯 Assign dedicated support agent
1264-FUHCX,49,56.3,One year,Yes,No,0.17,Low Risk,🔒 Offer OnlineSecurity add-on
7789-CRUVC,61,94.2,Month-to-month,Yes,Yes,0.11,Low Risk,💰 Offer annual plan discount
6598-KELSS,50,43.05,One year,No,Yes,0.03,Low Risk,✅ Monitor
9972-VAFJJ,53,94.0,One year,Yes,No,0.09,Low Risk,🔒 Offer OnlineSecurity add-on
0422-UXFAP,51,98.85,One year,No,No,0.19,Low Risk,🎯 Assign dedicated support agent
1904-WAJAA,24,64.35,Two year,No,Yes,0.02,Low Risk,✅ Monitor
5130-YPIRV,62,72.0,Two year,No,Yes,0.0,,✅ Monitor
2843-CQMEG,24,49.7,Month-to-month,No,No,0.07,Low Risk,🔒 Offer OnlineSecurity add-on
6439-PKTRR,70,80.7,Two year,Yes,Yes,0.0,,✅ Monitor
5351-QESIO,1,24.2,Month-to-month,No,No,0.31,Medium Risk,📧 Send re-engagement email
5568-DMXZS,8,65.45,Month-to-month,Yes,No,0.05,Low Risk,🔒 Offer OnlineSecurity add-on
8468-FZTOE,72,74.35,Two year,Yes,Yes,0.0,,✅ Monitor
6633-SYEUS,23,83.2,Month-to-month,Yes,No,0.09,Low Risk,🔒 Offer OnlineSecurity add-on
6447-GORXK,31,25.0,Month-to-month,No,No,0.06,Low Risk,🔒 Offer OnlineSecurity add-on
6967-PEJLL,37,40.2,One year,Yes,Yes,0.09,Low Risk,✅ Monitor
5981-ZVXOT,35,108.35,One year,No,Yes,0.14,Low Risk,🎯 Assign dedicated support agent
1684-FLBGS,23,69.5,Month-to-month,Yes,No,0.04,Low Risk,🔒 Offer OnlineSecurity add-on
1389-WNUIB,20,76.0,One year,No,Yes,0.03,Low Risk,✅ Monitor
0376-OIWME,36,93.6,Month-to-month,No,Yes,0.14,Low Risk,🎯 Assign dedicated support agent
0218-QNVAS,71,100.55,One year,No,No,0.05,Low Risk,🎯 Assign dedicated support agent
0804-YGEQV,43,24.45,One year,No internet service,No internet service,0.0,,✅ Monitor
7164-BPTUT,57,89.55,Two year,Yes,Yes,0.0,,✅ Monitor
2523-EWWZL,27,76.1,Month-to-month,No,No,0.11,Low Risk,🔒 Offer OnlineSecurity add-on
0928-XUTSN,13,80.5,Month-to-month,No,No,0.14,Low Risk,🎯 Assign dedicated support agent
0052-YNYOT,67,20.55,One year,No internet service,No internet service,0.03,Low Risk,✅ Monitor
9586-JGQKH,64,105.4,Two year,Yes,No,0.02,Low Risk,🔒 Offer OnlineSecurity add-on
4501-VCPFK,26,35.75,Month-to-month,Yes,No,0.03,Low Risk,🔒 Offer OnlineSecurity add-on
6075-SLNIL,38,95.1,Month-to-month,No,No,0.19,Low Risk,🎯 Assign dedicated support agent
9347-AERRL,23,19.3,One year,No internet service,No internet service,0.0,,✅ Monitor
2274-XUATA,72,63.1,Two year,Yes,Yes,0.0,,✅ Monitor
6691-CCIHA,62,84.95,Two year,Yes,Yes,0.01,Low Risk,✅ Monitor
1685-BQULA,40,93.4,Month-to-month,No,No,0.17,Low Risk,🎯 Assign dedicated support agent
9053-EJUNL,41,89.2,Month-to-month,No,No,0.1,Low Risk,🎯 Assign dedicated support agent
0666-UXTJO,34,85.2,Month-to-month,No,No,0.11,Low Risk,🎯 Assign dedicated support agent
1471-GIQKQ,1,49.95,Month-to-month,No,No,0.28,Low Risk,📧 Send re-engagement email
4807-IZYOZ,51,20.65,Two year,No internet service,No internet service,0.02,Low Risk,✅ Monitor
9710-NJERN,39,20.15,Two year,No internet service,No internet service,0.0,,✅ Monitor
9837-FWLCH,12,19.2,Month-to-month,No internet service,No internet service,0.07,Low Risk,✅ Monitor
7203-OYKCT,72,104.95,One year,No,No,0.04,Low Risk,🎯 Assign dedicated support agent
1035-IPQPU,63,103.5,Month-to-month,No,No,0.26,Low Risk,🎯 Assign dedicated support agent
7398-LXGYX,44,84.8,Month-to-month,No,Yes,0.24,Low Risk,🎯 Assign dedicated support agent
2823-LKABH,18,95.05,Month-to-month,Yes,No,0.1,Low Risk,🔒 Offer OnlineSecurity add-on
0550-DCXLH,13,73.35,Month-to-month,Yes,No,0.06,Low Risk,🔒 Offer OnlineSecurity add-on
9281-CEDRU,68,64.1,Two year,Yes,No,0.02,Low Risk,🔒 Offer OnlineSecurity add-on
2235-DWLJU,6,44.4,Month-to-month,No,No,0.24,Low Risk,🔒 Offer OnlineSecurity add-on
0871-OPBXW,2,20.05,Month-to-month,No internet service,No internet service,0.01,Low Risk,📧 Send re-engagement email
3605-JISKB,55,60.0,One year,No,Yes,0.07,Low Risk,✅ Monitor
9767-FFLEM,38,69.5,Month-to-month,No,No,0.32,Medium Risk,🔒 Offer OnlineSecurity add-on
8456-QDAVC,19,78.7,Month-to-month,No,No,0.15,Low Risk,🔒 Offer OnlineSecurity add-on
7750-EYXWZ,12,60.65,One year,Yes,No,0.11,Low Risk,🔒 Offer OnlineSecurity add-on
2569-WGERO,72,21.15,Two year,No internet service,No internet service,0.0,,✅ Monitor
6840-RESVB,24,84.8,One year,Yes,Yes,0.02,Low Risk,✅ Monitor
2234-XADUH,72,103.2,One year,No,No,0.06,Low Risk,🎯 Assign dedicated support agent
4801-JZAZL,11,29.6,Month-to-month,No,Yes,0.03,Low Risk,✅ Monitor
3186-AJIEK,66,105.65,Two year,Yes,Yes,0.14,Low Risk,✅ Monitor
